subgroup,pollster,sponsors,startdate,enddate,samplesize,population,weight,influence,tracking,dem,rep,net,adjusted_dem,adjusted_rep,adjusted_net,url,createddate,timestamp,modeldate,multiversions,partisan,poll_id,question_id,date
All polls,Noble Predictive Insights,Center Square,8/12/2026,8/16/2026,2533, RV,1.45417,0.9736329,,47,42,5,47.90721,41.92797,5.97924,https://www.thecentersquare.com/polls/,8/24/2026,07:00:56 11 Sep 2026,9/11/2026,,,901748,9017482,11sep2026
All polls,Emerson College,,8/16/2026,8/17/2026,1000, LV,1.207191,0.8446887,,50.7,43,7.700001,50.57745,43.6102,6.967251,https://emersoncollegepolling.com/august-2026-national-poll/,8/20/2026,07:00:56 11 Sep 2026,9/11/2026,,,901741,9017413,11sep2026
All polls,Cygnal,,8/6/2026,8/7/2026,1500, LV,1.476649,0.8082437,,48.8,41.9,6.899998,47.84817,40.0862,7.761971,https://www.cygn.al/wp-content/uploads/2026/08/24265-Cygnal-National-Aug26-NVT-Deck-Public.pdf,8/14/2026,07:00:56 11 Sep 2026,9/11/2026,,,901722,9017221,11sep2026
All polls,Echelon Insights,,8/13/2026,8/17/2026,1002, LV,1.14523,0.7578116,,50,45,5,48.86123,42.55793,6.303299,https://echeloninsights.com/hubfs/_Media%20for%20Insights%20Blog/August%202026%20Voter%20Omnibus%20Topline%20-%20External.pdf,8/19/2026,07:00:56 11 Sep 2026,9/11/2026,,,901737,9017373,11sep2026
All polls,Focaldata,Financial Times,8/28/2026,9/2/2026,1837, LV,0.7970331,0.7219366,,52,45,7,51.10418,44.3021,6.802078,https://www.focaldata.com/blog/trump-approval-hits-record-low-as-democrats-extend-house-lead,9/7/2026,07:00:56 11 Sep 2026,9/11/2026,,,901793,9017936,11sep2026
All polls,Angus Reid Global,,8/8/2026,8/11/2026,1525, A,1.128006,0.6904247,,45,36,9,45.7379,37.27229,8.465611,https://angusreid.us/congressional-generic-ballot-democrats-lead-53-43/,8/27/2026,07:00:56 11 Sep 2026,9/11/2026,,,901768,9017682,11sep2026
All polls,HarrisX,Harvard CAPS,8/26/2026,8/28/2026,, LV,0.7697828,0.6468719,,49,51,-2,47.75582,46.8623,0.8935204,https://harvardharrispoll.com/assets/uploads/2026/08/HHP_Aug2026_KeyResults.pdf,9/3/2026,07:00:56 11 Sep 2026,9/11/2026,,,901786,9017866,11sep2026
All polls,University of Massachusetts Department of Political Science/YouGov,,8/21/2026,8/26/2026,1000, A,0.7726432,0.62833,,42,34,8,43.30955,35.59265,7.7169,https://www.umass.edu/poll/about/reports/2026-09-national-public-opinion-poll-0#toc-toplines,9/4/2026,07:00:56 11 Sep 2026,9/11/2026,,,901789,9017892,11sep2026
All polls,Quantus Insights,,8/26/2026,8/28/2026,1200, LV,0.7433661,0.6264942,,49.7,42.8,6.900002,49.94689,42.43164,7.515251,https://quantusinsights.org/polling/f/new-survey-democrats-hold-the-midterm-advantage,8/31/2026,07:00:56 11 Sep 2026,9/11/2026,,,901775,9017752,11sep2026
All polls,Wave Polling,,8/7/2026,8/11/2026,1591, RV,0.9430873,0.5636905,,50,43,7,49.56055,42.64685,6.9137,https://wavepolling.com/results/2026-08-17-economic-costs-deportations/,9/1/2026,07:00:56 11 Sep 2026,9/11/2026,,,901776,9017762,11sep2026
All polls,The Bullfinch Group,,8/14/2026,8/17/2026,1000, RV,0.709769,0.4835883,,42,37,5,44.54215,40.65187,3.890278,https://www.thebullfinchgroup.com/post/public-release-of-bullfinch-q3-nationwide-survey-4,8/19/2026,07:00:56 11 Sep 2026,9/11/2026,,,901736,9017366,11sep2026
All polls,John Zogby Strategies,,8/4/2026,8/5/2026,1000, LV,0.9070156,0.4700175,,50.6,39.6,11,50.34561,39.31903,11.02658,https://johnzogbystrategies.com/lowest-trump-approval-ratings-maga-numbers-spell-major-trouble-for-midterm-prospects/,8/11/2026,07:00:56 11 Sep 2026,9/11/2026,,,901715,9017152,11sep2026
All polls,Verasight,Strength in Numbers,8/14/2026,8/19/2026,1378, RV,0.6644111,0.4526999,,49,43,6,47.22137,42.95619,4.265182,https://www.gelliottmorris.com/p/2026-08-25-august-strength-in-numbers-verasight-poll-release,8/26/2026,07:00:56 11 Sep 2026,9/11/2026,,,901765,9017654,11sep2026
All polls,Marquette University Law School,,7/22/2026,7/29/2026,572, LV,1.181704,0.4517851,,51,45,6,48.68927,43.28572,5.403549,https://law.marquette.edu/assets/community/poll/MLSPSC34/MLSPSC34Toplines_NationalItems.html#iran-war-cost,8/7/2026,07:00:56 11 Sep 2026,9/11/2026,,,901706,9017066,11sep2026
All polls,YouGov,Economist,9/4/2026,9/8/2026,1019, LV,0.416396,0.416396,,49,38,11,51.28513,39.61829,11.66684,https://d3nkl3psvxxpe9.cloudfront.net/documents/econTabReport_SlcWdVd.pdf,9/9/2026,07:00:56 11 Sep 2026,9/11/2026,,,901798,9017984,11sep2026
All polls,Ipsos,Reuters,8/28/2026,8/31/2026,924, RV,0.4579818,0.4057491,,43,38,5,47.97962,41.42958,6.550041,https://www.ipsos.com/en-us/cost-living-remains-top-mind-voters-heading-2026-midterms,9/1/2026,07:00:56 11 Sep 2026,9/11/2026,,,901778,9017785,11sep2026
All polls,McLaughlin & Associates,,8/14/2026,8/24/2026,1000, LV,0.5605385,0.3984343,,48,43,5,49.55112,41.26334,8.287781,https://mclaughlinonline.com/pols/wp-content/uploads/2026/08/National-August-Presentation-RELEASE.pdf,8/26/2026,07:00:56 11 Sep 2026,9/11/2026,,,901766,9017661,11sep2026
All polls,The Argument/Verasight,,7/20/2026,7/26/2026,3000, RV,1.190796,0.3977258,,54,46,8,50.78885,42.69991,8.08894,https://www.theargumentmag.com/p/americans-know-who-the-real-elite,7/29/2026,07:00:56 11 Sep 2026,9/11/2026,,,901684,9016842,11sep2026
All polls,Beacon Research/Shaw & Company Research,FOX News,7/17/2026,7/20/2026,1003, RV,1.140426,0.3830236,,53,46,7,50.98264,44.55886,6.423779,https://www.foxnews.com/politics/fox-news-poll-voters-want-major-change-amid-economic-political-discontent,7/23/2026,07:00:56 11 Sep 2026,9/11/2026,,,901663,9016632,11sep2026
All polls,Focaldata,Financial Times,8/7/2026,8/11/2026,1857, LV,0.6821086,0.3808522,,51,45,6,50.10418,44.3021,5.802078,https://www.focaldata.com/blog/democrats-maintain-lead-three-months-out-from-midterms,8/16/2026,07:00:56 11 Sep 2026,9/11/2026,,,901724,9017246,11sep2026
All polls,Pew Research Center,,7/6/2026,7/12/2026,2779, RV,1.36022,0.3758881,,43,37,6,44.38849,38.2686,6.119888,https://www.pewresearch.org/politics/2026/07/23/as-the-2026-midterms-approach-economy-is-front-and-center/,7/23/2026,07:00:56 11 Sep 2026,9/11/2026,,,901668,9016683,11sep2026
All polls,RMG Research,Napolitan News Service,7/28/2026,8/4/2026,2000, RV,0.8060586,0.359473,,47,45,2,47.56664,42.56454,5.002098,https://napolitannews.org/posts/dems-continue-to-lead-on-generic-ballot-strong-enthusiasm-edge,8/11/2026,07:00:56 11 Sep 2026,9/11/2026,,,901712,9017121,11sep2026
All polls,Morning Consult,,8/31/2026,9/6/2026,29427, RV,0.3688752,0.3494415,,46.3,42.2,4.099998,48.34683,41.81448,6.532349,https://intel.morningconsult.com/mc-content/trackers/2026-midterm-election-generic-ballot-polls,9/8/2026,07:00:56 11 Sep 2026,9/11/2026,,,901794,9017941,11sep2026
All polls,Emerson College,,7/19/2026,7/20/2026,1000, LV,1.130601,0.3484091,,52.9,41.5,11.4,52.77745,42.1102,10.66725,https://emersoncollegepolling.com/july-2026-national-poll-democrats-with-11-point-generic-ballot-advantage/,7/23/2026,07:00:56 11 Sep 2026,9/11/2026,,,901662,9016622,11sep2026
All polls,YouGov,Bowling Green State University,8/25/2026,9/1/2026,1200, LV,0.3798093,0.3299323,,51,44,7,53.28513,45.61829,7.66684,https://scholarworks.bgsu.edu/cgi/viewcontent.cgi?article=1024&context=depo,9/10/2026,07:00:56 11 Sep 2026,9/11/2026,,,901801,9018012,11sep2026
All polls,AlphaROC,Independent Center,8/8/2026,8/10/2026,1000, A,0.5614492,0.3205789,,41,37.3,3.700001,43.44714,39.18417,4.26297,https://independentcentervoice.com/insights/august-2026-national-survey-on-independent-candidates-and-the-2026-midterms-wave-3,8/14/2026,07:00:56 11 Sep 2026,9/11/2026,,,901723,9017232,11sep2026
All polls,Quinnipiac University,,7/23/2026,7/27/2026,963, RV,0.9042002,0.3184413,,48,41,7,47.08095,41.54009,5.540863,https://poll.qu.edu/poll-release?releaseid=3964,7/29/2026,07:00:56 11 Sep 2026,9/11/2026,,,901686,9016863,11sep2026
All polls,Ipsos,Reuters,8/21/2026,8/24/2026,951, RV,0.4097175,0.3171215,,41,35,6,45.97962,38.42958,7.550041,https://www.ipsos.com/en-us/americans-continue-expect-extended-us-military-involvement-iran,8/25/2026,07:00:56 11 Sep 2026,9/11/2026,,,901762,9017625,11sep2026
All polls,Clarity Campaign Labs,,7/17/2026,7/22/2026,1000, LV,0.9570835,0.3020375,,52,42,10,50.57497,41.02549,9.54948,https://www.claritycampaigns.com/clarity-omnibus-2026-july,7/29/2026,07:00:56 11 Sep 2026,9/11/2026,,,901687,9016873,11sep2026
All polls,YouGov,Economist,8/28/2026,8/31/2026,1437, RV,0.3398312,0.3007845,,46,40,6,48.28513,41.61829,6.66684,https://d3nkl3psvxxpe9.cloudfront.net/documents/econTabReport_yVe1kKt.pdf,9/1/2026,07:00:56 11 Sep 2026,9/11/2026,,,901777,9017774,11sep2026
All polls,GBAO,Third Way,7/15/2026,7/20/2026,1000, RV,0.9010341,0.2900966,,46,38,8,46.10319,38.82179,7.281403,https://www.thirdway.org/polling/proceed-with-caution-what-voters-want-from-technology-regulation,9/9/2026,07:00:56 11 Sep 2026,9/11/2026,,,901799,9017991,11sep2026
All polls,Quantus Insights,,8/3/2026,8/4/2026,1048, LV,0.6053098,0.2840164,,49,42.6,6.400002,49.24689,42.23164,7.015251,https://quantusinsights.org/polling/f/latest-survey-democrats-hold-the-midterm-edge,8/7/2026,07:00:56 11 Sep 2026,9/11/2026,,,901707,9017072,11sep2026
All polls,J.L. Partners,Daily Mail,7/17/2026,7/20/2026,626, LV,0.8480929,0.2812106,,50,41,9,50.04594,42.08558,7.960361,https://www.dailymail.com/news/us-politics/article-15991575/americans-brutal-verdict-trump-iran-war.html,7/23/2026,07:00:56 11 Sep 2026,9/11/2026,,,901665,9016652,11sep2026
All polls,Survey160,,7/14/2026,7/20/2026,1518, RV,0.8615363,0.2664701,,48,38,10,48.17752,40.10238,8.075142,https://www.survey160.com/methodological-research-blog/july-2026-survey-160-tracking-poll,8/12/2026,07:00:56 11 Sep 2026,9/11/2026,,,901720,9017203,11sep2026
All polls,Hart Research Associates/Public Opinion Strategies,CNBC,7/8/2026,7/12/2026,1000, RV,1.003145,0.2635934,,49,45,4,47.65081,43.37066,4.280151,https://www.cnbc.com/2026/07/17/democratic-socialists-top-maga-candidates-all-america-poll.html,7/17/2026,07:00:56 11 Sep 2026,9/11/2026,,,901645,9016452,11sep2026
All polls,CNN/SSRS,,7/23/2026,7/27/2026,914, RV,0.7117869,0.2533615,,47,39,8,46.79689,38.75687,8.04002,https://www.cnn.com/2026/07/30/politics/cnn-poll-midterm-generic-ballot-democrats-republicans-change,7/30/2026,07:00:56 11 Sep 2026,9/11/2026,,,901685,9016853,11sep2026
All polls,Cygnal,,6/30/2026,7/1/2026,1500, LV,1.311597,0.2523161,,49.9,43.8,6.100002,48.94817,41.9862,6.961971,https://www.cygn.al/wp-content/uploads/2026/07/24136-Cygnal-National-Jul-26-NVT-Deck-Public-1.pdf,7/8/2026,07:00:56 11 Sep 2026,9/11/2026,,,901621,9016211,11sep2026
All polls,Morning Consult,,8/24/2026,8/30/2026,28429, RV,0.2972011,0.245826,,47.1,42.3,4.799999,49.14683,41.91447,7.232361,https://drive.google.com/file/d/1mz53nbxVmkDaSt2l6gfcGff3hiOikKPJ/view,9/1/2026,07:00:56 11 Sep 2026,9/11/2026,,,901781,9017811,11sep2026
All polls,Ipsos,Reuters,8/14/2026,8/17/2026,876, RV,0.3662186,0.2420315,,41,36,5,45.97962,39.42958,6.550041,https://www.ipsos.com/en-us/reutersipsos-august-2026-poll-0,8/18/2026,07:00:56 11 Sep 2026,9/11/2026,,,901733,9017335,11sep2026
All polls,Zogby Analytics,,7/1/2026,7/4/2026,1003, LV,1.01932,0.2412219,,41.5,36.4,5.099998,43.13722,37.71227,5.42495,https://zogbyanalytics.com/images/ZA070626/Crosstabs%20Zogby%20Likely%20Voters%20070626.pdf,7/12/2026,07:00:56 11 Sep 2026,9/11/2026,,,901629,9016292,11sep2026
All polls,Manhattan Institute,,7/1/2026,7/6/2026,1221, LV,0.9914868,0.2411944,,47,43,4,47.1495,42.50177,4.647732,https://manhattan.institute/article/american-attitudes-on-welfare-waste-crime-and-the-political-environment,7/27/2026,07:00:56 11 Sep 2026,9/11/2026,,,901676,9016762,11sep2026
All polls,Ipsos,Reuters,7/29/2026,8/3/2026,3542, RV,0.5763145,0.2379356,,42,37,5,46.97962,40.42958,6.550041,https://www.ipsos.com/en-us/reutersipsos-august-2026-poll,8/4/2026,07:00:56 11 Sep 2026,9/11/2026,,,901701,9017014,11sep2026
All polls,Echelon Insights,,7/9/2026,7/13/2026,1004, LV,0.9571105,0.2366724,,50,44,6,48.86123,41.55793,7.303299,https://echeloninsights.com/hubfs/_Media%20for%20Insights%20Blog/July%202026%20Voter%20Omnibus%20Topline%20-%20External.pdf,7/15/2026,07:00:56 11 Sep 2026,9/11/2026,,,901636,9016362,11sep2026
All polls,YouGov,Economist,8/21/2026,8/24/2026,1379, RV,0.3048246,0.2347949,,46,40,6,48.28513,41.61829,6.66684,https://d3nkl3psvxxpe9.cloudfront.net/documents/econTabReport_v7iliA1.pdf,8/25/2026,07:00:56 11 Sep 2026,9/11/2026,,,901761,9017616,11sep2026
All polls,Rasmussen Reports,,6/24/2026,7/1/2026,2224, LV,1.212513,0.220429,,46,42,4,47.09352,41.86619,5.227329,https://www.rasmussenreports.com/public_content/politics/mood_of_america/generic_congressional_ballot_july07?utm_campaign=RR07072026DN&utm_source=criticalimpact&utm_medium=email,7/8/2026,07:00:56 11 Sep 2026,9/11/2026,,REP,901620,9016201,11sep2026
All polls,Talker Research,Scripps News,6/25/2026,7/2/2026,2000, RV,0.9773859,0.2021439,,48,39,9,48.87857,40.48224,8.396332,https://www.scrippsnews.com/politics/scripps-news-poll-americans-excited-to-celebrate-july-4-but-divided-on-trumps-role,7/3/2026,07:00:56 11 Sep 2026,9/11/2026,,,901606,9016062,11sep2026
All polls,RMG Research,Napolitan News Service,7/13/2026,7/14/2026,2000, RV,0.7569768,0.1971637,,47,45,2,47.56664,42.56454,5.002098,https://napolitannews.org/posts/generic-ballot-dem-47-percent-gop-45-dems-still-have-healthy-enthusiasm-edge,7/15/2026,07:00:56 11 Sep 2026,9/11/2026,,,901638,9016381,11sep2026
All polls,YouGov,Economist,8/14/2026,8/17/2026,1450, RV,0.2888661,0.1891449,,46,39,7,48.28513,40.61829,7.66684,https://d3nkl3psvxxpe9.cloudfront.net/documents/econTabReport_ZMy1Zxu.pdf,8/18/2026,07:00:56 11 Sep 2026,9/11/2026,,,901729,9017294,11sep2026
All polls,Morning Consult,,8/17/2026,8/23/2026,30732, RV,0.2633893,0.1867034,,46.3,42.7,3.599998,48.34683,42.31448,6.032349,https://drive.google.com/file/d/1mz53nbxVmkDaSt2l6gfcGff3hiOikKPJ/view,9/1/2026,07:00:56 11 Sep 2026,9/11/2026,,,901780,9017801,11sep2026
All polls,Change Research,,7/13/2026,7/17/2026,2006, RV,0.670154,0.177643,,46,38,8,47.43171,38.5446,8.887108,https://portal.changeresearch.com/portal/projects/0bc92362-5cbd-4cb3-9ec4-8690c0780aad,7/23/2026,07:00:56 11 Sep 2026,9/11/2026,,,901667,9016672,11sep2026
All polls,J.L. Partners,Daily Mail,6/24/2026,6/26/2026,625, LV,0.857477,0.1511964,,50,42,8,50.04594,43.08558,6.960361,https://www.dailymail.com/news/article-15945873/The-scorching-midterm-election-poll-shows-blue-wave-cresting-Republicans.html?ico=authors_pagination_desktop,7/6/2026,07:00:56 11 Sep 2026,9/11/2026,,,901612,9016121,11sep2026
All polls,YouGov,Economist,8/7/2026,8/10/2026,1420, RV,0.2712038,0.1455928,,46,40,6,48.28513,41.61829,6.66684,https://d3nkl3psvxxpe9.cloudfront.net/documents/econTabReport_pKJG0WT.pdf,8/11/2026,07:00:56 11 Sep 2026,9/11/2026,,,901716,9017164,11sep2026
All polls,AlphaROC,Independent Center,7/13/2026,7/14/2026,1000, A,0.5013837,0.1447618,,42.1,37.3,4.799999,44.54713,39.18417,5.362961,https://independentcentervoice.com/insights/republicans-move-sharply-toward-independents-and-the-overall-market-holds,7/16/2026,07:00:56 11 Sep 2026,9/11/2026,,,901639,9016392,11sep2026
All polls,Morning Consult,,8/10/2026,8/16/2026,29685, RV,0.2312635,0.1366185,,46.2,42.3,3.900002,48.24683,41.91447,6.332359,https://pro-assets.morningconsult.com/wp-uploads/2026/08/MCPI-PI-Weekly.html,8/18/2026,07:00:56 11 Sep 2026,9/11/2026,,,901734,9017341,11sep2026
All polls,Verasight,Strength in Numbers,7/14/2026,7/17/2026,1432, RV,0.5479069,0.1353134,,50,43,7,48.22137,42.95619,5.265182,https://www.gelliottmorris.com/p/poll,7/21/2026,07:00:56 11 Sep 2026,9/11/2026,,,901660,9016604,11sep2026
All polls,Marquette University Law School,,6/9/2026,6/15/2026,827, LV,1.291198,0.129151,,53,45,8,50.68927,43.28572,7.403549,https://law.marquette.edu/poll/2026/06/24/detailed-results-of-the-marquette-law-school-supreme-court-poll-july-9-15-2026/,6/25/2026,07:00:56 11 Sep 2026,9/11/2026,,,901579,9015795,11sep2026
All polls,Focaldata,,7/14/2026,7/20/2026,2064, A,0.4949682,0.1273826,,44,36,8,43.10418,35.3021,7.802078,https://www.focaldata.com/blog/focaldata---coinbase---clarity-act-and-crypto-attitudes-poll---july-2026,8/3/2026,07:00:56 11 Sep 2026,9/11/2026,,,901698,9016981,11sep2026
All polls,Quinnipiac University,,6/18/2026,6/22/2026,1165, RV,0.9106244,0.1211251,,49,42,7,48.08095,42.54009,5.540863,https://poll.qu.edu/poll-release?releaseid=3961,6/24/2026,07:00:56 11 Sep 2026,9/11/2026,,,901581,9015813,11sep2026
All polls,AlphaROC,Independent Center,6/27/2026,6/28/2026,1000, RV,0.6399576,0.1207245,,43.1,36.5,6.599998,45.54713,38.38417,7.16296,https://independentcentervoice.com/insights/june-2026-national-survey-on-independent-candidates,7/3/2026,07:00:56 11 Sep 2026,9/11/2026,,,901605,9016052,11sep2026
All polls,HarrisX,Harvard CAPS,7/11/2026,7/12/2026,, LV,0.5067505,0.1135882,,51,49,2,49.75582,44.8623,4.89352,https://harvardharrispoll.com/assets/uploads/2026/07/July2026_HHP_TOPLINE.pdf,7/15/2026,07:00:56 11 Sep 2026,9/11/2026,,,901637,9016376,11sep2026
All polls,Quantus Insights,,7/3/2026,7/7/2026,1140, LV,0.5621887,0.1110018,,47.1,42.3,4.799999,47.34689,41.93164,5.415249,https://quantusinsights.org/polling/f/trump-approval-and-wrong-track-majority-gives-democrats-2026-edge,7/9/2026,07:00:56 11 Sep 2026,9/11/2026,,,901623,9016232,11sep2026
All polls,McLaughlin & Associates,,7/15/2026,7/21/2026,1000, LV,0.4492004,0.1106526,,46,44,2,47.55112,42.26334,5.287781,https://mclaughlinonline.com/2026/07/24/national-monthly-july-2026/,7/24/2026,07:00:56 11 Sep 2026,9/11/2026,,,901672,9016721,11sep2026
All polls,YouGov,Economist,7/31/2026,8/3/2026,1473, RV,0.2654101,0.1103458,,46,42,4,48.28513,43.61829,4.66684,https://d3nkl3psvxxpe9.cloudfront.net/documents/econTabReport_mjKhx0z.pdf,8/4/2026,07:00:56 11 Sep 2026,9/11/2026,,,901700,9017004,11sep2026
All polls,Echelon Insights,,6/18/2026,6/22/2026,1003, LV,0.869451,0.1088418,,51,45,6,49.86123,42.55793,7.303299,https://echeloninsights.com/hubfs/_Media%20for%20Insights%20Blog/Echelon%20Insights%20America%20250%20Survey%20Topline%20-%20External.pdf,6/24/2026,07:00:56 11 Sep 2026,9/11/2026,,,901578,9015782,11sep2026
All polls,Hart Research Associates/Public Opinion Strategies,NBC News,5/29/2026,6/7/2026,3000, RV,1.444144,0.1064095,,49,44,5,47.65081,42.37066,5.280151,https://www.nbcnews.com/politics/2026-election/poll-democrats-maintain-edge-fight-congress-trump-gets-poor-marks-rcna348913,6/14/2026,07:00:56 11 Sep 2026,9/11/2026,,,901548,9015484,11sep2026
All polls,Morning Consult,,8/3/2026,8/9/2026,29719, RV,0.2128835,0.1002358,,46.5,42.4,4.099998,48.54683,42.01448,6.532349,https://pro-assets.morningconsult.com/wp-uploads/2026/08/MCPI-Midterm-Ballot.html,8/18/2026,07:00:56 11 Sep 2026,9/11/2026,,,901732,9017321,11sep2026
All polls,Ipsos,Reuters,7/24/2026,7/26/2026,1003, RV,0.3488457,0.0997457,,40,38,2,44.97962,41.42958,3.550041,https://www.ipsos.com/en-us/americans-unimpressed-ideas-both-major-parties,7/28/2026,07:00:56 11 Sep 2026,9/11/2026,,,901677,9016775,11sep2026
All polls,HarrisX,2Way,7/9/2026,7/10/2026,787, LV,0.4520964,0.0971834,,51,49,2,49.75582,44.8623,4.89352,https://www.harrisx.com/content/july-2026-nato-summit-survey-findings-crosstabs,7/11/2026,07:00:56 11 Sep 2026,9/11/2026,,,901628,9016288,11sep2026
All polls,Ipsos,The Washington Post,7/8/2026,7/13/2026,2092, RV,0.4561496,0.0940559,,48,45,3,52.97962,48.42958,4.550041,https://www.washingtonpost.com/politics/2026/07/18/democrats-have-slim-lead-race-house-washington-post-ipsos-poll-finds/,7/20/2026,07:00:56 11 Sep 2026,9/11/2026,,,901640,9016404,11sep2026
All polls,Emerson College,,6/7/2026,6/8/2026,1200, LV,1.104484,0.0883764,,50.3,39.5,10.8,50.17745,40.1102,10.06725,https://emersoncollegepolling.com/june-2026/,6/11/2026,07:00:56 11 Sep 2026,9/11/2026,,,901541,9015412,11sep2026
All polls,Focaldata,Financial Times,6/26/2026,6/30/2026,1795, RV,0.5639172,0.0872275,,49,42,7,48.10418,41.3021,6.802078,https://www.focaldata.com/blog/ossoffism-and-the-gops-elite-problem,7/6/2026,07:00:56 11 Sep 2026,9/11/2026,,,901610,9016104,11sep2026
All polls,Data for Progress,,5/15/2026,6/21/2026,5809, LV,1.03428,0.0825982,,51,44,7,49.70432,43.1446,6.559719,https://www.dataforprogress.org/blog/2026/7/9/midterms-swing-voter-report-1,7/9/2026,07:00:56 11 Sep 2026,9/11/2026,,,901624,9016242,11sep2026
All polls,TIPP Insights,Issues & Insights,5/26/2026,5/28/2026,1332, RV,1.335038,0.0807295,,46,41,5,46.98748,40.82853,6.158951,https://issuesinsights.com/2026/06/15/does-either-party-have-an-edge-in-2026-midterms-and-2028-presidential-election-ii-tipp-poll/,6/15/2026,07:00:56 11 Sep 2026,9/11/2026,,,901553,9015531,11sep2026
All polls,Cygnal,,6/2/2026,6/3/2026,1500, LV,1.191922,0.0798445,,49,44,5,48.04817,42.1862,5.861969,https://www.cygn.al/news/poll-independents-arent-who-you-think-they-are-the-left-americas-250-and-who-trump-has-lost-since-the-inauguration/,6/11/2026,07:00:56 11 Sep 2026,9/11/2026,,,901540,9015401,11sep2026
All polls,The Winston Group,Winning the Issues,5/30/2026,6/2/2026,1000, RV,1.07212,0.0774875,,48,41,7,47.82973,41.12257,6.707161,https://www.winningtheissues.org/2026/06/13/may-2026-winning-the-issues-survey/,7/1/2026,07:00:56 11 Sep 2026,9/11/2026,,,901598,9015982,11sep2026
All polls,Echelon Insights,,6/11/2026,6/14/2026,1012, LV,0.867133,0.0749673,,50,44,6,48.86123,41.55793,7.303299,https://echeloninsights.com/hubfs/_Media%20for%20Insights%20Blog/June%202026%20Voter%20Omnibus%20Topline%20-%20External.pdf,6/17/2026,07:00:56 11 Sep 2026,9/11/2026,,,901559,9015593,11sep2026
All polls,YouGov,Economist,7/25/2026,7/27/2026,1407, RV,0.2562636,0.0743413,,46,42,4,48.28513,43.61829,4.66684,https://d3nkl3psvxxpe9.cloudfront.net/documents/econTabReport_0t0YpHo.pdf,7/28/2026,07:00:56 11 Sep 2026,9/11/2026,,,901678,9016786,11sep2026
All polls,Research Co.,,6/4/2026,6/6/2026,1001, A,0.8606199,0.0740207,,38,33,5,40.47804,35.38154,5.0965,https://researchco.ca/2026/06/15/uspoli-june2026/,6/15/2026,07:00:56 11 Sep 2026,9/11/2026,,,901554,9015542,11sep2026
All polls,Morning Consult,,7/27/2026,8/2/2026,29168, RV,0.1983726,0.0692507,,46.2,42.1,4.100002,48.24683,41.71447,6.53236,https://pro-assets.morningconsult.com/wp-uploads/2026/08/MCPI-Midterm-Ballot.html,8/6/2026,07:00:56 11 Sep 2026,9/11/2026,,,901705,9017051,11sep2026
All polls,YouGov,CBS News,7/22/2026,7/24/2026,1474, RV,0.2600497,0.0675151,,47,40,7,49.28513,41.61829,7.66684,https://www.cbsnews.com/news/cbs-poll-analysis-cost-of-living-democrats-republicans/,7/31/2026,07:00:56 11 Sep 2026,9/11/2026,,,901693,9016931,11sep2026
All polls,The Argument/Verasight,,5/29/2026,6/3/2026,3008, RV,1.058958,0.063313,,53,47,6,49.78885,43.69991,6.08894,https://www.theargumentmag.com/p/the-biggest-issue-in-american-politics,6/10/2026,07:00:56 11 Sep 2026,9/11/2026,,,901533,9015332,11sep2026
All polls,YouGov,Economist,7/17/2026,7/20/2026,1432, RV,0.2552922,0.0605399,,46,41,5,48.28513,42.61829,5.66684,https://d3nkl3psvxxpe9.cloudfront.net/documents/econTabReport_ESdiNMa.pdf,7/21/2026,07:00:56 11 Sep 2026,9/11/2026,,,901658,9016586,11sep2026
All polls,Verasight,Strength in Numbers,6/17/2026,6/22/2026,1896, RV,0.5281061,0.0598971,,50,43,7,48.22137,42.95619,5.265182,https://www.gelliottmorris.com/p/2026-06-24-june-strength-in-numbers-verasight-poll,6/24/2026,07:00:56 11 Sep 2026,9/11/2026,,,901580,9015804,11sep2026
All polls,Clarity Campaign Labs,,5/28/2026,6/5/2026,1045, LV,0.893236,0.0581832,,48,45,3,46.57497,44.02549,2.54948,https://www.claritycampaigns.com/clarity-omnibus-2026-may,6/13/2026,07:00:56 11 Sep 2026,9/11/2026,,,901547,9015473,11sep2026
All polls,The Bullfinch Group,Independent Center,6/12/2026,6/16/2026,1000, RV,0.584112,0.0566048,,44,36,8,46.54215,39.65187,6.890278,https://independentcentervoice.com/insights/the-local-antidote-how-stepping-away-from-national-screens-unites-americans,6/19/2026,07:00:56 11 Sep 2026,9/11/2026,,,901569,9015696,11sep2026
All polls,Marquette University Law School,,5/20/2026,5/26/2026,576, LV,1.116591,0.0557553,,49,48,1,46.68927,46.28572,0.4035492,https://law.marquette.edu/poll/2026/06/03/detailed-results-of-the-marquette-law-school-supreme-court-poll-may-20-26-2026-national-issues/,6/3/2026,07:00:56 11 Sep 2026,9/11/2026,,,901511,9015115,11sep2026
All polls,Quantus Insights,,6/16/2026,6/17/2026,1000, LV,0.5152511,0.0518284,,47,43,4,47.24689,42.63164,4.61525,https://polls.quantusinsights.org/polls/national-approval-june-17?tab=toplines,6/19/2026,07:00:56 11 Sep 2026,9/11/2026,,,901566,9015662,11sep2026
All polls,YouGov,Economist,7/10/2026,7/13/2026,1450, RV,0.2543332,0.0507299,,46,42,4,48.28513,43.61829,4.66684,https://d3nkl3psvxxpe9.cloudfront.net/documents/econTabReport_ie0SzVb.pdf,7/14/2026,07:00:56 11 Sep 2026,9/11/2026,,,901633,9016335,11sep2026
All polls,Emerson College,,5/24/2026,5/25/2026,1000, LV,1.003884,0.0498691,,49.8,41.3,8.5,49.67745,41.9102,7.76725,https://emersoncollegepolling.com/may-2026-national-poll/,5/28/2026,07:00:56 11 Sep 2026,9/11/2026,,,901495,9014952,11sep2026
All polls,Bedrock Polling,Third Way,5/20/2026,5/24/2026,1776, RV,0.9660645,0.0485588,,46,41,5,46.49539,41.15848,5.33691,https://www.thirdway.org/memo/americans-blame-the-government-for-high-health-costs-and-want-it-to-rein-in-the-industry,8/11/2026,07:00:56 11 Sep 2026,9/11/2026,,,901714,9017142,11sep2026
All polls,Morning Consult,,7/20/2026,7/26/2026,30228, RV,0.1923849,0.0480398,,45.7,42.7,3,47.74683,42.31448,5.43235,https://pro-assets.morningconsult.com/wp-uploads/2026/07/MCPI-Midterm-Ballot_260727.html,7/29/2026,07:00:56 11 Sep 2026,9/11/2026,,,901682,9016821,11sep2026
All polls,Change Research,,6/10/2026,6/17/2026,1714, RV,0.5553575,0.0434686,,43,38,5,44.43171,38.5446,5.887108,https://portal.changeresearch.com/portal/projects/92fca10b-bc07-4b9c-9d7b-f281ec087a74,7/23/2026,07:00:56 11 Sep 2026,9/11/2026,,,901666,9016662,11sep2026
All polls,RMG Research,Napolitan News Service,6/1/2026,6/4/2026,2000, RV,0.7360993,0.0427793,,49,45,4,49.56664,42.56454,7.002098,https://napolitannews.org/posts/generic-ballot-dem-49-percent-gop-45-dems-more-enthusiastic,6/5/2026,07:00:56 11 Sep 2026,9/11/2026,,,901520,9015201,11sep2026
All polls,YouGov,Economist,7/3/2026,7/6/2026,1443, RV,0.251193,0.0411744,,46,43,3,48.28513,44.61829,3.66684,https://d3nkl3psvxxpe9.cloudfront.net/documents/econTabReport_Qxo6bev.pdf,7/7/2026,07:00:56 11 Sep 2026,9/11/2026,,,901614,9016144,11sep2026
All polls,McLaughlin & Associates,,6/17/2026,6/23/2026,1000, LV,0.3891469,0.0405047,,46,43,3,47.55112,41.26334,6.287781,https://mclaughlinonline.com/pols/wp-content/uploads/2026/06/National-June-Presentation-RELEASE-June-2026.pdf,6/26/2026,07:00:56 11 Sep 2026,9/11/2026,,,901590,9015901,11sep2026
All polls,Morning Consult,,7/13/2026,7/19/2026,30070, RV,0.1831708,0.0396106,,45.7,42.7,3,47.74683,42.31448,5.43235,https://pro-assets.morningconsult.com/wp-uploads/2026/08/MCPI-PI-Weekly.html,8/24/2026,07:00:56 11 Sep 2026,9/11/2026,,,901758,9017581,11sep2026
All polls,The Bullfinch Group,Independent Center,5/29/2026,6/2/2026,1000, RV,0.587861,0.0380824,,42,36,6,44.54215,39.65187,4.890278,https://www.thebullfinchgroup.com/post/public-release-of-bullfinch-q2-nationwide-survey-4,6/4/2026,07:00:56 11 Sep 2026,9/11/2026,,,901514,9015144,11sep2026
All polls,The Rainey Center,,5/17/2026,5/18/2026,1000, LV,0.9496727,0.0376854,,45,43,2,45.74179,42.65278,3.089012,https://www.raineycenter.org/polling/data-centers-voters-are-persuadable-but-they-want-accountability-and-clean-energy,6/19/2026,07:00:56 11 Sep 2026,9/11/2026,,,901568,9015681,11sep2026
All polls,The New York Times/Siena College,,5/11/2026,5/15/2026,1507, RV,1.416832,0.036613,,50,39,11,49.40564,38.83197,10.57367,https://www.nytimes.com/interactive/2026/05/18/polls/times-siena-national-poll-toplines.html,5/18/2026,07:00:56 11 Sep 2026,9/11/2026,,,901463,9014633,11sep2026
All polls,Rasmussen Reports,,5/13/2026,5/20/2026,2161, LV,1.150586,0.0342948,,47,41,6,48.09352,40.86619,7.227329,https://www.rasmussenreports.com/public_content/politics/mood_of_america/generic_congressional_ballot_may25,6/10/2026,07:00:56 11 Sep 2026,9/11/2026,,REP,901534,9015341,11sep2026
All polls,Morning Consult,,7/6/2026,7/12/2026,30858, RV,0.1786577,0.0326895,,45.5,42.8,2.700001,47.54683,42.41447,5.132359,https://pro-assets.morningconsult.com/wp-uploads/2026/08/MCPI-PI-Weekly.html,8/24/2026,07:00:56 11 Sep 2026,9/11/2026,,,901749,9017491,11sep2026
All polls,Quantus Insights,,6/1/2026,6/2/2026,1050, LV,0.5464861,0.0325686,,47,42.3,4.700001,47.24689,41.93164,5.31525,https://quantusinsights.org/f/quantus-insights-trump-underwater-democrats-hold-edge,6/4/2026,07:00:56 11 Sep 2026,9/11/2026,,,901513,9015132,11sep2026
All polls,YouGov,Economist,6/26/2026,6/29/2026,1428, RV,0.2461068,0.0320645,,45,42,3,47.28513,43.61829,3.66684,https://d3nkl3psvxxpe9.cloudfront.net/documents/econTabReport_1tbbxVr.pdf,6/30/2026,07:00:56 11 Sep 2026,9/11/2026,,,901596,9015966,11sep2026
All polls,Ipsos,Reuters,6/18/2026,6/22/2026,978, RV,0.3207625,0.0319447,,41,36,5,45.97962,39.42958,6.550041,https://www.ipsos.com/en-us/few-expect-us-iran-preliminary-agreement-bring-lasting-peace,6/24/2026,07:00:56 11 Sep 2026,9/11/2026,,,901577,9015774,11sep2026
All polls,Ipsos,Reuters,6/3/2026,6/8/2026,3578, RV,0.5022727,0.0295109,,41,37,4,45.97962,40.42958,5.550041,https://www.ipsos.com/en-us/reutersipsos-june-2026-poll,6/8/2026,07:00:56 11 Sep 2026,9/11/2026,,,901524,9015245,11sep2026
All polls,John Zogby Strategies,,5/21/2026,5/22/2026,1000, LV,0.7241585,0.0288211,,49.2,42,7.200001,48.94561,41.71904,7.22657,https://johnzogbystrategies.com/the-latest-zogby-political-poll-trump-economic-concerns-war-trends-05-22-26/,5/22/2026,07:00:56 11 Sep 2026,9/11/2026,,,901484,9014842,11sep2026
All polls,Focaldata,Financial Times,5/29/2026,6/1/2026,1537, RV,0.5484327,0.028338,,48,43,5,47.10418,42.3021,4.802078,https://www.focaldata.com/blog/trump-inflation-approval-crashes-to-record-low,6/7/2026,07:00:56 11 Sep 2026,9/11/2026,,,901521,9015214,11sep2026
All polls,Quinnipiac University,,5/14/2026,5/18/2026,1106, RV,0.9193398,0.027245,,50,39,11,49.08095,39.54009,9.540863,https://poll.qu.edu/poll-release?releaseid=3959,5/21/2026,07:00:56 11 Sep 2026,9/11/2026,,,901477,9014773,11sep2026
All polls,Morning Consult,,6/29/2026,7/5/2026,30997, RV,0.1746015,0.0260799,,45.4,42.1,3.300003,47.44683,41.71447,5.732361,https://pro-assets.morningconsult.com/wp-uploads/2026/07/MCPI-Midterm-Ballot_260706.html,7/7/2026,07:00:56 11 Sep 2026,9/11/2026,,,901617,9016171,11sep2026
All polls,YouGov,Economist,6/19/2026,6/22/2026,1517, RV,0.2465631,0.0239985,,45,43,2,47.28513,44.61829,2.66684,https://d3nkl3psvxxpe9.cloudfront.net/documents/econTabReport_v8p0Pe8.pdf,6/23/2026,07:00:56 11 Sep 2026,9/11/2026,,,901575,9015755,11sep2026
All polls,Ipsos,Reuters,6/12/2026,6/15/2026,1195, RV,0.3360507,0.0237363,,41,38,3,45.97962,41.42958,4.550041,https://www.ipsos.com/en-us/reutersipsos-june-2026-poll-0,6/15/2026,07:00:56 11 Sep 2026,9/11/2026,,,901555,9015554,11sep2026
All polls,Echelon Insights,,5/14/2026,5/18/2026,1008, LV,0.8579134,0.0233035,,51,43,8,49.86123,40.55793,9.303299,https://echeloninsights.com/insights/may-2026-verified-voter-omnibus,5/19/2026,07:00:56 11 Sep 2026,9/11/2026,,,901468,9014682,11sep2026
All polls,Impact Research/National Research ,Wall Street Journal,5/7/2026,5/18/2026,1500, RV,0.9035828,0.0224628,,48,40,8,48.07932,40.14915,7.930168,https://www.wsj.com/politics/policy/trump-republican-congress-control-98a13bd9,5/24/2026,07:00:56 11 Sep 2026,9/11/2026,,,901486,9014864,11sep2026
All polls,HarrisX,Forbes,5/20/2026,6/7/2026,1137, LV,0.4195233,0.0211313,,46,45,1,44.75582,40.8623,3.89352,https://www.harrisx.com/content/forbes-harrisx-american-confidence-tracker-june-2026,6/12/2026,07:00:56 11 Sep 2026,9/11/2026,,,901545,9015456,11sep2026
All polls,HarrisX/Harris Poll,Harvard CAPS,5/29/2026,5/31/2026,, LV,0.4012123,0.0208787,,52,48,4,50.75582,43.8623,6.89352,https://harvardharrispoll.com/key-results-may-2026/,6/2/2026,07:00:56 11 Sep 2026,9/11/2026,,,901509,9015095,11sep2026
All polls,Data for Progress,,5/15/2026,5/18/2026,1149, LV,0.5775459,0.0201657,,51,43,8,49.70432,42.1446,7.559719,https://www.dataforprogress.org/blog/2026/5/21/democrats-lead-the-generic-ballot-by-8-points-as-midterms-approach,5/21/2026,07:00:56 11 Sep 2026,9/11/2026,,,901478,90147813,11sep2026
All polls,Morning Consult,,6/22/2026,6/28/2026,30337, RV,0.1700937,0.0196418,,45.5,42.4,3.099998,47.54683,42.01448,5.532349,https://pro-assets.morningconsult.com/wp-uploads/2026/07/MCPI-Midterm-Ballot_260701.html,7/2/2026,07:00:56 11 Sep 2026,9/11/2026,,,901600,9016001,11sep2026
All polls,YouGov,Economist,6/13/2026,6/15/2026,1403, RV,0.2321489,0.0148764,,46,44,2,48.28513,45.61829,2.66684,https://d3nkl3psvxxpe9.cloudfront.net/documents/econTabReport_GpnDRNm.pdf,6/16/2026,07:00:56 11 Sep 2026,9/11/2026,,,901557,9015575,11sep2026
All polls,Morning Consult,,7/17/2026,7/19/2026,2203, RV,0.0655325,0.0147277,,46,43,3,48.04683,42.61448,5.43235,https://intel.morningconsult.com/mc-content/trackers/donald-trump-congress-policy-republicans-polling,7/21/2026,07:00:56 11 Sep 2026,9/11/2026,,,901657,9016572,11sep2026
All polls,Morning Consult,,6/15/2026,6/21/2026,29540, RV,0.1678643,0.0135781,,45.6,42,3.599998,47.64683,41.61448,6.032352,https://pro-assets.morningconsult.com/wp-uploads/2026/06/MCPI-Midterm-Ballot_260622.html,6/25/2026,07:00:56 11 Sep 2026,9/11/2026,,,901585,9015851,11sep2026
All polls,Verasight,Strength in Numbers,5/18/2026,5/19/2026,1413, RV,0.4242983,0.0135563,,51,43,8,49.22137,42.95619,6.265182,https://www.gelliottmorris.com/p/2026-05-26-may-strength-in-numbers-verasight-poll,5/26/2026,07:00:56 11 Sep 2026,9/11/2026,,,901490,9014904,11sep2026
All polls,Verasight/Morris Predictive Insights,Unite Here,5/18/2026,5/20/2026,2000, A,0.408784,0.0130606,,52,41,11,50.22137,40.95619,9.265182,https://www.politico.com/newsletters/playbook/2026/05/22/pod-save-nobody-00933436,5/22/2026,07:00:56 11 Sep 2026,9/11/2026,,,901483,9014832,11sep2026
All polls,Morning Consult,,7/10/2026,7/13/2026,2201, RV,0.0632869,0.0124338,,46,43,3,48.04683,42.61448,5.43235,https://drive.google.com/file/d/1cggsijQl76RMmlpuDL991Z3uyHfXfiZh/view,7/14/2026,07:00:56 11 Sep 2026,9/11/2026,,,901634,9016342,11sep2026
All polls,YouGov,Economist,6/5/2026,6/8/2026,1438, RV,0.2258727,0.0123258,,45,41,4,47.28513,42.61829,4.66684,https://d3nkl3psvxxpe9.cloudfront.net/documents/econTabReport_nvajahp.pdf,6/9/2026,07:00:56 11 Sep 2026,9/11/2026,,,901525,9015254,11sep2026
All polls,AtlasIntel,,5/4/2026,5/7/2026,2069, A,1.315043,0.010313,,54.6,40.1,14.5,51.33834,40.80737,10.53097,https://www.atlasintel.org/poll/usa-national-2026-05-11,5/12/2026,07:00:56 11 Sep 2026,9/11/2026,,,901449,9014493,11sep2026
All polls,YouGov,Economist,5/29/2026,6/1/2026,1453, RV,0.2191264,0.0097758,,46,42,4,48.28513,43.61829,4.66684,https://d3nkl3psvxxpe9.cloudfront.net/documents/econTabReport_AvLU7vY.pdf,6/2/2026,07:00:56 11 Sep 2026,9/11/2026,,,901508,9015085,11sep2026
All polls,Morning Consult,,6/8/2026,6/14/2026,28911, RV,0.1643584,0.0094152,,45.8,41.9,3.899998,47.84683,41.51448,6.332348,https://pro-assets.morningconsult.com/wp-uploads/2026/06/MCPI-Midterm-Ballot_260622.html,6/25/2026,07:00:56 11 Sep 2026,9/11/2026,,,901584,9015841,11sep2026
All polls,McLaughlin & Associates,America's New Majority Project,5/14/2026,5/18/2026,2000, RV,0.3467291,0.0087393,,39,36,3,40.72457,34.0899,6.63467,https://www.americasnewmajorityproject.net/p/democrat-lawmakers-are-taking-positions,6/17/2026,07:00:56 11 Sep 2026,9/11/2026,,REP,901560,9015601,11sep2026
All polls,Morning Consult,,6/1/2026,6/7/2026,29264, RV,0.1617186,0.0076615,,45.8,41.9,3.899998,47.84683,41.51448,6.332348,https://intel.morningconsult.com/mc-content/trackers/2026-midterm-election-generic-ballot-polls,6/10/2026,07:00:56 11 Sep 2026,9/11/2026,,,901537,9015371,11sep2026
All polls,Morning Consult,,6/26/2026,6/28/2026,2202, RV,0.0598112,0.0074908,,46,42,4,48.04683,41.61448,6.43235,https://drive.google.com/file/d/1r9X_-vXE-Kkv1lXR5cu1KtWd-LAEMSJW/view,6/29/2026,07:00:56 11 Sep 2026,9/11/2026,,,901594,9015942,11sep2026
All polls,McLaughlin & Associates,,5/12/2026,5/18/2026,1000, LV,0.3205436,0.0074391,,46,42,4,47.55112,40.26334,7.287781,https://mclaughlinonline.com/2026/05/22/national-monthly-may-2026/,5/23/2026,07:00:56 11 Sep 2026,9/11/2026,,,901485,9014851,11sep2026
All polls,Ipsos,Reuters,5/15/2026,5/18/2026,984, RV,0.2862038,0.0073161,,39,38,1,43.97962,41.42958,2.550041,https://www.ipsos.com/en-us/americas-frustration-cost-living-continues-rise,5/19/2026,07:00:56 11 Sep 2026,9/11/2026,,,901469,9014695,11sep2026
All polls,Cygnal,Conservative Energy Network,5/4/2026,5/7/2026,1500, LV,1.10257,0.0072581,,48,41,7,47.22211,39.01226,8.20985,https://conservativeenergynetwork.org/new-national-poll-americans-demand-action-on-rising-energy-costs-support-modernizing-the-grid-and-expanding-domestic-energy-production/,5/27/2026,07:00:56 11 Sep 2026,9/11/2026,,REP,901493,9014931,11sep2026
All polls,Cygnal,,5/5/2026,5/6/2026,1500, LV,1.10257,0.0072581,,48.5,42.4,6.099998,47.54817,40.5862,6.961967,https://www.cygn.al/polls/may-2026-national-voter-trends-nvt-poll/,5/13/2026,07:00:56 11 Sep 2026,9/11/2026,,,901455,9014552,11sep2026
All polls,YouGov,Economist,5/22/2026,5/26/2026,1397, RV,0.2086478,0.0071446,,46,41,5,48.28513,42.61829,5.66684,https://d3nkl3psvxxpe9.cloudfront.net/documents/econTabReport_aWdgoE7.pdf,5/27/2026,07:00:56 11 Sep 2026,9/11/2026,,,901492,9014924,11sep2026
All polls,Morning Consult,Cato Institute,6/25/2026,6/26/2026,2253, A,0.0505283,0.0060779,,45,39,6,47.04683,38.61448,8.43235,https://www.cato.org/sites/cato.org/files/2026-07/Cato%20Fourth%20of%20July%202026%20Survey%20Toplines.pdf,7/2/2026,07:00:56 11 Sep 2026,9/11/2026,,,901602,9016022,11sep2026
All polls,Morning Consult,,5/25/2026,5/31/2026,30379, RV,0.1610187,0.0060156,,45.4,42.2,3.200001,47.44683,41.81448,5.632351,https://intel.morningconsult.com/mc-content/trackers/2026-midterm-election-generic-ballot-polls,6/10/2026,07:00:56 11 Sep 2026,9/11/2026,,,901538,9015381,11sep2026
All polls,YouGov,Pennsylvania State University McCourtney Institute for Democracy,5/19/2026,5/26/2026,862, RV,0.1708106,0.0055829,,41,37,4,43.28513,38.61829,4.66684,https://democracy.psu.edu/poll-report-archive/fewer-than-four-in-ten-americans-think-president-trump-is-doing-a-good-job/,6/4/2026,07:00:56 11 Sep 2026,9/11/2026,,,901516,9015161,11sep2026
All polls,Change Research,,5/5/2026,5/10/2026,2244, RV,0.5590022,0.0051323,,45,42,3,46.43171,42.5446,3.887108,https://portal.changeresearch.com/portal/projects/07dc6ff6-bb96-4bc5-a138-90b0ab3b22db,6/15/2026,07:00:56 11 Sep 2026,9/11/2026,,,901552,9015522,11sep2026
All polls,YouGov,Economist,5/15/2026,5/18/2026,1380, RV,0.2035351,0.0047163,,46,43,3,48.28513,44.61829,3.66684,https://d3nkl3psvxxpe9.cloudfront.net/documents/econTabReport_YTE4G2g.pdf,5/19/2026,07:00:56 11 Sep 2026,9/11/2026,,,901467,9014675,11sep2026
All polls,YouGov,CBS News,5/13/2026,5/15/2026,1397, LV,0.2477457,0.0045318,,45,40,5,47.28513,41.61829,5.66684,https://www.cbsnews.com/news/redistricting-elections-opinion-poll-19-may-2026/,5/20/2026,07:00:56 11 Sep 2026,9/11/2026,,,901460,9014603,11sep2026
All polls,Morning Consult,,5/18/2026,5/24/2026,29255, RV,0.1560759,0.0042357,,45.5,42.3,3.200001,47.54683,41.91447,5.632359,https://intel.morningconsult.com/mc-content/trackers/2026-midterm-election-generic-ballot-polls,5/31/2026,07:00:56 11 Sep 2026,9/11/2026,,,901503,9015031,11sep2026
All polls,Ipsos,Reuters,5/8/2026,5/11/2026,993, RV,0.2854217,0.0036635,,41,35,6,45.97962,38.42958,7.550041,https://www.ipsos.com/en-us/two-thirds-say-rising-gas-prices-have-affected-their-household-finances,5/11/2026,07:00:56 11 Sep 2026,9/11/2026,,,901445,9014455,11sep2026
All polls,RMG Research,Napolitan News Service,5/4/2026,5/6/2026,2000, RV,0.6801558,0.0026824,,50,41,9,50.56664,38.56454,12.0021,https://napolitannews.org/posts/generic-ballot-dem-50-percent-gop-41-dems-also-more-enthusiastic,5/8/2026,07:00:56 11 Sep 2026,9/11/2026,,,901441,9014411,11sep2026
All polls,Morning Consult,,5/11/2026,5/17/2026,28525, RV,0.1520232,0.0025468,,45.5,42.3,3.200001,47.54683,41.91447,5.632359,https://intel.morningconsult.com/mc-content/trackers/2026-midterm-election-generic-ballot-polls,5/22/2026,07:00:56 11 Sep 2026,9/11/2026,,,901481,9014811,11sep2026
All polls,YouGov,Economist,5/9/2026,5/11/2026,1410, RV,0.2031869,0.0023633,,45,40,5,47.28513,41.61829,5.66684,https://d3nkl3psvxxpe9.cloudfront.net/documents/econTabReport_ONiR6Nb.pdf,5/12/2026,07:00:56 11 Sep 2026,9/11/2026,,,901447,9014475,11sep2026
All polls,Morning Consult,,5/15/2026,5/17/2026,2203, RV,0.055028,0.0010837,,47,41,6,49.04683,40.61448,8.43235,https://intel.morningconsult.com/mc-content/trackers/donald-trump-congress-policy-republicans-polling,5/22/2026,07:00:56 11 Sep 2026,9/11/2026,,,901480,9014802,11sep2026
All polls,Morning Consult,,5/4/2026,5/10/2026,28573, RV,0.149295,0.000916,,45.4,42.3,3.100002,47.44683,41.91447,5.53236,https://pro-assets.morningconsult.com/wp-uploads/2026/08/MCPI-PI-Weekly.html,8/24/2026,07:00:56 11 Sep 2026,9/11/2026,,,901757,9017571,11sep2026
All polls,Public Religion Research Institute,"Brookings Institute, Carnegie Corporation of New York, Ford Foundation, Unitarian Universalist Veatch Program at Shelter Rock",8/15/2025,9/8/2025,5543, A,1.49832,0,,33,30,3,36.68841,33.56981,3.118603,https://prri.org/research/trumps-unprecedented-actions-deepen-asymmetric-divides/,11/13/2025,07:00:56 11 Sep 2026,9/11/2026,,,900816,907721,11sep2026
All polls,YouGov,The Economist,9/5/2025,9/8/2025,1487, RV,0.1912931,0,,44,40,4,46.28513,41.61829,4.66684,https://d3nkl3psvxxpe9.cloudfront.net/documents/econtoplines_7flqP0S.pdf,9/8/2025,07:00:56 11 Sep 2026,9/11/2026,,,90614,222533,11sep2026
All polls,Morning Consult,,9/1/2025,9/7/2025,25541, RV,0.1401782,0,,44.22,42.09,2.130001,46.26683,41.70448,4.562351,https://pro.morningconsult.com/trackers/2026-midterm-election-generic-ballot-polls,12/15/2025,07:00:56 11 Sep 2026,9/11/2026,,,90865,908641,11sep2026
All polls,Echelon Insights,Internet for Growth,9/5/2025,9/7/2025,1030, LV,0.8509964,0,,45,44,1,43.86123,41.55793,2.303299,https://internetforgrowth.com/voter-insights/,12/17/2025,07:00:56 11 Sep 2026,9/11/2026,,,900956,9009561,11sep2026
All polls,Cygnal,,9/2/2025,9/3/2025,1500, LV,1.213082,0,,47.6,45.2,2.399998,46.64817,43.3862,3.261971,https://www.cygn.al/poll-optimism-drops-while-trump-gop-maintain-issue-trust-with-midterm-voters-including-on-inflation-crime/,9/3/2025,07:00:56 11 Sep 2026,9/11/2026,,,90617,222552,11sep2026
All polls,YouGov,The Economist,9/26/2025,9/29/2025,1518, RV,0.1871284,0,,44,41,3,46.28513,42.61829,3.66684,https://today.yougov.com/politics/articles/53094-donald-trump-approval-rebound-government-shutdown-chances-james-comey-flu-covid-vaccines-economy-september-26-29-2025-economist-yougov-poll,9/29/2025,07:00:56 11 Sep 2026,9/11/2026,,,90709,222917,11sep2026
All polls,YouGov,Yahoo News,9/25/2025,9/29/2025,1126, RV,0.1662328,0,,44,40,4,46.28513,41.61829,4.66684,https://www.yahoo.com/entertainment/tv/article/poll-americans-approve-of-jimmy-kimmels-return-to-tv-by-a-more-than-2-to-1-margin-183746388.html,9/29/2025,07:00:56 11 Sep 2026,9/11/2026,,,900765,222949,11sep2026
All polls,Morning Consult,,9/22/2025,9/28/2025,21732, RV,0.1265497,0,,43.37,42.96,0.4099998,45.41683,42.57447,2.842358,https://pro.morningconsult.com/trackers/2026-midterm-election-generic-ballot-polls,12/15/2025,07:00:56 11 Sep 2026,9/11/2026,,,90868,908671,11sep2026
All polls,The New York Times/Siena College,,9/22/2025,9/27/2025,1313, RV,1.348304,0,,47,45,2,46.40564,44.83197,1.573669,https://www.nytimes.com/2025/09/30/polls/trump-approval-poll.html,9/27/2025,07:00:56 11 Sep 2026,9/11/2026,,,900759,222890,11sep2026
All polls,RMG Research,Napolitan Institute,9/22/2025,9/24/2025,2000, RV,0.6829158,0,,45,46,-1,45.56664,43.56454,2.002098,https://napolitannews.org/posts/generic-ballot-gop-43-percent-dem-41,9/24/2025,07:00:56 11 Sep 2026,9/11/2026,,,90710,222918,11sep2026
All polls,Echelon Insights,,9/18/2025,9/22/2025,1071, LV,0.8717161,0,,47,46,1,45.86123,43.55793,2.303299,https://echeloninsights.com/in-the-news/september-2025-verified-voter-omnibus/,9/22/2025,07:00:56 11 Sep 2026,9/11/2026,,,900739,222766,11sep2026
All polls,YouGov,The Economist,9/19/2025,9/22/2025,1392, RV,0.1828606,0,,45,42,3,47.28513,43.61829,3.66684,https://d3nkl3psvxxpe9.cloudfront.net/documents/econtoplines_EYduduY.pdf,9/22/2025,07:00:56 11 Sep 2026,9/11/2026,,,90674,222805,11sep2026
All polls,McLaughlin & Associates,,9/17/2025,9/22/2025,1000, LV,0.3560773,0,,41,47,-6,42.55112,45.26334,-2.712219,https://mclaughlinonline.com/2025/09/30/national-monthly-september-2025/,9/22/2025,07:00:56 11 Sep 2026,9/11/2026,,,90717,222950,11sep2026
All polls,Ipsos,Reuters,9/19/2025,9/21/2025,799, RV,0.2985452,0,,40,38,2,44.97962,41.42958,3.550041,https://www.reuters.com/data/which-party-do-americans-want-run-congress-2025-11-05/,12/15/2025,07:00:56 11 Sep 2026,9/11/2026,,,900746,908191,11sep2026
All polls,Morning Consult,,9/15/2025,9/21/2025,21386, RV,0.1278519,0,,43.87,42.74,1.129997,45.91683,42.35448,3.562347,https://pro.morningconsult.com/trackers/2026-midterm-election-generic-ballot-polls,12/15/2025,07:00:56 11 Sep 2026,9/11/2026,,,90867,908661,11sep2026
All polls,YouGov,Yahoo News,8/29/2025,9/2/2025,1136, RV,0.1727752,0,,44,40,4,46.28513,41.61829,4.66684,https://www.scribd.com/document/911899946/Yahoo-YouGov-Newsom-Poll-August-2025,9/2/2025,07:00:56 11 Sep 2026,9/11/2026,,,900698,222441,11sep2026
All polls,YouGov,The Economist,8/29/2025,9/2/2025,1549, RV,0.1955918,0,,43,39,4,45.28513,40.61829,4.66684,https://d3nkl3psvxxpe9.cloudfront.net/documents/econtoplines_yFjgYJq.pdf,9/2/2025,07:00:56 11 Sep 2026,9/11/2026,,,90539,222397,11sep2026
All polls,Verasight,Strength In Numbers,9/15/2025,9/19/2025,1268, RV,0.5114151,0,,50,45,5,48.22137,44.95619,3.265182,https://www.gelliottmorris.com/p/new-poll-voters-to-blame-republicans-for-shutdown,9/19/2025,07:00:56 11 Sep 2026,9/11/2026,,,90675,2228031,11sep2026
All polls,The Argument/Verasight,,9/15/2025,9/18/2025,1541, RV,0.7463055,0,,53,47,6,49.78885,43.69991,6.08894,https://www.theargumentmag.com/p/chatgpt-and-the-end-of-learning,9/18/2025,07:00:56 11 Sep 2026,9/11/2026,,,90714,222929,11sep2026
All polls,AtlasIntel,,9/12/2025,9/16/2025,1066, A,0.9429561,0,,51.8,43.5,8.299999,48.53835,44.20737,4.330978,https://atlasintel.org/poll/usa-national-2025-09-19,9/16/2025,07:00:56 11 Sep 2026,9/11/2026,,,900736,222715,11sep2026
All polls,"Normington, Petts & Associates",Third Way,9/11/2025,9/16/2025,800, LV,0.8875322,0,,40,40,0,40.24338,39.33397,0.9094124,https://www.thirdway.org/memo/americans-caught-between-trumps-cruelty-and-democrats-chaos,11/13/2025,07:00:56 11 Sep 2026,9/11/2026,,,900827,907741,11sep2026
All polls,YouGov,The Economist,9/12/2025,9/15/2025,1420, RV,0.1863821,0,,43,41,2,45.28513,42.61829,2.66684,https://d3nkl3psvxxpe9.cloudfront.net/documents/econtoplines_XBYs983.pdf,9/15/2025,07:00:56 11 Sep 2026,9/11/2026,,,90645,222648,11sep2026
All polls,Morning Consult,,9/8/2025,9/14/2025,23465, RV,0.1343578,0,,43.89,42.44,1.450001,45.93683,42.05447,3.882359,https://pro.morningconsult.com/trackers/2026-midterm-election-generic-ballot-polls,12/15/2025,07:00:56 11 Sep 2026,9/11/2026,,,90866,908651,11sep2026
All polls,NAIP,,9/6/2025,9/13/2025,2071, LV,1.102736,0,,45,43,2,45.87379,42.26778,3.60601,https://www.realclearpolitics.com/articles/2025/09/19/generic_ballot_tracking_poll_republicans_narrow_dems_lead.html,12/15/2025,07:00:56 11 Sep 2026,9/11/2026,,REP,90813,908131,11sep2026
All polls,i360,Americans for Prosperity,9/10/2025,9/12/2025,577, RV,0.7193716,0,,35,32,3,37.85652,33.43619,4.42033,https://www.politico.com/news/2025/12/03/obamacare-subsidies-expire-this-month-many-republicans-are-shrugging-00672949,12/3/2025,07:00:56 11 Sep 2026,9/11/2026,,REP,90802,908021,11sep2026
All polls,Clarity Campaign Labs,,9/4/2025,9/11/2025,1001, RV,0.6969455,0,,50,44,6,48.57497,43.02549,5.54948,https://www.claritycampaigns.com/clarity-omnibus-september-2025,9/11/2025,07:00:56 11 Sep 2026,9/11/2026,,,900731,222678,11sep2026
All polls,Change Research,,9/5/2025,9/10/2025,2223, RV,0.6411889,0,,45,43,2,46.43171,43.5446,2.887108,https://portal.changeresearch.com/portal/projects/9b77cc10-feae-4dd6-b303-1b83ee015192,5/5/2026,07:00:56 11 Sep 2026,9/11/2026,,,901422,9014222,11sep2026
All polls,The Winston Group,Winning the Issues,8/30/2025,9/1/2025,1000, RV,0.9599504,0,,47,43,4,47.15452,42.79777,4.356747,https://www.winningtheissues.org/2025/12/31/2025-winning-the-issues-research/,2/27/2026,07:00:56 11 Sep 2026,9/11/2026,,REP,901147,9011473,11sep2026
All polls,Survey160,,8/26/2025,9/1/2025,1437, RV,0.8235024,0,,46,39,7,46.17752,41.10238,5.075142,https://www.survey160.com/methodological-research-blog/introducing-the-survey-160-tracking-poll,12/5/2025,07:00:56 11 Sep 2026,9/11/2026,,,900919,908041,11sep2026
All polls,CNN/SSRS,,8/21/2025,9/1/2025,1768, RV,0.8077916,0,,52,48,4,51.79689,47.75687,4.04002,https://www.cnn.com/2025/09/26/politics/us-politics-negative-sentiment-republicans-democrats,9/1/2025,07:00:56 11 Sep 2026,9/11/2026,,,90692,222840,11sep2026
All polls,Cygnal,,8/7/2025,8/9/2025,1500, LV,1.200493,0,,47.4,46.4,1,46.44817,44.5862,1.861969,https://www.cygn.al/national-poll-69-percent-of-americans-reject-race-based-redistricting-views-on-the-american-dream-on-life-support-and-the-fed-gets-low-marks-on-handling-of-interest-rates/,8/9/2025,07:00:56 11 Sep 2026,9/11/2026,,,90410,221956,11sep2026
All polls,YouGov,The Economist,8/1/2025,8/4/2025,1528, RV,0.2045883,0,,43.7,38.4,5.299999,45.98513,40.01829,5.966839,https://today.yougov.com/topics/politics/trackers/congressional-ballot-voting-intention,8/4/2025,07:00:56 11 Sep 2026,9/11/2026,,,90388,221810,11sep2026
All polls,Morning Consult,,8/29/2025,8/31/2025,2202, RV,0.052933,0,,45,41,4,47.04683,40.61448,6.43235,https://links.morningconsult.com/s/vb/zpOJTp1fd-BIR_rEUoDVVpbxjXadg6zyKojmasnqASm1Hp621kq0xaatdElmOwOyNR5BxVXYL1h85IVSEMQ-rZTd-Yz0U-hjJgu1WfIkrldD66UKOSCLbrYHiSzLtKjUuUOD33LEK9wVgTQl22Ic8BUrAP0z3AlRWdSJsA/dAaqMr_Kzp13zZAl6CKc8AYgFM7Csr5U/12,8/31/2025,07:00:56 11 Sep 2026,9/11/2026,,,900696,222387,11sep2026
All polls,Morning Consult,,8/25/2025,8/31/2025,26531, RV,0.1433498,0,,43.81,42.4,1.41,45.85683,42.01448,3.84235,https://pro.morningconsult.com/trackers/2026-midterm-election-generic-ballot-polls,12/15/2025,07:00:56 11 Sep 2026,9/11/2026,,,90864,908631,11sep2026
All polls,Morning Consult,,7/28/2025,8/3/2025,27432, RV,0.1487178,0,,43.68,42.53,1.150002,45.72683,42.14447,3.582359,https://pro.morningconsult.com/trackers/2026-midterm-election-generic-ballot-polls,12/15/2025,07:00:56 11 Sep 2026,9/11/2026,,,90860,908591,11sep2026
All polls,Hart Research Associates/Public Opinion Strategies,CNBC,7/29/2025,8/3/2025,800, RV,0.9796585,0,,49,44,5,47.65081,42.37066,5.280151,https://www.cnbc.com/video/2025/08/07/cnbc-all-america-economic-survey-45-percent-approve-of-pres-trumps-handling-of-the-economy.html,8/3/2025,07:00:56 11 Sep 2026,9/11/2026,,,900640,221845,11sep2026
All polls,McLaughlin & Associates,,8/21/2025,8/26/2025,1000, LV,0.3095384,0,,45,47,-2,46.55112,45.26334,1.287781,https://mclaughlinonline.com/2025/09/02/national-monthly-august-2025/?utm_source=rss&utm_medium=rss&utm_campaign=national-monthly-august-2025,8/26/2025,07:00:56 11 Sep 2026,9/11/2026,,,90537,222383,11sep2026
All polls,Emerson College,,8/25/2025,8/26/2025,1000, RV,0.9405274,0,,43.3,43,0.2999992,43.17745,43.6102,-0.4327507,https://emersoncollegepolling.com/august-2025-national/,8/26/2025,07:00:56 11 Sep 2026,9/11/2026,,,900689,222344,11sep2026
All polls,YouGov,The Economist,8/22/2025,8/25/2025,1377, RV,0.1891856,0,,43,41,2,45.28513,42.61829,2.66684,https://d3nkl3psvxxpe9.cloudfront.net/documents/econtoplines_ziFpJLd.pdf,8/25/2025,07:00:56 11 Sep 2026,9/11/2026,,,90501,222186,11sep2026
All polls,Ipsos,Reuters,8/22/2025,8/24/2025,895, RV,0.3468601,0,,36,39,-3,40.97962,42.42958,-1.449959,https://www.reuters.com/data/which-party-do-americans-want-run-congress-2025-11-05/,12/15/2025,07:00:56 11 Sep 2026,9/11/2026,,,900680,908202,11sep2026
All polls,Morning Consult,,8/18/2025,8/24/2025,27673, RV,0.1471735,0,,44.05,42.24,1.809998,46.09683,41.85448,4.242348,https://pro.morningconsult.com/trackers/2026-midterm-election-generic-ballot-polls,12/15/2025,07:00:56 11 Sep 2026,9/11/2026,,,90863,908621,11sep2026
All polls,Verasight,Strength In Numbers,8/18/2025,8/21/2025,1500, A,0.4658435,0,,49,41,8,47.22137,40.95619,6.265182,https://www.gelliottmorris.com/p/democrats-lead-the-us-house-generic,8/21/2025,07:00:56 11 Sep 2026,9/11/2026,,,90502,222184,11sep2026
All polls,RMG Research,Napolitan Institute,8/18/2025,8/21/2025,2000, RV,0.668799,0,,47,47,0,47.56664,44.56454,3.002098,https://napolitannews.org/posts/generic-ballot-gop-44-percent-dem-44,8/21/2025,07:00:56 11 Sep 2026,9/11/2026,,,90497,222124,11sep2026
All polls,YouGov,The Economist,8/15/2025,8/18/2025,1408, RV,0.1931294,0,,44,39,5,46.28513,40.61829,5.66684,https://d3nkl3psvxxpe9.cloudfront.net/documents/econtoplines_ep7WXyn.pdf,8/18/2025,07:00:56 11 Sep 2026,9/11/2026,,,90480,222093,11sep2026
All polls,Ipsos,Reuters,8/13/2025,8/18/2025,3516, RV,0.6072351,0,,42,37,5,46.97962,40.42958,6.550041,https://www.reuters.com/data/which-party-do-americans-want-run-congress-2025-11-05/,12/15/2025,07:00:56 11 Sep 2026,9/11/2026,,,900665,908211,11sep2026
All polls,Echelon Insights,,8/14/2025,8/18/2025,1057, LV,0.8740035,0,,47,46,1,45.86123,43.55793,2.303299,https://echeloninsights.com/in-the-news/august-2025-verified-voter-omnibus/,8/18/2025,07:00:56 11 Sep 2026,9/11/2026,,,90476,222042,11sep2026
All polls,The Argument/Verasight,,8/8/2025,8/17/2025,1562, RV,0.8770283,0,,50.7,49.3,1.400002,47.48885,45.99991,1.488941,https://www.theargumentmag.com/p/when-americans-bite-their-tongues,8/17/2025,07:00:56 11 Sep 2026,9/11/2026,,,90521,222313,11sep2026
All polls,Morning Consult,,8/11/2025,8/17/2025,27248, RV,0.1472682,0,,43.93,42.88,1.049999,45.97683,42.49448,3.482349,https://pro.morningconsult.com/trackers/2026-midterm-election-generic-ballot-polls,12/15/2025,07:00:56 11 Sep 2026,9/11/2026,,,90862,908611,11sep2026
All polls,YouGov,The Economist,8/9/2025,8/11/2025,1474, RV,0.1992659,0,,42,40,2,44.28513,41.61829,2.66684,https://d3nkl3psvxxpe9.cloudfront.net/documents/econtoplines_V8D6b4L.pdf,8/11/2025,07:00:56 11 Sep 2026,9/11/2026,,,90405,221952,11sep2026
All polls,Morning Consult,,8/4/2025,8/10/2025,26631, RV,0.1464986,0,,43.79,42.66,1.130001,45.83683,42.27448,3.562351,https://pro.morningconsult.com/trackers/2026-midterm-election-generic-ballot-polls,12/15/2025,07:00:56 11 Sep 2026,9/11/2026,,,90861,908601,11sep2026
All polls,YouGov,The Economist,7/4/2025,7/7/2025,1389, RV,0.2141197,0,,43,40,3,45.28513,41.61829,3.66684,https://today.yougov.com/topics/politics/trackers/congressional-ballot-voting-intention,7/7/2025,07:00:56 11 Sep 2026,9/11/2026,,,90241,221735,11sep2026
All polls,Morning Consult,,6/30/2025,7/6/2025,27913, RV,0.1513088,0,,44.36,42.51,1.850002,46.40683,42.12447,4.28236,https://pro.morningconsult.com/trackers/2026-midterm-election-generic-ballot-polls,12/15/2025,07:00:56 11 Sep 2026,9/11/2026,,,90856,908551,11sep2026
All polls,Clarity Campaign Labs,,7/24/2025,7/31/2025,1018, RV,0.7210499,0,,51,43,8,49.57497,42.02549,7.54948,https://static1.squarespace.com/static/61ae8d5e55be5c7314b4c83a/t/68936b40c111f97bb04773dd/1754491714447/Clarity+Omnibus+Overview+-+July+2025+%5BPUBLIC%5D.pdf,7/31/2025,07:00:56 11 Sep 2026,9/11/2026,,,900639,221844,11sep2026
All polls,GrayHouse,America One Policies,7/27/2025,7/29/2025,2000, RV,0.9684486,0,,47,44,3,48.26286,43.84642,4.416439,https://www.americaonepolicies.com/polls/selling-the-one-big-beautiful-bill,3/6/2026,07:00:56 11 Sep 2026,9/11/2026,,REP,901181,9011812,11sep2026
All polls,YouGov,The Economist,7/25/2025,7/28/2025,1610, RV,0.2109963,0,,43,41,2,45.28513,42.61829,2.66684,https://today.yougov.com/topics/politics/trackers/congressional-ballot-voting-intention,7/28/2025,07:00:56 11 Sep 2026,9/11/2026,,,90363,221738,11sep2026
All polls,YouGov,Yahoo News,7/24/2025,7/28/2025,1167, RV,0.1860078,0,,46,39,7,48.28513,40.61829,7.66684,https://d3nkl3psvxxpe9.cloudfront.net/documents/20250728_yahoo.pdf,7/28/2025,07:00:56 11 Sep 2026,9/11/2026,,,900643,221899,11sep2026
All polls,Ipsos,Reuters,7/25/2025,7/27/2025,884, RV,0.3756978,0,,40,39,1,44.97962,42.42958,2.550041,https://www.reuters.com/data/which-party-do-americans-want-run-congress-2025-11-05/,12/15/2025,07:00:56 11 Sep 2026,9/11/2026,,,900621,908221,11sep2026
All polls,Morning Consult,,7/21/2025,7/27/2025,28524, RV,0.1515909,0,,44.07,42.19,1.880001,46.11683,41.80447,4.312359,https://pro.morningconsult.com/trackers/2026-midterm-election-generic-ballot-polls,12/15/2025,07:00:56 11 Sep 2026,9/11/2026,,,90859,908581,11sep2026
All polls,McLaughlin & Associates,America's New Majority Project,7/21/2025,7/24/2025,1633, LV,0.3011802,0,,48,43.9,4.099998,49.72457,41.9899,7.734673,https://americasnewmajorityproject.com/winning-with-one-big-beautiful-bill/,7/24/2025,07:00:56 11 Sep 2026,9/11/2026,,REP,900618,221687,11sep2026
All polls,Emerson College,Nexstar,7/21/2025,7/22/2025,1400, RV,1.072233,0,,44,41.5,2.5,43.87745,42.1102,1.76725,https://www.conchovalleyhomepage.com/news/majority-disapprove-of-trumps-handling-of-epstein-files-emerson-college-polling-survey/,7/22/2025,07:00:56 11 Sep 2026,9/11/2026,,,900612,221656,11sep2026
All polls,YouGov,The Economist,7/18/2025,7/21/2025,1551, RV,0.2129302,0,,44,41,3,46.28513,42.61829,3.66684,https://today.yougov.com/topics/politics/trackers/congressional-ballot-voting-intention,7/21/2025,07:00:56 11 Sep 2026,9/11/2026,,,90338,221737,11sep2026
All polls,Morning Consult,,7/14/2025,7/20/2025,28190, RV,0.1513664,0,,44.32,42.59,1.73,46.36683,42.20448,4.16235,https://pro.morningconsult.com/trackers/2026-midterm-election-generic-ballot-polls,12/15/2025,07:00:56 11 Sep 2026,9/11/2026,,,90858,908571,11sep2026
All polls,"Fabrizio, Lee & Associates/Impact Research",The Wall Street Journal,7/16/2025,7/20/2025,1500, RV,0.9407095,0,,46,43,3,46.4409,43.27779,3.163109,https://www.wsj.com/politics/elections/trump-approval-rating-poll-july-2025-745b0f5f,7/20/2025,07:00:56 11 Sep 2026,9/11/2026,,,90353,221660,11sep2026
All polls,Cygnal,,7/1/2025,7/2/2025,1500, LV,1.149007,0,,47.1,45.7,1.399998,46.14817,43.8862,2.261971,https://www.cygn.al/poll-karens-freak-out-over-ice-raids-as-hispanic-support-for-deportations-surges/,7/2/2025,07:00:56 11 Sep 2026,9/11/2026,,,90244,221241,11sep2026
All polls,AtlasIntel,,7/13/2025,7/18/2025,1935, A,1.158618,0,,51.3,42.7,8.599998,48.03835,43.40737,4.630978,https://atlasintel.org/poll/usa-national-2025-07-18,7/18/2025,07:00:56 11 Sep 2026,9/11/2026,,,900590,221520,11sep2026
All polls,Rasmussen Reports,,7/13/2025,7/17/2025,2288, LV,1.321881,0,,46,42,4,47.09352,41.86619,5.227329,https://www.rasmussenreports.com/public_content/politics/mood_of_america/generic_congressional_ballot_july22,11/13/2025,07:00:56 11 Sep 2026,9/11/2026,,REP,90780,907801,11sep2026
All polls,Verasight,Strength In Numbers,7/14/2025,7/16/2025,1500, A,0.500186,0,,47,43,4,45.22137,42.95619,2.265182,https://www.gelliottmorris.com/p/new-poll-dems-lead-house-generic,7/16/2025,07:00:56 11 Sep 2026,9/11/2026,,,90336,221563,11sep2026
All polls,RMG Research,Napolitan Institute,7/14/2025,7/16/2025,2000, RV,0.6378598,0,,45,49,-4,45.56664,46.56454,-0.9979019,https://napolitannews.org/posts/generic-ballot-july-2025-republicans-46-percent-democrats-42,7/16/2025,07:00:56 11 Sep 2026,9/11/2026,,,90334,221547,11sep2026
All polls,Echelon Insights,,7/10/2025,7/14/2025,1084, LV,0.878176,0,,47,48,-1,45.86123,45.55793,0.303299,https://echeloninsights.com/in-the-news/july-2025-verified-voter-omnibus-2-2-2-2-2-2-2/,7/14/2025,07:00:56 11 Sep 2026,9/11/2026,,,900575,221405,11sep2026
All polls,McLaughlin & Associates,,7/9/2025,7/14/2025,1000, LV,0.2288187,0,,42,47,-5,43.55112,45.26334,-1.712219,https://mclaughlinonline.com/2025/07/17/ma-poll-national-monthly-july-2025/,7/14/2025,07:00:56 11 Sep 2026,9/11/2026,,,90321,221484,11sep2026
All polls,YouGov,The Economist,7/11/2025,7/14/2025,1506, RV,0.2162586,0,,43,39,4,45.28513,40.61829,4.66684,https://today.yougov.com/topics/politics/trackers/congressional-ballot-voting-intention,7/14/2025,07:00:56 11 Sep 2026,9/11/2026,,,90311,221736,11sep2026
All polls,Morning Consult,,7/7/2025,7/13/2025,28276, RV,0.1520013,0,,44.72,42.75,1.970001,46.76683,42.36448,4.402351,https://pro.morningconsult.com/trackers/2026-midterm-election-generic-ballot-polls,12/15/2025,07:00:56 11 Sep 2026,9/11/2026,,,90857,908561,11sep2026
All polls,YouGov,The Economist,6/6/2025,6/9/2025,1397, RV,0.2464521,0,,44,43,1,46.28513,44.61829,1.66684,https://today.yougov.com/topics/politics/trackers/congressional-ballot-voting-intention,6/9/2025,07:00:56 11 Sep 2026,9/11/2026,,,90053,221731,11sep2026
All polls,RMG Research,Napolitan Institute,6/9/2025,6/9/2025,1000, RV,0.4773994,0,,35,35,0,35.56664,32.56454,3.002098,https://napolitannews.org/posts/musk-3rd-party-would-get-8-percent-of-voters,6/9/2025,07:00:56 11 Sep 2026,9/11/2026,,,90063,219708,11sep2026
All polls,Morning Consult,,6/2/2025,6/8/2025,28551, RV,0.1525361,0,,42.98,45.28,-2.299999,45.02683,44.89447,0.1323586,https://pro.morningconsult.com/trackers/2026-midterm-election-generic-ballot-polls,12/15/2025,07:00:56 11 Sep 2026,9/11/2026,,,90852,908511,11sep2026
All polls,J.L. Partners,DailyMail.com,6/6/2025,6/6/2025,1006, RV,0.9842626,0,,42,35,7,42.04594,36.08558,5.960361,https://www.dailymail.co.uk/news/article-14796175/polling-donald-trump-2024-election-elon-musk.html,6/6/2025,07:00:56 11 Sep 2026,9/11/2026,,,90057,219706,11sep2026
All polls,Cygnal,,6/3/2025,6/4/2025,1500, LV,1.139432,0,,47.2,46.9,0.2999992,46.24817,45.0862,1.161968,https://www.cygn.al/national-poll-record-number-say-nation-is-on-right-track-voters-back-trumps-one-big-beautiful-bill-for-tax-relief-and-border-security/,6/4/2025,07:00:56 11 Sep 2026,9/11/2026,,,90056,219697,11sep2026
All polls,YouGov,The Economist,6/27/2025,6/30/2025,1491, RV,0.224976,0,,44,40,4,46.28513,41.61829,4.66684,https://today.yougov.com/topics/politics/trackers/congressional-ballot-voting-intention,6/30/2025,07:00:56 11 Sep 2026,9/11/2026,,,90219,221734,11sep2026
All polls,Morning Consult,,6/23/2025,6/29/2025,27694, RV,0.1507401,0,,43.58,43.34,0.2400017,45.62683,42.95448,2.672352,https://pro.morningconsult.com/trackers/2026-midterm-election-generic-ballot-polls,12/15/2025,07:00:56 11 Sep 2026,9/11/2026,,,90855,908541,11sep2026
All polls,Emerson College,,6/24/2025,6/25/2025,1000, RV,0.9920143,0,,42.5,39.8,2.700001,42.37745,40.4102,1.967251,https://emersoncollegepolling.com/june-national-poll/,6/25/2025,07:00:56 11 Sep 2026,9/11/2026,,,900538,221051,11sep2026
All polls,American Pulse Research & Polling,,6/23/2025,6/25/2025,633, RV,0.7365844,0,,46.6,42.4,4.199997,46.42857,42.49326,3.93531,https://www.americanpulse.us/thankyou-pollresults-publicopinion-post-landscape-shaping-events-2,6/25/2025,07:00:56 11 Sep 2026,9/11/2026,,,900534,221029,11sep2026
All polls,Ipsos,Reuters,6/20/2025,6/23/2025,994, RV,0.4187194,0,,40,36,4,44.97962,39.42958,5.550041,https://www.reuters.com/data/which-party-do-americans-want-run-congress-2025-11-05/,12/15/2025,07:00:56 11 Sep 2026,9/11/2026,,,90824,908231,11sep2026
All polls,YouGov,The Economist,6/20/2025,6/23/2025,1455, RV,0.2296183,0,,44,40,4,46.28513,41.61829,4.66684,https://today.yougov.com/topics/politics/trackers/congressional-ballot-voting-intention,6/23/2025,07:00:56 11 Sep 2026,9/11/2026,,,90183,221733,11sep2026
All polls,Morning Consult,,6/16/2025,6/22/2025,28021, RV,0.1513362,0,,43.99,43.73,0.2600021,46.03683,43.34447,2.69236,https://pro.morningconsult.com/trackers/2026-midterm-election-generic-ballot-polls,12/15/2025,07:00:56 11 Sep 2026,9/11/2026,,,90854,908531,11sep2026
All polls,Cygnal,,6/19/2025,6/21/2025,800, LV,0.8855824,0,,48.4,46,2.400002,47.44817,44.1862,3.261971,https://www.cygn.al/poll-bitcoin-owners-lean-republican-emerging-as-sought-after-voting-bloc-in-2026-elections/,6/21/2025,07:00:56 11 Sep 2026,9/11/2026,,,90186,221001,11sep2026
All polls,YouGov,The Economist,5/30/2025,6/2/2025,1436, RV,0.2637599,0,,44,42,2,46.28513,43.61829,2.66684,https://d3nkl3psvxxpe9.cloudfront.net/documents/econtoplines_uOptfZ9.pdf,6/2/2025,07:00:56 11 Sep 2026,9/11/2026,,,90039,219670,11sep2026
All polls,RMG Research,Napolitan Institute,6/18/2025,6/19/2025,1000, RV,0.470074,0,,44,52,-8,44.56664,49.56454,-4.997902,https://napolitannews.org/posts/generic-ballot-gop-holds-largest-lead-of-the-year,6/19/2025,07:00:56 11 Sep 2026,9/11/2026,,,90180,220954,11sep2026
All polls,Echelon Insights,,6/17/2025,6/18/2025,1002, LV,0.8336412,0,,47,48,-1,45.86123,45.55793,0.303299,https://echeloninsights.com/in-the-news/middle-east-update/,6/18/2025,07:00:56 11 Sep 2026,9/11/2026,,,900514,220920,11sep2026
All polls,Echelon Insights,,6/12/2025,6/17/2025,982, LV,0.8288878,0,,47,48,-1,45.86123,45.55793,0.303299,https://echeloninsights.com/in-the-news/june-2025-verified-voter-omnibus-2-2-2-2-2-2/,6/17/2025,07:00:56 11 Sep 2026,9/11/2026,,,900510,220836,11sep2026
All polls,Ipsos,Reuters,6/11/2025,6/16/2025,3458, RV,0.6857741,0,,40,38,2,44.97962,41.42958,3.550041,https://www.reuters.com/data/which-party-do-americans-want-run-congress-2025-11-05/,12/15/2025,07:00:56 11 Sep 2026,9/11/2026,,,900505,908241,11sep2026
All polls,co/efficient,,6/12/2025,6/16/2025,1035, LV,0.8761247,0,,46,46,0,46.6364,44.95353,1.682869,https://coefficient.org/one-big-beautiful-bill/,6/16/2025,07:00:56 11 Sep 2026,9/11/2026,,REP,90166,220929,11sep2026
All polls,YouGov,The Economist,6/13/2025,6/16/2025,1351, RV,0.2318537,0,,44,41,3,46.28513,42.61829,3.66684,https://today.yougov.com/topics/politics/trackers/congressional-ballot-voting-intention,6/16/2025,07:00:56 11 Sep 2026,9/11/2026,,,90083,221732,11sep2026
All polls,McLaughlin & Associates,,6/10/2025,6/15/2025,1000, LV,0.199854,0,,42,47,-5,43.55112,45.26334,-1.712219,https://mclaughlinonline.com/pols/wp-content/uploads/2025/06/National-June-Presentation-RELEASE-6-16-25.pdf,6/15/2025,07:00:56 11 Sep 2026,9/11/2026,,,90161,220909,11sep2026
All polls,McLaughlin & Associates,America's New Majority Project,6/12/2025,6/15/2025,1637, LV,0.2438385,0,,47.2,46.4,0.7999992,48.92457,44.4899,4.434669,https://americasnewmajorityproject.com/how-to-talk-about-taxes-and-the-budget-bill-what-voters-respond-to-best/,6/15/2025,07:00:56 11 Sep 2026,9/11/2026,,REP,900524,220937,11sep2026
All polls,Morning Consult,,6/9/2025,6/15/2025,28058, RV,0.1513887,0,,43.68,44.94,-1.259998,45.72683,44.55447,1.172359,https://pro.morningconsult.com/trackers/2026-midterm-election-generic-ballot-polls,12/15/2025,07:00:56 11 Sep 2026,9/11/2026,,,90853,908521,11sep2026
All polls,The Winston Group,Winning the Issues,6/12/2025,6/14/2025,1000, RV,1.014024,0,,46,42,4,46.15452,41.79777,4.356747,https://www.winningtheissues.org/2025/06/30/winning-the-issues-june-2025-national-survey/,6/14/2025,07:00:56 11 Sep 2026,9/11/2026,,REP,900568,221307,11sep2026
All polls,Clarity Campaign Labs,,6/5/2025,6/14/2025,1000, RV,0.7412483,0,,50,45,5,48.57497,44.02549,4.54948,https://static1.squarespace.com/static/61ae8d5e55be5c7314b4c83a/t/6852fc5a3ac4c05449fc450e/1750269023826/Clarity+Omnibus+Overview+-+June+2025+%5BPUBLIC%5D.pdf,6/14/2025,07:00:56 11 Sep 2026,9/11/2026,,,900513,220899,11sep2026
All polls,Verasight,Strength In Numbers,6/6/2025,6/12/2025,1500, A,0.5413883,0,,45,37,8,43.22137,36.95619,6.265182,https://www.gelliottmorris.com/p/trump-approval-at-42-democrats-up,6/12/2025,07:00:56 11 Sep 2026,9/11/2026,,,90074,219731,11sep2026
All polls,McLaughlin & Associates,Club for Growth (PAC),6/9/2025,6/11/2025,1000, LV,0.2013118,0,,44,46,-2,45.72457,44.0899,1.63467,https://www.clubforgrowth.org/icymi-new-cfg-poll-finds-vast-majority-of-republicans-democrats-support-school-freedom-bills/,6/11/2025,07:00:56 11 Sep 2026,9/11/2026,,REP,90076,219733,11sep2026
All polls,Morning Consult,,5/26/2025,6/1/2025,29002, RV,0.1531174,0,,43.67,44.28,-0.6100006,45.71683,43.89447,1.822361,https://pro.morningconsult.com/trackers/2026-midterm-election-generic-ballot-polls,12/15/2025,07:00:56 11 Sep 2026,9/11/2026,,,90851,908501,11sep2026
All polls,co/efficient,,5/7/2025,5/9/2025,1462, LV,0.9393271,0,,45,42,3,45.6364,40.95353,4.682869,https://coefficient.org/national-approval-study/,5/9/2025,07:00:56 11 Sep 2026,9/11/2026,,REP,900429,219403,11sep2026
All polls,Cygnal,,5/6/2025,5/8/2025,1500, LV,1.18613,0,,47.1,46.6,0.5,46.14817,44.7862,1.361969,https://www.cygn.al/poll-aoc-more-popular-than-schumer-trump-image-improving-republicans-decimating-democrats-on-key-issue-trust-and-more/,5/8/2025,07:00:56 11 Sep 2026,9/11/2026,,,89881,219394,11sep2026
All polls,Verasight,Strength In Numbers,5/1/2025,5/6/2025,1000, A,0.5373484,0,,47,41,6,45.22137,40.95619,4.265182,https://www.gelliottmorris.com/p/new-poll-americans-oppose-trumps,5/6/2025,07:00:56 11 Sep 2026,9/11/2026,,,89882,219395,11sep2026
All polls,HarrisX,Forbes,4/29/2026,5/5/2026,1891, LV,0.4879561,0,,48,42,6,46.75582,37.8623,8.89352,https://www.harrisx.com/posts/forbes-and-harrisx-partner-on-new-american-confidence-survey-as-gallup-ends-approval-polling,5/5/2026,07:00:56 11 Sep 2026,9/11/2026,,,901435,9014356,11sep2026
All polls,Focaldata,Financial Times,5/1/2026,5/5/2026,3167, RV,0.7680153,0,,49,42,7,48.10418,41.3021,6.802078,https://www.focaldata.com/blog/democrats-lead-economy-focaldata-financial-times-poll,5/11/2026,07:00:56 11 Sep 2026,9/11/2026,,,901444,9014444,11sep2026
All polls,CNN/SSRS,,4/30/2026,5/4/2026,1156, RV,0.647015,0,,45,42,3,44.79689,41.75687,3.04002,https://www.cnn.com/2026/05/12/politics/cnn-poll-midterms-affordability-politics-impact,5/12/2026,07:00:56 11 Sep 2026,9/11/2026,,,901448,9014483,11sep2026
All polls,YouGov,Economist,5/1/2026,5/4/2026,1409, RV,0.2023932,0,,44,41,3,46.28513,42.61829,3.66684,https://d3nkl3psvxxpe9.cloudfront.net/documents/econTabReport_i4K4elJ.pdf,5/5/2026,07:00:56 11 Sep 2026,9/11/2026,,,901429,9014295,11sep2026
All polls,Morning Consult,,4/28/2025,5/4/2025,25876, RV,0.1429972,0,,44.38,43.51,0.8700027,46.42683,43.12447,3.302361,https://pro.morningconsult.com/trackers/2026-midterm-election-generic-ballot-polls,12/15/2025,07:00:56 11 Sep 2026,9/11/2026,,,90847,908461,11sep2026
All polls,Morning Consult,,5/1/2026,5/3/2026,2200, RV,0.0526957,0,,46,43,3,48.04683,42.61448,5.43235,https://pro.morningconsult.com/trackers/donald-trump-congress-policy-republicans-polling,5/5/2026,07:00:56 11 Sep 2026,9/11/2026,,,901431,9014312,11sep2026
All polls,Morning Consult,,4/27/2026,5/3/2026,27846, RV,0.144581,0,,45.6,42.7,2.899998,47.64683,42.31448,5.332352,https://pro-assets.morningconsult.com/wp-uploads/2026/08/MCPI-PI-Weekly.html,8/24/2026,07:00:56 11 Sep 2026,9/11/2026,,,901751,9017511,11sep2026
All polls,AtlasIntel,,5/21/2025,5/27/2025,3469, A,1.465722,0,,50.9,41.7,9.200001,47.63835,42.40737,5.23098,https://cdn.atlasintel.org/20c89f8f-d65e-4991-a491-388ae96986c9.pdf,5/27/2025,07:00:56 11 Sep 2026,9/11/2026,,,900464,219652,11sep2026
All polls,McLaughlin & Associates,,5/21/2025,5/26/2025,1000, LV,0.2137732,0,,43,47,-4,44.55112,45.26334,-0.7122192,https://mclaughlinonline.com/pols/wp-content/uploads/2025/05/National-May-Presentation-RELEASE-05-27-25.pdf,5/26/2025,07:00:56 11 Sep 2026,9/11/2026,,,90022,219637,11sep2026
All polls,YouGov,The Economist,5/23/2025,5/26/2025,1486, RV,0.2832384,0,,43,41,2,45.28513,42.61829,2.66684,https://today.yougov.com/topics/politics/trackers/congressional-ballot-voting-intention,5/26/2025,07:00:56 11 Sep 2026,9/11/2026,,,90016,221730,11sep2026
All polls,Morning Consult,,5/19/2025,5/25/2025,28855, RV,0.1518102,0,,43.21,44.82,-1.610001,45.25683,44.43447,0.8223572,https://pro.morningconsult.com/trackers/2026-midterm-election-generic-ballot-polls,12/15/2025,07:00:56 11 Sep 2026,9/11/2026,,,90850,908491,11sep2026
All polls,RMG Research,Napolitan Institute,5/20/2025,5/21/2025,1000, RV,0.5105906,0,,48,45,3,48.56664,42.56454,6.002098,https://napolitannews.org/posts/generic-ballot-gop-43-percent-dem-43,5/21/2025,07:00:56 11 Sep 2026,9/11/2026,,,90014,219587,11sep2026
All polls,YouGov,The Economist,5/16/2025,5/19/2025,1558, RV,0.3091904,0,,43,42,1,45.28513,43.61829,1.66684,https://today.yougov.com/topics/politics/trackers/congressional-ballot-voting-intention,5/19/2025,07:00:56 11 Sep 2026,9/11/2026,,,89897,221729,11sep2026
All polls,Fabrizio Ward,Pinpoint Policy Institute,5/15/2025,5/19/2025,800, RV,0.9952917,0,,42,42,0,42.78467,42.20895,0.5757217,https://pinpointpolicyinstitute.org/pinpoint-policy-institute-quarterly-economic-tracking-poll/,5/19/2025,07:00:56 11 Sep 2026,9/11/2026,,,900471,219660,11sep2026
All polls,YouGov,Economist,5/16/2025,5/19/2025,1558, RV,0.3091904,0,,43,42,1,45.28513,43.61829,1.66684,https://today.yougov.com/topics/politics/trackers/congressional-ballot-voting-intention,11/25/2025,07:00:56 11 Sep 2026,9/11/2026,,,900442,907951,11sep2026
All polls,Morning Consult,,5/12/2025,5/18/2025,28103, RV,0.1493461,0,,43.26,44.45,-1.190002,45.30683,44.06448,1.242352,https://pro.morningconsult.com/trackers/2026-midterm-election-generic-ballot-polls,12/15/2025,07:00:56 11 Sep 2026,9/11/2026,,,90849,908481,11sep2026
All polls,Ipsos,Reuters,5/16/2025,5/18/2025,885, RV,0.4448302,0,,40,39,1,44.97962,42.42958,2.550041,https://www.reuters.com/data/which-party-do-americans-want-run-congress-2025-11-05/,12/15/2025,07:00:56 11 Sep 2026,9/11/2026,,,900443,908251,11sep2026
All polls,Rasmussen Reports,,5/14/2025,5/16/2025,1012, LV,1.044061,0,,45,44,1,46.09352,43.86619,2.227329,https://www.rasmussenreports.com/public_content/archive/mood_of_america_archive/generic_congressional_ballot/democrats_have_slim_lead_in_early_2026_congressional_forecast,11/13/2025,07:00:56 11 Sep 2026,9/11/2026,,REP,90779,907791,11sep2026
All polls,Echelon Insights,,5/8/2025,5/12/2025,1000, LV,0.9059898,0,,47,48,-1,45.86123,45.55793,0.303299,https://echeloninsights.com/in-the-news/may-2025-verified-voter-omnibus-2-2-2-2-2/,5/12/2025,07:00:56 11 Sep 2026,9/11/2026,,,900421,219377,11sep2026
All polls,Morning Consult,,5/5/2025,5/11/2025,27882, RV,0.1480623,0,,43.35,44.53,-1.18,45.39683,44.14447,1.252361,https://pro.morningconsult.com/trackers/2026-midterm-election-generic-ballot-polls,12/15/2025,07:00:56 11 Sep 2026,9/11/2026,,,90848,908471,11sep2026
All polls,Morning Consult,,4/6/2026,4/9/2026,2200, RV,0.0504811,0,,46,42,4,48.04683,41.61448,6.43235,https://pro.morningconsult.com/trackers/donald-trump-congress-policy-republicans-polling,4/15/2026,07:00:56 11 Sep 2026,9/11/2026,,,901357,9013572,11sep2026
All polls,Echelon Insights,NetChoice,4/3/2026,4/9/2026,2880, LV,1.224187,0,,50,45,5,48.86123,42.55793,6.303299,https://netchoice.org/wp-content/uploads/2026/04/NetChoice-Apr-2026-National-Antitrust-Survey-Topline.pdf,4/21/2026,07:00:56 11 Sep 2026,9/11/2026,,,901377,9013772,11sep2026
All polls,RMG Research,Napolitan News Service,4/6/2026,4/9/2026,2000, RV,0.6677985,0,,49,44,5,49.56664,41.56454,8.002098,https://napolitannews.org/posts/generic-ballot-dem-45-percent-gop-42-dems-also-more-enthusiastic,4/10/2026,07:00:56 11 Sep 2026,9/11/2026,,,901349,9013491,11sep2026
All polls,Tavern Research,,4/6/2026,4/9/2026,502, LV,0.8057504,0,,44,43,1,44.85548,42.7486,2.10688,https://www.tavernresearch.com/research-and-writings/cutting-room-floor-april-10-2026,5/12/2026,07:00:56 11 Sep 2026,9/11/2026,,,901452,9014521,11sep2026
All polls,YouGov,The Economist,4/5/2025,4/8/2025,1558, RV,0.5640653,0,,43,42,1,45.28513,43.61829,1.66684,https://d3nkl3psvxxpe9.cloudfront.net/documents/econtoplines_Emo4hnf.pdf,4/8/2025,07:00:56 11 Sep 2026,9/11/2026,,,89690,219142,11sep2026
All polls,Change Research,,4/3/2026,4/7/2026,2702, RV,0.5463405,0,,47,42,5,48.43171,42.5446,5.887108,https://changeresearch.com/who-do-voters-want-in-2028/,5/14/2026,07:00:56 11 Sep 2026,9/11/2026,,,901415,9014153,11sep2026
All polls,Morning Consult,,4/3/2026,4/6/2026,2200, RV,0.050078,0,,45,42,3,47.04683,41.61448,5.43235,https://pro.morningconsult.com/trackers/donald-trump-congress-policy-republicans-polling,4/7/2026,07:00:56 11 Sep 2026,9/11/2026,,,901336,9013362,11sep2026
All polls,YouGov,Economist,4/3/2026,4/6/2026,1560, RV,0.2015144,0,,44,42,2,46.28513,43.61829,2.66684,https://d3nkl3psvxxpe9.cloudfront.net/documents/econTabReport_SVRZJH8.pdf,4/7/2026,07:00:56 11 Sep 2026,9/11/2026,,,901334,9013345,11sep2026
All polls,Morning Consult,,3/31/2025,4/6/2025,25977, RV,0.1445462,0,,43.68,43.99,-0.3100014,45.72683,43.60448,2.122349,https://pro.morningconsult.com/trackers/2026-midterm-election-generic-ballot-polls,12/15/2025,07:00:56 11 Sep 2026,9/11/2026,,,90843,908421,11sep2026
All polls,Morning Consult,,3/30/2026,4/5/2026,27594, RV,0.136346,0,,45,42.4,2.599998,47.04683,42.01448,5.032349,https://pro.morningconsult.com/trackers/2026-midterm-election-generic-ballot-polls,4/21/2026,07:00:56 11 Sep 2026,9/11/2026,,,901372,9013721,11sep2026
All polls,Marist University,NPR | PBS News,4/27/2026,4/30/2026,1155, RV,1.104741,0,,52,42,10,49.42389,41.89621,7.527679,https://maristpoll.marist.edu/polls/president-trump-while-at-war-may-2026/,5/6/2026,07:00:56 11 Sep 2026,9/11/2026,,,901433,9014334,11sep2026
All polls,Wick,2Way,4/29/2025,4/30/2025,1000, RV,0.9714795,0,,42,39,3,42.81368,39.92604,2.887638,https://my.wick.io/analysis/shared/item/859BF9A4-407C-4E48-9DCF-C5F6A33B0CDA/view,11/13/2025,07:00:56 11 Sep 2026,9/11/2026,,,900757,907781,11sep2026
All polls,Cygnal,,4/2/2026,4/3/2026,1500, LV,1.098896,0,,48.8,43.3,5.5,47.84817,41.4862,6.361973,https://www.cygn.al/wp-content/uploads/2026/04/23738-Cygnal-National-Apr26-NVT-Deck-Public.pdf,4/8/2026,07:00:56 11 Sep 2026,9/11/2026,,,901340,9013402,11sep2026
All polls,Cygnal,,4/1/2025,4/3/2025,1500, LV,1.208816,0,,47.5,46.5,1,46.54817,44.6862,1.861969,https://www.cygn.al/poll-democrats-continue-to-struggle-as-trump-maintains-strong-approval-even-in-light-of-tariffs/,4/3/2025,07:00:56 11 Sep 2026,9/11/2026,,,900331,219140,11sep2026
All polls,Yale University Institution for Social and Policy Studies,,4/1/2025,4/3/2025,4100, RV,1.14198,0,,43.3,41.7,1.599998,44.24799,41.65987,2.58812,https://youthpoll.yale.edu/spring-2025-results,4/3/2025,07:00:56 11 Sep 2026,9/11/2026,,,89744,219144,11sep2026
All polls,McLaughlin & Associates,,4/22/2025,4/29/2025,1000, LV,0.2458768,0,,43,45,-2,44.55112,43.26334,1.287781,https://mclaughlinonline.com/pols/wp-content/uploads/2025/05/National-April-Presentation-RELEASE-04-29-25.pdf,4/29/2025,07:00:56 11 Sep 2026,9/11/2026,,,89825,219310,11sep2026
All polls,Ipsos,The Washington Post | ABC News,4/24/2026,4/28/2026,2059, RV,0.3702812,0,,49,44,5,53.97962,47.42958,6.550041,https://www.washingtonpost.com/politics/2026/05/03/trump-approval-ratings-poll/ ,5/4/2026,07:00:56 11 Sep 2026,9/11/2026,,,901417,9014174,11sep2026
All polls,YouGov,Economist,4/24/2026,4/27/2026,1647, RV,0.2133875,0,,46,41,5,48.28513,42.61829,5.66684,https://d3nkl3psvxxpe9.cloudfront.net/documents/econTabReport_Ty7ikPd.pdf,4/28/2026,07:00:56 11 Sep 2026,9/11/2026,,,901399,9013995,11sep2026
All polls,Ipsos,Reuters,4/24/2026,4/27/2026,1014, RV,0.2789181,0,,41,37,4,45.97962,40.42958,5.550041,https://www.ipsos.com/en-us/americans-increasingly-feel-economy-wrong-track,4/28/2026,07:00:56 11 Sep 2026,9/11/2026,,,901403,9014035,11sep2026
All polls,Morning Consult,,4/24/2026,4/27/2026,2201, RV,0.0519627,0,,45,43,2,47.04683,42.61448,4.43235,https://pro.morningconsult.com/trackers/donald-trump-congress-policy-republicans-polling,4/27/2026,07:00:56 11 Sep 2026,9/11/2026,,,901397,9013972,11sep2026
All polls,Public Opinion Strategies,CoinDesk,4/21/2026,4/27/2026,1000, RV,1.202772,0,,44,41,3,44.87602,40.79605,4.079967,https://www.coindesk.com/policy/2026/05/03/crypto-is-at-the-bottom-of-u-s-voters-priorities-heading-into-the-midterm-coindesk-survey-shows,5/4/2026,07:00:56 11 Sep 2026,9/11/2026,,,901419,9014191,11sep2026
All polls,Morning Consult,,4/21/2025,4/27/2025,25544, RV,0.1417113,0,,44.09,43.14,0.9500008,46.13683,42.75447,3.382359,https://pro.morningconsult.com/trackers/2026-midterm-election-generic-ballot-polls,12/15/2025,07:00:56 11 Sep 2026,9/11/2026,,,90846,908451,11sep2026
All polls,Ipsos,Reuters,4/25/2025,4/27/2025,897, RV,0.4961865,0,,40,39,1,44.97962,42.42958,2.550041,https://www.reuters.com/data/which-party-do-americans-want-run-congress-2025-11-05/,12/15/2025,07:00:56 11 Sep 2026,9/11/2026,,,900394,908261,11sep2026
All polls,NewsNation,,4/23/2025,4/27/2025,1448, RV,0.9621595,0,,45,40,5,45.03905,39.68547,5.35358,https://www.newsnationnow.com/politics/recession-inflation-immigration-ddhq-poll/,4/27/2025,07:00:56 11 Sep 2026,9/11/2026,,,900398,219154,11sep2026
All polls,Morning Consult,,4/20/2026,4/26/2026,28235, RV,0.143076,0,,44.9,42.4,2.5,46.94683,42.01448,4.93235,https://pro.morningconsult.com/trackers/2026-midterm-election-generic-ballot-polls,4/28/2026,07:00:56 11 Sep 2026,9/11/2026,,,901401,9014011,11sep2026
All polls,Emerson College,,4/24/2026,4/26/2026,1000, LV,1.035419,0,,50.3,40.2,10.1,50.17745,40.8102,9.367249,https://emersoncollegepolling.com/april-2026-national-poll/,4/29/2026,07:00:56 11 Sep 2026,9/11/2026,,,901405,9014052,11sep2026
All polls,HarrisX,Harvard CAPS,4/23/2026,4/26/2026,1963, LV,0.5035129,0,,50,50,0,48.75582,45.8623,2.89352,https://harvardharrispoll.com/key-results-april-2026/,4/28/2026,07:00:56 11 Sep 2026,9/11/2026,,,901402,9014026,11sep2026
All polls,Clarity Campaign Labs,,4/15/2026,4/24/2026,1000, LV,0.9189669,0,,50,45,5,48.57497,44.02549,4.54948,https://www.claritycampaigns.com/clarity-omnibus-2026-april,5/5/2026,07:00:56 11 Sep 2026,9/11/2026,,,901432,9014322,11sep2026
All polls,The New York Times/Siena College,,4/21/2025,4/24/2025,913, RV,1.201842,0,,47,44,3,46.40564,43.83197,2.573669,https://www.nytimes.com/2025/04/25/us/politics/trump-poll-approval.html,4/24/2025,07:00:56 11 Sep 2026,9/11/2026,,,900377,219152,11sep2026
All polls,Quantus Insights,,4/21/2026,4/23/2026,1452, LV,0.7008166,0,,46.5,42.3,4.200001,46.74689,41.93164,4.81525,https://quantusinsights.org/f/quantus-survey-a-divided-electorate-a-narrow-democratic-edge,4/24/2026,07:00:56 11 Sep 2026,9/11/2026,,,901394,9013942,11sep2026
All polls,The Argument/Verasight,,4/20/2026,4/23/2026,1516, RV,0.7824832,0,,53,47,6,49.78885,43.69991,6.08894,https://www.theargumentmag.com/p/why-democrats-cant-win-more-trump,4/29/2026,07:00:56 11 Sep 2026,9/11/2026,,,901406,9014062,11sep2026
All polls,Beacon Research/Shaw & Co. Research,Fox News,4/18/2025,4/21/2025,1104, RV,1.212213,0,,49,42,7,46.98264,40.55886,6.423779,https://www.foxnews.com/official-polls/fox-news-poll-democrats-favorability-hits-new-low-still-favored-over-gop-2026-midterms,4/21/2025,07:00:56 11 Sep 2026,9/11/2026,,,89718,219153,11sep2026
All polls,Ipsos,Reuters,4/15/2026,4/20/2026,3577, RV,0.4686728,0,,41,38,3,45.97962,41.42958,4.550041,https://www.ipsos.com/en-us/americans-remain-skeptical-trumps-handling-inflation,4/21/2026,07:00:56 11 Sep 2026,9/11/2026,,,901376,9013764,11sep2026
All polls,YouGov,Economist,4/17/2026,4/20/2026,1553, RV,0.2067935,0,,45,40,5,47.28513,41.61829,5.66684,https://d3nkl3psvxxpe9.cloudfront.net/documents/econTabReport_I24AWdp.pdf,4/21/2026,07:00:56 11 Sep 2026,9/11/2026,,,901380,9013805,11sep2026
All polls,Echelon Insights,,4/17/2026,4/20/2026,1012, LV,0.8186526,0,,50,44,6,48.86123,41.55793,7.303299,https://echeloninsights.com/insights/april-2026-verified-voter-omnibus,4/21/2026,07:00:56 11 Sep 2026,9/11/2026,,,901381,9013813,11sep2026
All polls,Beacon Research/Shaw & Company Research,FOX News,4/17/2026,4/20/2026,1001, RV,1.124965,0,,52,47,5,49.98264,45.55886,4.423779,https://www.foxnews.com/politics/fox-news-poll-economic-gloom-trump-ratings-signal-tough-gop-midterm-path,4/23/2026,07:00:56 11 Sep 2026,9/11/2026,,,901387,9013872,11sep2026
All polls,Morning Consult,,4/17/2026,4/20/2026,2203, RV,0.0513621,0,,45,42,3,47.04683,41.61448,5.43235,https://pro.morningconsult.com/trackers/donald-trump-congress-policy-republicans-polling,4/20/2026,07:00:56 11 Sep 2026,9/11/2026,,,901369,9013692,11sep2026
All polls,Morning Consult,,4/14/2025,4/20/2025,26905, RV,0.1443089,0,,44.04,43.36,0.6800003,46.08683,42.97448,3.11235,https://pro.morningconsult.com/trackers/2026-midterm-election-generic-ballot-polls,12/15/2025,07:00:56 11 Sep 2026,9/11/2026,,,90845,908441,11sep2026
All polls,KFF,,4/14/2026,4/19/2026,1107, RV,1.009139,0,,43,34,9,43.6104,35.41656,8.19384,https://www.kff.org/public-opinion/kff-health-tracking-poll-health-care-costs-and-the-midterms/,4/29/2026,07:00:56 11 Sep 2026,9/11/2026,,,901407,9014071,11sep2026
All polls,Morning Consult,,4/13/2026,4/19/2026,27869, RV,0.1409862,0,,44.6,42.3,2.299999,46.64683,41.91447,4.732361,https://pro.morningconsult.com/trackers/2026-midterm-election-generic-ballot-polls,4/21/2026,07:00:56 11 Sep 2026,9/11/2026,,,901374,9013741,11sep2026
All polls,Hart Research Associates/Public Opinion Strategies,CNBC,4/15/2026,4/19/2026,1000, RV,0.9908994,0,,49,45,4,47.65081,43.37066,4.280151,https://www.cnbc.com/2026/04/23/trumps-approval-rating-on-economy-and-overall-falls-to-lowest-of-his-two-terms-cnbc-survey-shows.html,4/23/2026,07:00:56 11 Sep 2026,9/11/2026,,,901388,9013882,11sep2026
All polls,McLaughlin & Associates,America's New Majority Project,4/16/2025,4/19/2025,1638, LV,0.3143542,0,,45.7,47.1,-1.399998,47.42457,45.1899,2.234669,https://americasnewmajorityproject.com/most-support-blocking-states-from-giving-medicaid-to-illegal-immigrants/,4/19/2025,07:00:56 11 Sep 2026,9/11/2026,,REP,900375,219151,11sep2026
All polls,John Zogby Strategies,,4/17/2026,4/18/2026,1001, LV,0.6499239,0,,48.3,44.4,3.899998,48.04561,44.11904,3.926567,https://johnzogbystrategies.com/wp-content/uploads/2026/04/Brand-New-Zogby-Poll-Amid-War-Confusion-04.20.26.html,4/21/2026,07:00:56 11 Sep 2026,9/11/2026,,,901370,9013702,11sep2026
All polls,Noble Predictive Insights,The Center Square,4/15/2025,4/18/2025,2527, RV,1.453194,0,,45,42,3,45.90721,41.92797,3.97924,https://www.thecentersquare.com/polls/,4/18/2025,07:00:56 11 Sep 2026,9/11/2026,,,89719,219149,11sep2026
All polls,Marquette University Law School,,4/8/2026,4/16/2026,576, LV,1.166617,0,,53,43,10,50.68927,41.28572,9.403549,https://law.marquette.edu/poll/2026/04/22/detailed-results-of-the-marquette-law-school-supreme-court-poll-april-8-16-2026-national-issues/,4/22/2026,07:00:56 11 Sep 2026,9/11/2026,,,901385,9013855,11sep2026
All polls,RMG Research,Napolitan Institute,4/16/2025,4/16/2025,1000, RV,0.6194792,0,,50,45,5,50.56664,42.56454,8.002098,https://napolitannews.org/posts/democrats-make-huge-gains-on-generic-ballot,4/16/2025,07:00:56 11 Sep 2026,9/11/2026,,,89745,219148,11sep2026
All polls,McLaughlin & Associates,,4/8/2026,4/15/2026,1000, LV,0.3307613,0,,47,43,4,48.55112,41.26334,7.287781,https://mclaughlinonline.com/pols/wp-content/uploads/2026/04/National-April-Release-Presentation-4-16-26.pdf,4/17/2026,07:00:56 11 Sep 2026,9/11/2026,,,901365,9013651,11sep2026
All polls,GBAO,Third Way,4/8/2026,4/15/2026,2000, RV,1.119476,0,,48,40,8,48.10319,40.82179,7.281403,https://www.thirdway.org/memo/the-cost-of-misplaced-priorities-trumps-coalition-frays,5/12/2026,07:00:56 11 Sep 2026,9/11/2026,,,901453,9014532,11sep2026
All polls,Verasight,Strength in Numbers,4/10/2026,4/14/2026,1386, RV,0.4640253,0,,50,43,7,48.22137,42.95619,5.265182,https://www.gelliottmorris.com/p/2026-04-21-april-strength-in-numbers-verasight-poll,4/21/2026,07:00:56 11 Sep 2026,9/11/2026,,,901375,9013754,11sep2026
All polls,Echelon Insights,,4/10/2025,4/14/2025,1014, LV,0.9521633,0,,47,47,0,45.86123,44.55793,1.303299,https://echeloninsights.com/in-the-news/april-2025-verified-voter-omnibus-2-2-2-2/,4/14/2025,07:00:56 11 Sep 2026,9/11/2026,,,900347,219143,11sep2026
All polls,Clarity Campaign Labs,,4/9/2025,4/14/2025,1008, RV,0.7158472,0,,44,45,-1,42.57497,44.02549,-1.45052,https://45840940.fs1.hubspotusercontent-na1.net/hubfs/45840940/Clarity%20Omnibus%20Overview_April%202025.pdf,4/14/2025,07:00:56 11 Sep 2026,9/11/2026,,,900355,219146,11sep2026
All polls,YouGov,Economist,4/10/2026,4/13/2026,1573, RV,0.2058826,0,,45,40,5,47.28513,41.61829,5.66684,https://d3nkl3psvxxpe9.cloudfront.net/documents/econTabReport_G1zNgZq.pdf,4/14/2026,07:00:56 11 Sep 2026,9/11/2026,,,901355,9013555,11sep2026
All polls,Hart Research Associates/Public Opinion Strategies,CNBC,4/9/2025,4/13/2025,800, RV,0.9632434,0,,48,46,2,46.65081,44.37066,2.280151,https://www.cnbc.com/video/2025/04/17/tariffs-weight-on-trump-approval-cnbc-survey-finds.html,4/13/2025,07:00:56 11 Sep 2026,9/11/2026,,,900354,219145,11sep2026
All polls,Morning Consult,,4/7/2025,4/13/2025,26749, RV,0.1438502,0,,43.54,43.98,-0.4399986,45.58683,43.59447,1.992359,https://pro.morningconsult.com/trackers/2026-midterm-election-generic-ballot-polls,12/15/2025,07:00:56 11 Sep 2026,9/11/2026,,,90844,908431,11sep2026
All polls,Survey160,,4/9/2026,4/12/2026,1539, RV,0.7216122,0,,47,37,10,47.17752,39.10238,8.075142,https://www.survey160.com/methodological-research-blog/survey-160-tracking-poll-april-2026,4/23/2026,07:00:56 11 Sep 2026,9/11/2026,,,901389,9013892,11sep2026
All polls,RealClear Opinion Research,,4/10/2025,4/12/2025,1000, RV,0.8474652,0,,39.8,39.2,0.5999985,41.10345,40.14349,0.9599609,https://www.realclearpolitics.com/articles/2025/04/18/rcp_poll_voters_see_campus_bias_reject_trumps_tariff_pitch_152678.html,4/12/2025,07:00:56 11 Sep 2026,9/11/2026,,,900361,219147,11sep2026
All polls,Morning Consult,,4/6/2025,4/12/2025,27410, RV,0.1454425,0,,45.6,41.8,3.799999,47.64683,41.41447,6.232361,https://pro.morningconsult.com/trackers/2026-midterm-election-generic-ballot-polls,4/21/2026,07:00:56 11 Sep 2026,9/11/2026,,,901373,9013731,11sep2026
All polls,The Winston Group,Winning the Issues,4/8/2025,4/10/2025,1000, RV,1.060541,0,,46,44,2,46.15452,43.79777,2.356747,https://www.winningtheissues.org/2025/04/30/winning-the-issues-april-2025-national-survey/,4/10/2025,07:00:56 11 Sep 2026,9/11/2026,,REP,900570,221306,11sep2026
All polls,"Fabrizio, Lee & Associates/Impact Research",The Wall Street Journal,3/27/2025,4/1/2025,1500, RV,0.8108907,0,,44,43,1,44.4409,43.27779,1.163109,https://www.wsj.com/politics/policy/trump-foreign-policy-approval-voters-poll-c0c29dd0,4/1/2025,07:00:56 11 Sep 2026,9/11/2026,,,89685,219139,11sep2026
All polls,YouGov,Economist,3/6/2026,3/9/2026,1405, RV,0.1766461,0,,45,42,3,47.28513,43.61829,3.66684,https://d3nkl3psvxxpe9.cloudfront.net/documents/econTabReport_EcCnfRV.pdf,3/10/2026,07:00:56 11 Sep 2026,9/11/2026,,,901190,9011904,11sep2026
All polls,McLaughlin & Associates,,3/4/2026,3/9/2026,1000, LV,0.3245663,0,,47,43,4,48.55112,41.26334,7.287781,https://mclaughlinonline.com/pols/wp-content/uploads/2026/03/National-March-Presentation-RELEASE-03-10-26.pdf,3/13/2026,07:00:56 11 Sep 2026,9/11/2026,,,901201,9012011,11sep2026
All polls,Clarity Campaign Labs,,3/3/2025,3/9/2025,1036, RV,0.6994112,0,,46,44,2,44.57497,43.02549,1.54948,https://static1.squarespace.com/static/61ae8d5e55be5c7314b4c83a/t/67d0921f11ba8d57a17670a9/1741722147070/Clarity+Omnibus+Overview+-+March+2025+PUBLIC.pdf,3/9/2025,07:00:56 11 Sep 2026,9/11/2026,,,900268,219133,11sep2026
All polls,Morning Consult,,3/3/2025,3/9/2025,27685, RV,0.1638943,0,,42.92,44.98,-2.060001,44.96683,44.59447,0.3723602,https://pro.morningconsult.com/trackers/2026-midterm-election-generic-ballot-polls,12/15/2025,07:00:56 11 Sep 2026,9/11/2026,,,90839,908381,11sep2026
All polls,Morning Consult,,3/6/2026,3/8/2026,2202, RV,0.0466014,0,,47,43,4,49.04683,42.61448,6.43235,https://pro.morningconsult.com/trackers/donald-trump-congress-policy-republicans-polling,3/12/2026,07:00:56 11 Sep 2026,9/11/2026,,,901196,9011962,11sep2026
All polls,Morning Consult,,3/2/2026,3/8/2026,25948, RV,0.124491,0,,44.5,42.3,2.200001,46.54683,41.91447,4.632359,https://pro.morningconsult.com/trackers/2026-midterm-election-generic-ballot-polls,3/12/2026,07:00:56 11 Sep 2026,9/11/2026,,,901198,9011981,11sep2026
All polls,McLaughlin & Associates,America's New Majority Project,3/4/2025,3/7/2025,1655, LV,0.3117336,0,,45.1,47.8,-2.700001,46.82457,45.8899,0.9346695,https://americasnewmajorityproject.com/most-americans-support-trumps-maha-agenda/,3/7/2025,07:00:56 11 Sep 2026,9/11/2026,,REP,900267,219273,11sep2026
All polls,Noble Predictive Insights,Center Square,3/2/2026,3/5/2026,2659, RV,1.46966,0,,44,43,1,44.90721,42.92797,1.97924,https://www.thecentersquare.com/national/article_c3795c17-be14-4566-a625-eb38b4ffc1bf.html,3/14/2026,07:00:56 11 Sep 2026,9/11/2026,,,901204,9012042,11sep2026
All polls,Cygnal,,3/3/2025,3/5/2025,1500, LV,1.212618,0,,47.4,45.9,1.5,46.44817,44.0862,2.361969,https://www.cygn.al/poll-48-percent-support-trump-negotiating-settlement-to-war-in-ukraine-as-optimism-at-home-rises/,3/5/2025,07:00:56 11 Sep 2026,9/11/2026,,,900272,219134,11sep2026
All polls,RMG Research,Napolitan News Service,3/2/2026,3/4/2026,2000, RV,0.6428904,0,,46,46,0,46.56664,43.56454,3.002098,https://napolitannews.org/posts/generic-ballot-dem-44-percent-gop-43-dems-also-more-enthusiastic,3/6/2026,07:00:56 11 Sep 2026,9/11/2026,,,901176,9011761,11sep2026
All polls,Marist University,NPR | PBS News,3/2/2026,3/4/2026,1392, RV,1.162056,0,,53,44,9,50.42389,43.89621,6.527679,https://maristpoll.marist.edu/wp-content/uploads/2026/03/NPR_PBS-News_Marist-Poll_USA-NOS-and-Tables_202603091024.pdf,3/11/2026,07:00:56 11 Sep 2026,9/11/2026,,,901194,9011943,11sep2026
All polls,Cygnal,,3/3/2026,3/4/2026,1500, LV,1.048102,0,,49,44.8,4.200001,48.04817,42.9862,5.06197,https://www.cygn.al/wp-content/uploads/2026/03/23673-Cygnal-National-Mar26-NVT-Deck-Public.pdf,3/9/2026,07:00:56 11 Sep 2026,9/11/2026,,,901188,9011881,11sep2026
All polls,CNN/SSRS,,3/26/2026,3/30/2026,951, RV,0.5890754,0,,48,42,6,47.79689,41.75687,6.04002,https://www.documentcloud.org/documents/27964261-cnn-poll-conducted-by-ssrs-trump-approval-economy/,4/3/2026,07:00:56 11 Sep 2026,9/11/2026,,,901318,9013184,11sep2026
All polls,YouGov,Economist,3/27/2026,3/30/2026,1505, RV,0.193128,0,,45,39,6,47.28513,40.61829,6.66684,https://d3nkl3psvxxpe9.cloudfront.net/documents/econTabReport_3wplfYX.pdf,3/31/2026,07:00:56 11 Sep 2026,9/11/2026,,,901315,9013155,11sep2026
All polls,YouGov,University of Massachusetts Lowell,3/26/2026,3/30/2026,1000, A,0.1334629,0,,38,35,3,40.28513,36.61829,3.66684,https://www.uml.edu/Research/public-opinion/polls/default.aspx,4/9/2026,07:00:56 11 Sep 2026,9/11/2026,,,901342,9013423,11sep2026
All polls,Morning Consult,,3/24/2025,3/30/2025,27397, RV,0.1507612,0,,43.6,44.44,-0.8400002,45.64683,44.05447,1.592361,https://pro.morningconsult.com/trackers/2026-midterm-election-generic-ballot-polls,12/15/2025,07:00:56 11 Sep 2026,9/11/2026,,,90842,908411,11sep2026
All polls,Hart Research Associates/Public Opinion Strategies,NBC News,2/27/2026,3/3/2026,1000, RV,1.026943,0,,50,44,6,48.65081,42.37066,6.280151,https://www.nbcnews.com/politics/2026-election/poll-trump-struggles-immigration-prices-iran-democrats-midterm-edge-rcna261861,3/8/2026,07:00:56 11 Sep 2026,9/11/2026,,,901183,9011832,11sep2026
All polls,Emerson College,,3/2/2025,3/3/2025,1000, RV,1.17192,0,,44.4,41.4,3,44.27745,42.0102,2.26725,https://emersoncollegepolling.com/march-2025-national-poll/,3/3/2025,07:00:56 11 Sep 2026,9/11/2026,,,89624,218732,11sep2026
All polls,Morning Consult,,3/23/2026,3/29/2026,26725, RV,0.1319512,0,,45.1,42.3,2.799999,47.14683,41.91447,5.232361,https://pro.morningconsult.com/trackers/2026-midterm-election-generic-ballot-polls,4/3/2026,07:00:56 11 Sep 2026,9/11/2026,,,901328,9013281,11sep2026
All polls,HarrisX,Harvard CAPS,3/25/2026,3/26/2026,1475, LV,0.5103771,0,,52,48,4,50.75582,43.8623,6.89352,https://harvardharrispoll.com/wp-content/uploads/2026/03/HHP_Mar2026_KeyResults.pdf,3/30/2026,07:00:56 11 Sep 2026,9/11/2026,,,901313,9013137,11sep2026
All polls,Quantus Insights,,3/25/2026,3/26/2026,1472, LV,0.7794808,0,,47,41.3,5.700001,47.24689,40.93164,6.31525,https://quantusinsights.org/f/new-quantus-survey-a-sour-national-mood-and-a-midterm-warning,4/6/2026,07:00:56 11 Sep 2026,9/11/2026,,,901332,9013322,11sep2026
All polls,Yale University Institution for Social and Policy Studies,,3/9/2026,3/23/2026,3429, RV,1.03154,0,,46,43.7,2.299999,46.94799,43.65987,3.28812,https://youthpoll.yale.edu/spring-2026-results,4/13/2026,07:00:56 11 Sep 2026,9/11/2026,,,901353,9013532,11sep2026
All polls,Quinnipiac University,,3/19/2026,3/23/2026,1191, RV,1.016783,0,,51,40,11,50.08095,40.54009,9.540863,https://poll.qu.edu/poll-release?releaseid=3953,3/25/2026,07:00:56 11 Sep 2026,9/11/2026,,,901302,9013023,11sep2026
All polls,YouGov,Economist,3/20/2026,3/23/2026,1502, RV,0.1886011,0,,45,42,3,47.28513,43.61829,3.66684,https://d3nkl3psvxxpe9.cloudfront.net/documents/econTabReport_o84FoNw.pdf,3/24/2026,07:00:56 11 Sep 2026,9/11/2026,,,901244,9012444,11sep2026
All polls,Ipsos,Reuters,3/20/2026,3/23/2026,985, RV,0.2917307,0,,40,38,2,44.97962,41.42958,3.550041,https://www.ipsos.com/en-us/economy-and-foreign-conflicts-now-publics-top-two-issue-concerns,3/24/2026,07:00:56 11 Sep 2026,9/11/2026,,,901296,9012964,11sep2026
All polls,Morning Consult,,3/17/2025,3/23/2025,27364, RV,0.1541577,0,,43.09,44.61,-1.52,45.13683,44.22448,0.9123497,https://pro.morningconsult.com/trackers/2026-midterm-election-generic-ballot-polls,12/15/2025,07:00:56 11 Sep 2026,9/11/2026,,,90841,908401,11sep2026
All polls,Ipsos,Reuters,3/21/2025,3/23/2025,911, RV,0.5454781,0,,38,38,0,42.97962,41.42958,1.550041,https://www.reuters.com/data/which-party-do-americans-want-run-congress-2025-11-05/,12/15/2025,07:00:56 11 Sep 2026,9/11/2026,,,900299,908271,11sep2026
All polls,Morning Consult,,3/16/2026,3/22/2026,26406, RV,0.1284996,0,,45.2,42.1,3.100002,47.24683,41.71447,5.53236,https://pro.morningconsult.com/trackers/2026-midterm-election-generic-ballot-polls,3/24/2026,07:00:56 11 Sep 2026,9/11/2026,,,901298,9012981,11sep2026
All polls,Morning Consult,Gambling Is Not Investing,3/17/2026,3/22/2026,15029, A,0.0861984,0,,47,42,5,49.04683,41.61448,7.43235,https://www.gamblingisnotinvesting.com/morning-consult-poll-reveals-americans-concerns-with-prediction-markets/,4/2/2026,07:00:56 11 Sep 2026,9/11/2026,,,901322,9013221,11sep2026
All polls,Impact Research/BSP Research,"Third Way, UnidosUS",3/10/2026,3/20/2026,1000, LV,0.9496727,0,,45,41,4,45.70133,41.26118,4.440147,https://www.thirdway.org/memo/president-trumps-immigration-problem,4/16/2026,07:00:56 11 Sep 2026,9/11/2026,,,901360,9013601,11sep2026
All polls,YouGov,Economist,2/27/2026,3/2/2026,1366, RV,0.1725035,0,,45,41,4,47.28513,42.61829,4.66684,https://d3nkl3psvxxpe9.cloudfront.net/documents/econTabReport_ubu5DXD.pdf,3/3/2026,07:00:56 11 Sep 2026,9/11/2026,,,901163,9011634,11sep2026
All polls,Morning Consult,,2/24/2025,3/2/2025,28092, RV,0.17215,0,,42.96,44.61,-1.650002,45.00683,44.22448,0.7823486,https://pro.morningconsult.com/trackers/2026-midterm-election-generic-ballot-polls,12/15/2025,07:00:56 11 Sep 2026,9/11/2026,,,90838,908371,11sep2026
All polls,Public Opinion Strategies,Paragon Health Institute,2/25/2025,3/2/2025,1000, RV,1.202772,0,,44,46,-2,44.87602,45.79605,-0.9200325,https://paragoninstitute.org/medicaid/paragon-health-policy-survey-2025/,3/2/2025,07:00:56 11 Sep 2026,9/11/2026,,,900289,219137,11sep2026
All polls,Ipsos,Reuters,3/17/2026,3/19/2026,1206, RV,0.3163008,0,,40,37,3,44.97962,40.42958,4.550041,https://www.reuters.com/world/middle-east/americans-believe-trump-will-send-troops-into-iran-dont-like-idea-reutersipsos-2026-03-19/,3/20/2026,07:00:56 11 Sep 2026,9/11/2026,,,901227,9012273,11sep2026
All polls,Rasmussen Reports,,3/16/2026,3/19/2026,2222, LV,1.171124,0,,45,42,3,46.09352,41.86619,4.227329,https://www.rasmussenreports.com/platinum/political_tracking_crosstabs/march_2026/crosstabs_generic_congressional_ballot_march_16_19_and_22_23_2026#google_vignette,3/26/2026,07:00:56 11 Sep 2026,9/11/2026,,REP,901306,9013061,11sep2026
All polls,"Normington, Petts & Associates",Third Way,3/12/2025,3/19/2025,800, LV,0.8875322,0,,50,50,0,50.24338,49.33397,0.9094124,https://www.thirdway.org/polling/democrats-immigration-opportunity,3/19/2025,07:00:56 11 Sep 2026,9/11/2026,,,89821,219302,11sep2026
All polls,Verasight,Strength in Numbers,3/16/2026,3/18/2026,1370, RV,0.4647343,0,,49,43,6,47.22137,42.95619,4.265182,https://www.gelliottmorris.com/p/2026-03-24-march-sin-verasight-poll-main-release,3/24/2026,07:00:56 11 Sep 2026,9/11/2026,,,901242,9012424,11sep2026
All polls,John Zogby Strategies,,3/17/2026,3/18/2026,1000, LV,0.6573441,0,,46.3,45.8,0.5,46.04561,45.51904,0.5265694,https://x.com/zogbystrategies/status/2036096236139245673/photo/1,3/23/2026,07:00:56 11 Sep 2026,9/11/2026,,,901240,9012401,11sep2026
All polls,Emerson College,,3/16/2026,3/17/2026,1000, LV,1.024286,0,,49.2,41.5,7.700001,49.07745,42.1102,6.967251,https://emersoncollegepolling.com/march-2026-national-poll-47-oppose-us-military-action-in-iran-40-support/,3/20/2026,07:00:56 11 Sep 2026,9/11/2026,,,901231,9012312,11sep2026
All polls,The Winston Group,Winning the Issues,3/15/2026,3/17/2026,1000, RV,1.019396,0,,49,40,9,49.15452,39.79777,9.356747,https://www.winningtheissues.org/wp-content/uploads/2026/04/March-2026-Winning-the-Issues-Survey.pdf,4/9/2026,07:00:56 11 Sep 2026,9/11/2026,,REP,901343,9013432,11sep2026
All polls,The Argument/Verasight,,3/12/2026,3/17/2026,1519, RV,0.7212003,0,,54,46,8,50.78885,42.69991,8.08894,https://www.theargumentmag.com/p/americans-would-trade-jobs-for-cheaper,3/23/2026,07:00:56 11 Sep 2026,9/11/2026,,,901239,9012392,11sep2026
All polls,YouGov,Economist,3/13/2026,3/16/2026,1429, RV,0.1806409,0,,43,41,2,45.28513,42.61829,2.66684,https://d3nkl3psvxxpe9.cloudfront.net/documents/econTabReport_CwWXhS2.pdf,3/17/2026,07:00:56 11 Sep 2026,9/11/2026,,,901210,9012104,11sep2026
All polls,Morning Consult,,3/13/2026,3/16/2026,2201, RV,0.0472156,0,,48,40,8,50.04683,39.61448,10.43235,https://pro.morningconsult.com/trackers/donald-trump-congress-policy-republicans-polling,3/17/2026,07:00:56 11 Sep 2026,9/11/2026,,,901211,9012112,11sep2026
All polls,Echelon Insights,,3/12/2026,3/16/2026,1033, LV,0.8397796,0,,49,44,5,47.86123,41.55793,6.303299,https://echelonin.wpenginepowered.com/wp-content/uploads/March-2026-Omnibus-Topline-External.pdf,3/16/2026,07:00:56 11 Sep 2026,9/11/2026,,,901208,9012082,11sep2026
All polls,Morning Consult,,3/10/2025,3/16/2025,26877, RV,0.1569012,0,,43.2,44.95,-1.75,45.24683,44.56448,0.6823502,https://pro.morningconsult.com/trackers/2026-midterm-election-generic-ballot-polls,12/15/2025,07:00:56 11 Sep 2026,9/11/2026,,,90840,908391,11sep2026
All polls,Morning Consult,,3/9/2026,3/15/2026,26634, RV,0.1272512,0,,45.4,41.7,3.700001,47.44683,41.31448,6.132351,https://pro.morningconsult.com/trackers/2026-midterm-election-generic-ballot-polls,3/17/2026,07:00:56 11 Sep 2026,9/11/2026,,,901212,9012121,11sep2026
All polls,Survey160,,3/9/2026,3/15/2026,1546, RV,0.7148681,0,,48,38,10,48.17752,40.10238,8.075142,https://www.survey160.com/methodological-research-blog/survey-160-tracking-poll-march-2026,3/24/2026,07:00:56 11 Sep 2026,9/11/2026,,,901243,9012432,11sep2026
All polls,Echelon Insights,,3/10/2025,3/13/2025,1007, LV,1.006631,0,,46,47,-1,44.86123,44.55793,0.303299,https://echeloninsights.com/in-the-news/march-2025-verified-voter-omnibus-2-2-2/,3/13/2025,07:00:56 11 Sep 2026,9/11/2026,,,900276,219135,11sep2026
All polls,YouGov,Yahoo News,3/12/2026,3/12/2026,1148, RV,0.164229,0,,44,40,4,46.28513,41.61829,4.66684,https://www.yahoo.com/news/politics/article/poll-66-of-americans-disapprove-of-trump-on-gas-prices-as-they-feel-effects-of-iran-war-120000483.html,3/18/2026,07:00:56 11 Sep 2026,9/11/2026,,,901216,9012163,11sep2026
All polls,Change Research,,3/8/2026,3/12/2026,1540, RV,0.4309449,0,,47,41,6,48.43171,41.5446,6.887108,https://portal.changeresearch.com/portal/projects/61cdcd30-3c32-4785-9ccb-5fe82cb36389,5/5/2026,07:00:56 11 Sep 2026,9/11/2026,,,901428,9014283,11sep2026
All polls,Hart Research Associates/Public Opinion Strategies,NBC News,3/7/2025,3/11/2025,1000, RV,1.06479,0,,48,47,1,46.65081,45.37066,1.280151,https://www.nbcnews.com/politics/politics-news/democratic-party-hits-new-polling-low-voters-want-fight-trump-harder-rcna196161,3/11/2025,07:00:56 11 Sep 2026,9/11/2026,,,900279,219136,11sep2026
All polls,Focaldata,,3/6/2026,3/10/2026,1534, RV,0.580347,0,,48,42,6,47.10418,41.3021,5.802078,https://www.focaldata.com/blog/democrats-increase-lead-and-rubio-stock-surges-amid-iran-war,3/13/2026,07:00:56 11 Sep 2026,9/11/2026,,,901203,9012034,11sep2026
All polls,McLaughlin & Associates,Tea Party Patriots,3/10/2026,3/10/2026,1000, LV,0.3235947,0,,46.9,43.3,3.600002,48.62457,41.3899,7.234669,https://www.teapartypatriots.org/save-america-act-poll/,3/18/2026,07:00:56 11 Sep 2026,9/11/2026,,REP,901222,9012221,11sep2026
All polls,Morning Consult,,2/23/2026,3/1/2026,25404, RV,0.1220434,0,,44.7,42.1,2.600002,46.74683,41.71447,5.03236,https://pro.morningconsult.com/trackers/2026-midterm-election-generic-ballot-polls,3/12/2026,07:00:56 11 Sep 2026,9/11/2026,,,901197,9011971,11sep2026
All polls,Morning Consult,,2/6/2026,2/9/2026,2200, RV,0.045201,0,,45,41,4,47.04683,40.61448,6.43235,https://pro.morningconsult.com/trackers/donald-trump-congress-policy-republicans-polling#trump-s-performance-on-the-issues,2/9/2026,07:00:56 11 Sep 2026,9/11/2026,,,901091,9010912,11sep2026
All polls,YouGov,Economist,2/6/2026,2/9/2026,1551, RV,0.1801741,0,,44,38,6,46.28513,39.61829,6.66684,https://d3nkl3psvxxpe9.cloudfront.net/documents/econTabReport_vNnwPx2.pdf,2/10/2026,07:00:56 11 Sep 2026,9/11/2026,,,901094,9010944,11sep2026
All polls,Morning Consult,,2/3/2025,2/9/2025,26690, RV,0.2069301,0,,42.65,45.22,-2.57,44.69683,44.83448,-0.1376495,https://pro.morningconsult.com/trackers/2026-midterm-election-generic-ballot-polls,12/15/2025,07:00:56 11 Sep 2026,9/11/2026,,,90835,908341,11sep2026
All polls,Morning Consult,,2/2/2026,2/8/2026,24606, RV,0.118487,0,,44.5,42.3,2.200001,46.54683,41.91447,4.632359,https://pro.morningconsult.com/trackers/2026-midterm-election-generic-ballot-polls,2/9/2026,07:00:56 11 Sep 2026,9/11/2026,,,901093,9010931,11sep2026
All polls,Clarity Campaign Labs,,1/31/2025,2/6/2025,1102, RV,0.7783728,0,,45,44,1,43.57497,43.02549,0.5494804,https://static1.squarespace.com/static/61ae8d5e55be5c7314b4c83a/t/67aa57a7976e415c4d212706/1739216809584/Clarity+Omnibus+Overview+-+Jan_Feb+2025.pdf,2/6/2025,07:00:56 11 Sep 2026,9/11/2026,,,89553,218119,11sep2026
All polls,John Zogby Strategies,,2/4/2026,2/5/2026,1000, LV,0.7672434,0,,46.9,41.2,5.700001,46.64561,40.91904,5.72657,https://johnzogbystrategies.com/the-presidents-approval-ratings-underwater-on-overall-job-all-key-voter-issues/,2/7/2026,07:00:56 11 Sep 2026,9/11/2026,,,901087,9010872,11sep2026
All polls,Cygnal,,2/4/2025,2/5/2025,1500, LV,1.215793,0,,46.2,47.2,-1,45.24817,45.3862,-0.138031,https://www.cygn.al/poll-trump-winning-over-black-men-dei-skeptics-and-border-hawks-as-democrats-lose-ground/,2/5/2025,07:00:56 11 Sep 2026,9/11/2026,,,89560,218218,11sep2026
All polls,Cygnal,,2/3/2026,2/4/2026,1500, LV,1.035055,0,,47.8,44.4,3.399998,46.84817,42.5862,4.261971,https://www.cygn.al/wp-content/uploads/2026/02/23572-Cygnal-National-NVT-Feb26-Deck-Public.pdf,2/11/2026,07:00:56 11 Sep 2026,9/11/2026,,,901099,9010991,11sep2026
All polls,TIPP Insights,Issues & Insights,2/24/2026,2/27/2026,1264, RV,1.235537,0,,45.5,44.2,1.299999,46.48748,44.02853,2.45895,https://tippinsights.com/americas-stalemate/,3/13/2026,07:00:56 11 Sep 2026,9/11/2026,,,901202,9012021,11sep2026
All polls,HarrisX,Harvard CAPS,2/25/2026,2/26/2026,1560, LV,0.5844427,0,,50,50,0,48.75582,45.8623,2.89352,https://harvardharrispoll.com/key-results-february-2026/,3/2/2026,07:00:56 11 Sep 2026,9/11/2026,,,901161,9011615,11sep2026
All polls,Cygnal,American Principles Project,2/24/2026,2/26/2026,1048, LV,0.897121,0,,48.3,44.6,3.700001,47.52211,42.61226,4.909851,https://act.americanprinciplesproject.org/p/protect-kids-online/results?access=press,3/6/2026,07:00:56 11 Sep 2026,9/11/2026,,REP,901177,9011771,11sep2026
All polls,GrayHouse,America One Policies,2/20/2026,2/23/2026,1394, RV,0.8174829,0,,43,40,3,44.26286,39.84642,4.416439,https://www.americaonepolicies.com/polls/attitudes-on-iran-the-economy-and-affordability,3/5/2026,07:00:56 11 Sep 2026,9/11/2026,,REP,901173,9011731,11sep2026
All polls,YouGov,Economist,2/20/2026,2/23/2026,1402, RV,0.1718835,0,,45,41,4,47.28513,42.61829,4.66684,https://d3nkl3psvxxpe9.cloudfront.net/documents/econTabReport_5ZLQm8s.pdf,2/24/2026,07:00:56 11 Sep 2026,9/11/2026,,,901129,9011294,11sep2026
All polls,YouGov,Pennsylvania State University McCourtney Institute for Democracy,2/18/2026,2/23/2026,824, RV,0.1379884,0,,42,37,5,44.28513,38.61829,5.66684,https://democracy.psu.edu/poll-report-archive/democrats-have-edge-in-congressional-generic-ballot/,3/10/2026,07:00:56 11 Sep 2026,9/11/2026,,,901191,9011911,11sep2026
All polls,Ipsos,Reuters,2/18/2026,2/23/2026,3686, RV,0.4829522,0,,40,38,2,44.97962,41.42958,3.550041,https://www.reuters.com/world/us/most-americans-say-trump-is-growing-erratic-with-age-reutersipsos-poll-finds-2026-02-24/,2/24/2026,07:00:56 11 Sep 2026,9/11/2026,,,901130,9011303,11sep2026
All polls,Echelon Insights,,2/19/2026,2/23/2026,1002, LV,0.8725334,0,,50,46,4,48.86123,43.55793,5.303299,https://echeloninsights.com/in-the-news/february-2026-verified-voter-omnibus/,2/23/2026,07:00:56 11 Sep 2026,9/11/2026,,,901127,9011272,11sep2026
All polls,Morning Consult,,2/17/2025,2/23/2025,27621, RV,0.1808938,0,,42.1,45.1,-3,44.14683,44.71447,-0.5676384,https://pro.morningconsult.com/trackers/2026-midterm-election-generic-ballot-polls,12/15/2025,07:00:56 11 Sep 2026,9/11/2026,,,90837,908361,11sep2026
All polls,Ipsos,Reuters,2/21/2025,2/23/2025,891, RV,0.5598569,0,,38,40,-2,42.97962,43.42958,-0.4499588,https://www.reuters.com/data/which-party-do-americans-want-run-congress-2025-11-05/,12/15/2025,07:00:56 11 Sep 2026,9/11/2026,,,89602,908281,11sep2026
All polls,Morning Consult,,2/16/2026,2/22/2026,26087, RV,0.1218086,0,,44.9,42,2.900002,46.94683,41.61448,5.332352,https://pro.morningconsult.com/trackers/2026-midterm-election-generic-ballot-polls,2/26/2026,07:00:56 11 Sep 2026,9/11/2026,,,901141,9011411,11sep2026
All polls,Global Strategy Group,Campaign For A Family Friendly Economy (PAC),2/17/2026,2/22/2026,1051, LV,1.020801,0,,48,40,8,47.92624,40.54595,7.380287,https://www.semafor.com/article/03/23/2026/poll-caretaking-anecdotes-resonate-with-voters,3/24/2026,07:00:56 11 Sep 2026,9/11/2026,,,901245,9012451,11sep2026
All polls,Morning Consult,,2/20/2026,2/22/2026,2202, RV,0.0455162,0,,46,42,4,48.04683,41.61448,6.43235,https://pro.morningconsult.com/trackers/donald-trump-congress-policy-republicans-polling,2/25/2026,07:00:56 11 Sep 2026,9/11/2026,,,901137,9011372,11sep2026
All polls,Emerson College,,2/21/2026,2/22/2026,1000, LV,1.022207,0,,50.4,42.4,8,50.27745,43.0102,7.26725,https://emersoncollegepolling.com/february-2026-national-poll-trump-approval-steady-as-disapproval-rises-vance-leads-gop-field-while-democrats-hold-midterm-edge/,2/26/2026,07:00:56 11 Sep 2026,9/11/2026,,,901139,9011392,11sep2026
All polls,RMG Research,Napolitan Institute,2/20/2025,2/21/2025,1000, RV,0.7005252,0,,46,48,-2,46.56664,45.56454,1.002098,https://x.com/ScottWRasmussen/status/1894720317291114920,2/21/2025,07:00:56 11 Sep 2026,9/11/2026,,,89604,218572,11sep2026
All polls,Verasight,Strength in Numbers,2/18/2026,2/20/2026,1401, RV,0.4937717,0,,52,42,10,50.22137,41.95619,8.265182,https://www.gelliottmorris.com/p/ahead-of-state-of-the-union-address,2/24/2026,07:00:56 11 Sep 2026,9/11/2026,,,901131,9011314,11sep2026
All polls,YouGov,Economist,1/30/2026,2/2/2026,1504, RV,0.1809378,0,,44,40,4,46.28513,41.61829,4.66684,https://d3nkl3psvxxpe9.cloudfront.net/documents/econTabReport_DDIQ8jz.pdf,2/3/2026,07:00:56 11 Sep 2026,9/11/2026,,,901075,9010754,11sep2026
All polls,Morning Consult,,1/27/2025,2/2/2025,29303, RV,0.2375639,0,,42.85,43.76,-0.9099998,44.89683,43.37447,1.522362,https://pro.morningconsult.com/trackers/2026-midterm-election-generic-ballot-polls,12/15/2025,07:00:56 11 Sep 2026,9/11/2026,,,90834,908331,11sep2026
All polls,Talker Research,Scripps News,2/13/2026,2/19/2026,1000, A,0.7470228,0,,42,36,6,42.87857,37.48224,5.396332,https://www.scrippsnews.com/politics/scripps-news-talker-research-poll-high-interest-in-state-of-the-union-amid-economic-worries,2/24/2026,07:00:56 11 Sep 2026,9/11/2026,,,901134,9011342,11sep2026
All polls,Change Research,,2/5/2026,2/18/2026,1741, RV,0.4617745,0,,43,40,3,44.43171,40.5446,3.887108,https://portal.changeresearch.com/portal/projects/9c8a3c8a-70c6-47f8-80bf-596426bc3318,5/5/2026,07:00:56 11 Sep 2026,9/11/2026,,,901427,9014272,11sep2026
All polls,YouGov,Bowling Green State University,2/13/2026,2/18/2026,1200, RV,0.1607052,0,,49,41,8,51.28513,42.61829,8.66684,https://scholarworks.bgsu.edu/cgi/viewcontent.cgi?article=1017&context=depo,2/24/2026,07:00:56 11 Sep 2026,9/11/2026,,,901133,9011332,11sep2026
All polls,YouGov,The Economist,2/16/2025,2/18/2025,1451, RV,0.8102629,0,,42,41,1,44.28513,42.61829,1.66684,https://d3nkl3psvxxpe9.cloudfront.net/documents/econTabReport_OFVhPxp.pdf,2/18/2025,07:00:56 11 Sep 2026,9/11/2026,,,89579,218440,11sep2026
All polls,McLaughlin & Associates,,2/11/2025,2/18/2025,1000, LV,0.2479396,0,,41,48,-7,42.55112,46.26334,-3.712219,https://mclaughlinonline.com/pols/wp-content/uploads/2025/02/National-February-Presentation-RELEASE-02-18-25.pdf,2/18/2025,07:00:56 11 Sep 2026,9/11/2026,,,89590,218441,11sep2026
All polls,Ipsos,The Washington Post | ABC News,2/12/2026,2/17/2026,2087, RV,0.3844451,0,,47,45,2,51.97962,48.42958,3.550041,https://www.washingtonpost.com/politics/2026/02/25/poll-democrats-trump-republicans-midterms/,2/26/2026,07:00:56 11 Sep 2026,9/11/2026,,,901121,9011213,11sep2026
All polls,co/efficient,,2/15/2025,2/17/2025,2063, LV,1.185373,0,,44,46,-2,44.6364,44.95353,-0.317131,https://coefficient.org/doge-part-2/,2/17/2025,07:00:56 11 Sep 2026,9/11/2026,,REP,89596,218564,11sep2026
All polls,McLaughlin & Associates,U.S. Chamber of Commerce,2/13/2025,2/17/2025,1600, LV,0.2992223,0,,43,47,-4,44.72457,45.0899,-0.3653297,https://www.uschamber.com/assets/documents/USCC_National-Tax-Survey_Deck_Feb-2025.pdf,2/17/2025,07:00:56 11 Sep 2026,9/11/2026,,REP,89766,219131,11sep2026
All polls,Ipsos,Reuters,2/13/2026,2/16/2026,846, RV,0.2666899,0,,41,37,4,45.97962,40.42958,5.550041,https://www.reuters.com/world/us/trumps-immigration-approval-hits-new-low-according-reutersipsos-poll-2026-02-17/,2/18/2026,07:00:56 11 Sep 2026,9/11/2026,,,901116,9011163,11sep2026
All polls,Morning Consult,,2/13/2026,2/16/2026,2200, RV,0.0452091,0,,45,41,4,47.04683,40.61448,6.43235,https://pro.morningconsult.com/trackers/donald-trump-congress-policy-republicans-polling,2/17/2026,07:00:56 11 Sep 2026,9/11/2026,,,901115,9011152,11sep2026
All polls,The Bullfinch Group,Independent Center,2/13/2026,2/16/2026,1000, RV,0.6390123,0,,46,35,11,48.54215,38.65187,9.890278,https://www.thebullfinchgroup.com/post/public-release-of-bullfinch-mainframe-q1-nationwide-survey,6/4/2026,07:00:56 11 Sep 2026,9/11/2026,,,901515,9015154,11sep2026
All polls,YouGov,Economist,2/13/2026,2/16/2026,1512, RV,0.1762925,0,,47,40,7,49.28513,41.61829,7.66684,https://d3nkl3psvxxpe9.cloudfront.net/documents/econTabReport_usZL1Jt.pdf,2/17/2026,07:00:56 11 Sep 2026,9/11/2026,,,901112,9011124,11sep2026
All polls,Morning Consult,,2/10/2025,2/16/2025,27203, RV,0.1925866,0,,42.33,45.23,-2.899998,44.37683,44.84447,-0.4676399,https://pro.morningconsult.com/trackers/2026-midterm-election-generic-ballot-polls,12/15/2025,07:00:56 11 Sep 2026,9/11/2026,,,90836,908351,11sep2026
All polls,Morning Consult,,2/9/2026,2/15/2026,24849, RV,0.1189897,0,,44.9,41.8,3.100002,46.94683,41.41447,5.53236,https://pro.morningconsult.com/trackers/2026-midterm-election-generic-ballot-polls,2/27/2026,07:00:56 11 Sep 2026,9/11/2026,,,901151,9011511,11sep2026
All polls,Echelon Insights,,2/10/2025,2/13/2025,1010, LV,1.107661,0,,46,47,-1,44.86123,44.55793,0.303299,https://echeloninsights.com/in-the-news/feb-2025-verified-voter-omnibus-2-2/,2/13/2025,07:00:56 11 Sep 2026,9/11/2026,,,89566,218247,11sep2026
All polls,YouGov,Yahoo News,2/9/2026,2/12/2026,1149, RV,0.1589617,0,,44,41,3,46.28513,42.61829,3.66684,https://www.yahoo.com/news/politics/article/poll-trumps-approval-rating-hits-new-low-as-immigration-backlash-grows-and-ice-withdraws-from-minnesota-204723473.html,2/19/2026,07:00:56 11 Sep 2026,9/11/2026,,,901108,9011083,11sep2026
All polls,RMG Research,Napolitan News Service,2/9/2026,2/12/2026,2000, RV,0.6404142,0,,45,47,-2,45.56664,44.56454,1.002098,https://napolitannews.org/posts/generic-ballot-gop-44-percent-dem-41-but-dems-more-enthusiastic,2/13/2026,07:00:56 11 Sep 2026,9/11/2026,,,901104,9011041,11sep2026
All polls,The Argument/Verasight,,2/4/2026,2/10/2026,3003, RV,0.8525737,0,,53,47,6,49.78885,43.69991,6.08894,https://www.theargumentmag.com/p/the-trans-rights-backlash-is-real,2/17/2026,07:00:56 11 Sep 2026,9/11/2026,,,901113,9011132,11sep2026
All polls,Focaldata,,2/10/2026,2/10/2026,957, LV,0.5549732,0,,51.1,43.6,7.5,50.20418,42.9021,7.302082,https://www.focaldata.com/blog/cost-of-living-fuelling-democrat-strength-in-new-midterms-polling,2/13/2026,07:00:56 11 Sep 2026,9/11/2026,,,901106,9011066,11sep2026
All polls,Morning Consult,,1/26/2026,2/1/2026,25492, RV,0.1203844,0,,44.5,42.3,2.200001,46.54683,41.91447,4.632359,https://pro.morningconsult.com/trackers/2026-midterm-election-generic-ballot-polls,2/9/2026,07:00:56 11 Sep 2026,9/11/2026,,,901092,9010921,11sep2026
All polls,Morning Consult,,1/30/2026,2/1/2026,2201, RV,0.0452108,0,,47,42,5,49.04683,41.61448,7.43235,https://pro.morningconsult.com/trackers/donald-trump-congress-policy-republicans-polling,2/2/2026,07:00:56 11 Sep 2026,9/11/2026,,,901072,9010722,11sep2026
All polls,"Fabrizio, Lee & Associates/Impact Research",AARP,1/27/2025,2/1/2025,3000, RV,1.015174,0,,43,43,0,43.4409,43.27779,0.1631088,https://www.aarp.org/content/dam/aarp/research/topics/voter-opinion-research/politics/federal-tax-package-legislative-priorities.doi.10.26419-2fres.00921.001.pdf,2/1/2025,07:00:56 11 Sep 2026,9/11/2026,,,89555,218160,11sep2026
All polls,YouGov,Economist,12/5/2025,12/8/2025,1380, RV,0.1882515,0,,42,37,5,44.28513,38.61829,5.66684,https://d3nkl3psvxxpe9.cloudfront.net/documents/econTabReport_qLhWxpK.pdf,12/15/2025,07:00:56 11 Sep 2026,9/11/2026,,,900931,908082,11sep2026
All polls,GrayHouse,America One Policies,12/6/2025,12/8/2025,2058, RV,0.8931435,0,,45,41,4,46.26286,40.84642,5.416439,https://www.americaonepolicies.com/polls/selling-the-one-big-beautiful-bill,3/6/2026,07:00:56 11 Sep 2026,9/11/2026,,REP,901182,9011821,11sep2026
All polls,Ipsos,Reuters,12/3/2025,12/8/2025,3521, RV,0.5110547,0,,40,39,1,44.97962,42.42958,2.550041,https://www.reuters.com/data/trumps-approval-rating-2025-01-21/,12/15/2025,07:00:56 11 Sep 2026,9/11/2026,,,900932,9009324,11sep2026
All polls,Hart Research Associates/Public Opinion Strategies,CNBC,12/4/2025,12/8/2025,800, RV,0.9065882,0,,50,46,4,48.65081,44.37066,4.280151,https://fm.cnbc.com/applications/cnbc.com/resources/editorialfiles/2025/12/16/TOPLINES_250313_CNBC_AAES_Q4_2025_new.pdf,12/17/2025,07:00:56 11 Sep 2026,9/11/2026,,,900958,9009582,11sep2026
All polls,Morning Consult,,12/5/2025,12/7/2025,2201, RV,0.0461989,0,,46,43,3,48.04683,42.61448,5.43235,https://pro.morningconsult.com/trackers/donald-trump-congress-policy-republicans-polling,12/15/2025,07:00:56 11 Sep 2026,9/11/2026,,,900929,908121,11sep2026
All polls,Morning Consult,,12/1/2025,12/7/2025,19970, RV,0.1114493,0,,44.22,42.82,1.400002,46.26683,42.43447,3.832359,https://pro.morningconsult.com/trackers/2026-midterm-election-generic-ballot-polls,12/15/2025,07:00:56 11 Sep 2026,9/11/2026,,,90878,908771,11sep2026
All polls,Cygnal,,12/5/2025,12/7/2025,1500, LV,1.177523,0,,48,44.1,3.900002,47.04817,42.2862,4.761967,https://www.cygn.al/wp-content/uploads/2025/12/23448-Cygnal-National-Dec25-NVT-Deck-Public.pdf,12/15/2025,07:00:56 11 Sep 2026,9/11/2026,,,90811,908111,11sep2026
All polls,RMG Research,Napolitan Institute,12/1/2025,12/4/2025,2000, RV,0.6809877,0,,44,48,-4,44.56664,45.56454,-0.9979019,https://napolitannews.org/posts/generic-ballot-gop-45-percent-dem-41,12/15/2025,07:00:56 11 Sep 2026,9/11/2026,,,90807,908071,11sep2026
All polls,YouGov,Economist,12/26/2025,12/29/2025,1420, RV,0.1900602,0,,42,38,4,44.28513,39.61829,4.66684,https://d3nkl3psvxxpe9.cloudfront.net/documents/econTabReport_h1aYmmb.pdf,12/30/2025,07:00:56 11 Sep 2026,9/11/2026,,,900985,9009854,11sep2026
All polls,Morning Consult,,12/22/2025,12/28/2025,22258, RV,0.1164703,0,,43.8,43.5,0.2999992,45.84683,43.11448,2.732349,https://pro-assets.morningconsult.com/wp-uploads/2026/08/MCPI-PI-Weekly.html,8/24/2026,07:00:56 11 Sep 2026,9/11/2026,,,901752,9017521,11sep2026
All polls,YouGov,Economist,12/20/2025,12/22/2025,1425, RV,0.1923153,0,,43,40,3,45.28513,41.61829,3.66684,https://d3nkl3psvxxpe9.cloudfront.net/documents/econTabReport_nBgFw7w.pdf,12/23/2025,07:00:56 11 Sep 2026,9/11/2026,,,900976,9009764,11sep2026
All polls,Morning Consult,,12/15/2025,12/21/2025,20240, RV,0.1120802,0,,44.63,42.35,2.280003,46.67683,41.96447,4.71236,https://pro.morningconsult.com/trackers/2026-midterm-election-generic-ballot-polls,12/22/2025,07:00:56 11 Sep 2026,9/11/2026,,,900974,9009741,11sep2026
All polls,Morning Consult,,12/19/2025,12/21/2025,2203, RV,0.0462171,0,,47,43,4,49.04683,42.61448,6.43235,https://pro.morningconsult.com/trackers/donald-trump-congress-policy-republicans-polling,12/22/2025,07:00:56 11 Sep 2026,9/11/2026,,,900973,9009732,11sep2026
All polls,AtlasIntel,,12/15/2025,12/19/2025,2315, A,1.342132,0,,54.4,38.4,16,51.13835,39.10737,12.03098,https://www.atlasintel.org/poll/usa-national-2025-12-19,12/19/2025,07:00:56 11 Sep 2026,9/11/2026,,,900964,9009642,11sep2026
All polls,McLaughlin & Associates,,12/12/2025,12/19/2025,1000, LV,0.3829303,0,,46,45,1,47.55112,43.26334,4.287781,https://mclaughlinonline.com/2025/12/23/national-monthly-december-2025/,12/26/2025,07:00:56 11 Sep 2026,9/11/2026,,,900979,9009791,11sep2026
All polls,Fabrizio Ward,Building Americaâs Future,12/15/2025,12/17/2025,1000, RV,1.071721,0,,45,38,7,46.1415,38.3386,7.802898,https://buildingamericasfuture.com/wp-content/uploads/2025/12/AI-Federal-Preemption-National-Voter-Survey-Memo.pdf,12/22/2025,07:00:56 11 Sep 2026,9/11/2026,,REP,900970,9009701,11sep2026
All polls,Echelon Insights/GBAO,AARP,12/9/2025,12/16/2025,2023, LV,1.053675,0,,47,43,4,47.05004,42.79783,4.252213,https://www.aarp.org/content/dam/aarp/research/topics/work-finances-retirement/financial-security-retirement/shes-the-difference-financial-security-annotated-questionnaire.doi.10.26419-2fres.01033.002.pdf,2/12/2026,07:00:56 11 Sep 2026,9/11/2026,,,901102,9011022,11sep2026
All polls,McLaughlin & Associates,,12/11/2024,12/16/2024,1000, LV,0.474803,0,,42,47,-5,43.55112,45.26334,-1.712219,https://mclaughlinonline.com/2024/12/18/ma-poll-national-monthly-december-2024/,12/16/2024,07:00:56 11 Sep 2026,9/11/2026,,,89445,217185,11sep2026
All polls,Quinnipiac University,,12/11/2025,12/15/2025,1035, RV,0.9742082,0,,47,43,4,46.08095,43.54009,2.540863,https://poll.qu.edu/poll-release?releaseid=3943,12/17/2025,07:00:56 11 Sep 2026,9/11/2026,,,900955,9009552,11sep2026
All polls,Ipsos,Reuters,12/12/2025,12/15/2025,775, RV,0.2902109,0,,40,36,4,44.97962,39.42958,5.550041,https://www.reuters.com/data/which-party-do-americans-want-run-congress-2025-11-05/,12/16/2025,07:00:56 11 Sep 2026,9/11/2026,,,900951,9009512,11sep2026
All polls,Echelon Insights,,12/11/2025,12/15/2025,1011, LV,0.9524329,0,,48,45,3,46.86123,42.55793,4.303299,https://echelonin.wpenginepowered.com/wp-content/uploads/December-2025-Omnibus-Topline-External.pdf,12/16/2025,07:00:56 11 Sep 2026,9/11/2026,,,900948,9009482,11sep2026
All polls,Morning Consult,,12/12/2025,12/15/2025,2201, RV,0.0462435,0,,45,44,1,47.04683,43.61448,3.43235,https://pro.morningconsult.com/trackers/donald-trump-congress-policy-republicans-polling,12/15/2025,07:00:56 11 Sep 2026,9/11/2026,,,900945,908321,11sep2026
All polls,YouGov,Economist,12/12/2025,12/15/2025,1453, RV,0.1937343,0,,43,39,4,45.28513,40.61829,4.66684,https://d3nkl3psvxxpe9.cloudfront.net/documents/econTabReport_FJyfDu9.pdf,12/16/2025,07:00:56 11 Sep 2026,9/11/2026,,,900947,9009474,11sep2026
All polls,Emerson College,,12/14/2025,12/15/2025,1000, RV,0.8940574,0,,43.5,41.7,1.799999,43.37745,42.3102,1.067249,https://emersoncollegepolling.com/december-2025-national-poll-trumps-approval-flips-since-start-of-the-year/,12/18/2025,07:00:56 11 Sep 2026,9/11/2026,,,900960,9009602,11sep2026
All polls,Ipsos,Reuters,12/13/2024,12/15/2024,890, RV,0.7307567,0,,41,37,4,45.97962,40.42958,5.550041,https://www.reuters.com/data/which-party-do-americans-want-run-congress-2025-11-05/,12/15/2025,07:00:56 11 Sep 2026,9/11/2026,,,90831,908301,11sep2026
All polls,Morning Consult,,12/8/2025,12/14/2025,19954, RV,0.1114877,0,,44.19,42.53,1.66,46.23683,42.14447,4.092361,https://pro.morningconsult.com/trackers/2026-midterm-election-generic-ballot-polls,12/16/2025,07:00:56 11 Sep 2026,9/11/2026,,,900952,9009521,11sep2026
All polls,Clarity Campaign Labs,,12/4/2025,12/11/2025,1000, RV,0.7103853,0,,49,44,5,47.57497,43.02549,4.54948,https://www.claritycampaigns.com/clarity-omnibus-dec-2025,12/16/2025,07:00:56 11 Sep 2026,9/11/2026,,,900949,9009492,11sep2026
All polls,The Argument/Verasight,,12/5/2025,12/11/2025,1521, RV,0.7103798,0,,50.6,49.4,1.199997,47.38885,46.09991,1.28894,https://www.theargumentmag.com/p/have-democrats-lost-their-education,12/16/2025,07:00:56 11 Sep 2026,9/11/2026,,,900950,9009502,11sep2026
All polls,Cygnal,,12/9/2024,12/11/2024,1500, LV,1.407075,0,,44.6,48.4,-3.800003,43.64817,46.5862,-2.93803,https://www.cygn.al/poll-musk-most-effective-trump-surrogate-as-voters-rally-behind-doge-deportations-and-congressional-republicans/,12/11/2024,07:00:56 11 Sep 2026,9/11/2026,,,89437,217076,11sep2026
All polls,Change Research,,12/5/2025,12/10/2025,1520, RV,0.4784936,0,,43,43,0,44.43171,43.5446,0.8871078,https://portal.changeresearch.com/portal/projects/462322ed-5e5a-43bd-b4ff-43acb1d433e2,5/5/2026,07:00:56 11 Sep 2026,9/11/2026,,,901425,9014252,11sep2026
All polls,YouGov,Economist,11/28/2025,12/1/2025,1456, RV,0.1902269,0,,45,39,6,47.28513,40.61829,6.66684,https://d3nkl3psvxxpe9.cloudfront.net/documents/econTabReport_szm0BQt.pdf,12/2/2025,07:00:56 11 Sep 2026,9/11/2026,,,900913,908002,11sep2026
All polls,Morning Consult,,11/3/2025,11/9/2025,21394, RV,0.1146991,0,,43.83,42.3,1.530003,45.87683,41.91447,3.96236,https://pro.morningconsult.com/trackers/2026-midterm-election-generic-ballot-polls,12/15/2025,07:00:56 11 Sep 2026,9/11/2026,,,90874,908731,11sep2026
All polls,Morning Consult,,11/7/2025,11/9/2025,2201, RV,0.046169,0,,48,43,5,50.04683,42.61448,7.43235,https://pro.morningconsult.com/trackers/donald-trump-congress-policy-republicans-polling,11/12/2025,07:00:56 11 Sep 2026,9/11/2026,,,900862,907701,11sep2026
All polls,Cygnal,,11/5/2025,11/6/2025,1500, LV,1.198579,0,,50,44,6,49.04817,42.1862,6.861969,https://www.cygn.al/poll-voters-say-less-socialism-more-stabilityeconomic-concerns-surge-heading-into-2026/,11/14/2025,07:00:56 11 Sep 2026,9/11/2026,,,90781,907811,11sep2026
All polls,Emerson College,,11/3/2025,11/4/2025,1000, RV,0.9000256,0,,43.5,40.1,3.400002,43.37745,40.7102,2.667248,https://emersoncollegepolling.com/november-2025-national-poll/,11/12/2025,07:00:56 11 Sep 2026,9/11/2026,,,900856,907691,11sep2026
All polls,Morning Consult,,11/24/2025,11/30/2025,21658, RV,0.1148528,0,,44,42.42,1.580002,46.04683,42.03447,4.01236,https://pro.morningconsult.com/trackers/2026-midterm-election-generic-ballot-polls,12/15/2025,07:00:56 11 Sep 2026,9/11/2026,,,90877,908761,11sep2026
All polls,Morning Consult,,11/26/2025,11/30/2025,2200, RV,0.0460517,0,,45,41,4,47.04683,40.61448,6.43235,https://pro.morningconsult.com/trackers/donald-trump-congress-policy-republicans-polling,12/2/2025,07:00:56 11 Sep 2026,9/11/2026,,,900911,907991,11sep2026
All polls,YouGov,The Economist,10/31/2025,11/3/2025,1470, RV,0.1846349,0,,44,41,3,46.28513,42.61829,3.66684,https://d3nkl3psvxxpe9.cloudfront.net/documents/econTabReport_5RO6eos.pdf,11/12/2025,07:00:56 11 Sep 2026,9/11/2026,,,90768,907682,11sep2026
All polls,GBAO,Third Way,11/19/2025,11/26/2025,2000, RV,1.12634,0,,48,42,6,48.10319,42.82179,5.281403,https://uploads.thirdway.org/downloads/food-medicine-fuel-for-a-wave/Third-WayGBAO-National-Framing-Survey-Toplines-November-2025.pdf,12/26/2025,07:00:56 11 Sep 2026,9/11/2026,,,900980,9009802,11sep2026
All polls,J.L. Partners,DailyMail.com,11/19/2025,11/25/2025,797, LV,0.9288057,0,,50,46,4,50.04594,47.08558,2.960361,https://jlpartners.com/nov25-rv,12/6/2025,07:00:56 11 Sep 2026,9/11/2026,,,90806,908061,11sep2026
All polls,The Bullfinch Group,,11/21/2025,11/25/2025,1000, RV,0.6282905,0,,41,35,6,43.54215,38.65187,4.890278,https://www.thebullfinchgroup.com/post/public-release-of-bullfinch-q4-nationwide-survey-3,12/2/2025,07:00:56 11 Sep 2026,9/11/2026,,,900910,907982,11sep2026
All polls,YouGov,Economist,11/21/2025,11/24/2025,1511, RV,0.1909047,0,,44,39,5,46.28513,40.61829,5.66684,https://d3nkl3psvxxpe9.cloudfront.net/documents/econTabReport_uZaQqtv.pdf,11/25/2025,07:00:56 11 Sep 2026,9/11/2026,,,900900,907942,11sep2026
All polls,YouGov,Yahoo News,11/20/2025,11/24/2025,1131, RV,0.1699167,0,,43,40,3,45.28513,41.61829,3.66684,"https://www.scribd.com/document/955905163/Yahoo-YouGov-Politics-Poll-November-2025#content=query:election,pageNum:2,indexOnPage:0,bestMatch:false",11/28/2025,07:00:56 11 Sep 2026,9/11/2026,,,900905,907961,11sep2026
All polls,McLaughlin & Associates,,11/17/2025,11/24/2025,1000, LV,0.3746423,0,,45,44,1,46.55112,42.26334,4.287781,https://mclaughlinonline.com/pols/wp-content/uploads/2025/11/National-November-Presentation-RELEASE-11-25-25-1.pdf,11/28/2025,07:00:56 11 Sep 2026,9/11/2026,,,90797,907971,11sep2026
All polls,Rasmussen Reports,,11/18/2025,11/23/2025,2410, LV,1.250664,0,,45,42,3,46.09352,41.86619,4.227329,https://www.rasmussenreports.com/public_content/politics/mood_of_america/generic_congressional_ballot_dec03,12/3/2025,07:00:56 11 Sep 2026,9/11/2026,,REP,90801,908011,11sep2026
All polls,Morning Consult,,11/17/2025,11/23/2025,19675, RV,0.1103924,0,,43.7,42.11,1.59,45.74683,41.72448,4.02235,https://pro.morningconsult.com/trackers/2026-midterm-election-generic-ballot-polls,12/15/2025,07:00:56 11 Sep 2026,9/11/2026,,,90876,908751,11sep2026
All polls,Morning Consult,,11/21/2025,11/23/2025,2200, RV,0.0460281,0,,45,43,2,47.04683,42.61448,4.43235,https://pro.morningconsult.com/trackers/donald-trump-congress-policy-republicans-polling,11/25/2025,07:00:56 11 Sep 2026,9/11/2026,,,900898,907921,11sep2026
All polls,Morning Consult,,10/26/2025,11/2/2025,22207, RV,0.1175398,0,,43.25,42.9,0.3499985,45.29683,42.51448,2.782349,https://pro.morningconsult.com/trackers/2026-midterm-election-generic-ballot-polls,12/15/2025,07:00:56 11 Sep 2026,9/11/2026,,,90873,908721,11sep2026
All polls,Morning Consult,,10/31/2025,11/2/2025,2202, RV,0.046549,0,,45,42,3,47.04683,41.61448,5.43235,https://pro.morningconsult.com/trackers/donald-trump-congress-policy-republicans-polling,11/12/2025,07:00:56 11 Sep 2026,9/11/2026,,,900848,907671,11sep2026
All polls,The Argument/Verasight,,11/10/2025,11/17/2025,1508, RV,0.6865417,0,,53,47,6,49.78885,43.69991,6.08894,https://www.theargumentmag.com/p/2026-is-looking-terrible-for-republicans#footnote-1-179372962,11/19/2025,07:00:56 11 Sep 2026,9/11/2026,,,900888,907881,11sep2026
All polls,YouGov,Economist,11/15/2025,11/17/2025,1382, RV,0.1835257,0,,43,40,3,45.28513,41.61829,3.66684,https://d3nkl3psvxxpe9.cloudfront.net/documents/econTabReport_Hb6uOe2.pdf,11/18/2025,07:00:56 11 Sep 2026,9/11/2026,,,900879,907832,11sep2026
All polls,Ipsos,Reuters,11/14/2025,11/17/2025,818, RV,0.2625837,0,,40,39,1,44.97962,42.42958,2.550041,https://www.reuters.com/data/which-party-do-americans-want-run-congress-2025-11-05/,12/15/2025,07:00:56 11 Sep 2026,9/11/2026,,,900883,908141,11sep2026
All polls,Echelon Insights,,11/13/2025,11/17/2025,1051, LV,0.9378861,0,,49,45,4,47.86123,42.55793,5.303299,https://echelonin.wpenginepowered.com/wp-content/uploads/November-2025-Voter-Omnibus-Topline-External.pdf,11/18/2025,07:00:56 11 Sep 2026,9/11/2026,,,900880,907841,11sep2026
All polls,The Winston Group,Winning the Issues,11/15/2025,11/17/2025,1000, RV,0.8928603,0,,47,42,5,47.15452,41.79777,5.356747,https://www.winningtheissues.org/2025/12/31/2025-winning-the-issues-research/,2/27/2026,07:00:56 11 Sep 2026,9/11/2026,,REP,901149,9011492,11sep2026
All polls,Morning Consult,,11/10/2025,11/16/2025,21313, RV,0.1140335,0,,43.93,42.52,1.41,45.97683,42.13448,3.84235,https://pro.morningconsult.com/trackers/2026-midterm-election-generic-ballot-polls,12/15/2025,07:00:56 11 Sep 2026,9/11/2026,,,90875,908741,11sep2026
All polls,Morning Consult,,11/14/2025,11/16/2025,2201, RV,0.0460215,0,,46,44,2,48.04683,43.61448,4.43235,https://pro.morningconsult.com/trackers/donald-trump-congress-policy-republicans-polling,11/17/2025,07:00:56 11 Sep 2026,9/11/2026,,,900877,907821,11sep2026
All polls,High Point University Survey Research Center,,11/10/2025,11/14/2025,837, RV,0.8533396,0,,48,39,9,47.76261,39.74986,8.012753,https://www.highpoint.edu/src/files/2023/08/HPUPoll-115-and-116-Registered-Voters.pdf,12/15/2025,07:00:56 11 Sep 2026,9/11/2026,,,900901,908101,11sep2026
All polls,Verasight,Strength in Numbers,11/12/2025,11/14/2025,860, LV,0.5305996,0,,49,45,4,47.22137,44.95619,2.265182,https://www.gelliottmorris.com/p/new-poll-democrats-lead-the-2026,11/18/2025,07:00:56 11 Sep 2026,9/11/2026,,,900881,907853,11sep2026
All polls,Marist University,NPR | PBS News,11/10/2025,11/13/2025,1291, RV,1.208359,0,,55,41,14,52.42389,40.89621,11.52768,https://maristpoll.marist.edu/polls/a-look-to-the-2026-midterms-november-2025/,11/19/2025,07:00:56 11 Sep 2026,9/11/2026,,,900884,907861,11sep2026
All polls,Marquette University Law School,,11/5/2025,11/12/2025,602, LV,1.258381,0,,53,44,9,50.68927,42.28572,8.403549,https://law.marquette.edu/poll/2025/11/18/detailed-results-of-the-marquette-law-school-supreme-court-poll-nov-5-12-2025-national-issues/,11/19/2025,07:00:56 11 Sep 2026,9/11/2026,,,900885,907873,11sep2026
All polls,Ipsos,Reuters,11/7/2025,11/12/2025,938, RV,0.2738039,0,,38,36,2,42.97962,39.42958,3.550041,https://www.reuters.com/data/which-party-do-americans-want-run-congress-2025-11-05/,12/15/2025,07:00:56 11 Sep 2026,9/11/2026,,,900870,908151,11sep2026
All polls,Yale University Institution for Social and Policy Studies,,10/29/2025,11/11/2025,3426, RV,1.031361,0,,45,43,2,45.94799,42.95987,2.988121,https://youthpoll.yale.edu/fall-2025-results,12/15/2025,07:00:56 11 Sep 2026,9/11/2026,,,900924,908091,11sep2026
All polls,YouGov,The Economist,11/7/2025,11/10/2025,1499, RV,0.1879188,0,,46,39,7,48.28513,40.61829,7.66684,https://d3nkl3psvxxpe9.cloudfront.net/documents/econTabReport_EAdEA3C.pdf,11/12/2025,07:00:56 11 Sep 2026,9/11/2026,,,90771,907712,11sep2026
All polls,Survey160,,11/6/2025,11/10/2025,1513, RV,0.8171551,0,,46,39,7,46.17752,41.10238,5.075142,https://www.survey160.com/methodological-research-blog/survey-160-tracking-poll-november-2025-update,12/5/2025,07:00:56 11 Sep 2026,9/11/2026,,,900920,908051,11sep2026
All polls,YouGov Blue,,11/7/2025,11/10/2025,517, RV,0.6907277,0,,48,45,3,47.78439,44.50234,3.282051,https://www.the-downballot.com/p/new-poll-shows-democrats-best-path,11/13/2025,07:00:56 11 Sep 2026,9/11/2026,,,90776,907761,11sep2026
All polls,Change Research,,11/6/2025,11/10/2025,1572, RV,0.489607,0,,47,43,4,48.43171,43.5446,4.887108,https://portal.changeresearch.com/portal/projects/f8ad986a-d2e5-4fb6-a21f-63b6b92c2998,5/5/2026,07:00:56 11 Sep 2026,9/11/2026,,,901424,9014242,11sep2026
All polls,Cygnal,,10/7/2025,10/8/2025,1500, LV,1.223237,0,,47.5,45.3,2.200001,46.54817,43.4862,3.06197,https://www.cygn.al/poll-42-of-liberals-approve-of-law-breaking-in-response-to-disagreeing-with-a-government-action/,11/12/2025,07:00:56 11 Sep 2026,9/11/2026,,,90748,907481,11sep2026
All polls,Ipsos,Reuters,10/3/2025,10/7/2025,864, RV,0.2843603,0,,41,38,3,45.97962,41.42958,4.550041,https://www.reuters.com/data/which-party-do-americans-want-run-congress-2025-11-05/,12/15/2025,07:00:56 11 Sep 2026,9/11/2026,,,900784,908181,11sep2026
All polls,Noble Predictive Insights,Center Square,10/2/2025,10/6/2025,2565, RV,1.454739,0,,45,43,2,45.90721,42.92797,2.97924,https://www.thecentersquare.com/image_f6c02a7b-df0a-426c-b38e-7825e2b1cec6.html,11/13/2025,07:00:56 11 Sep 2026,9/11/2026,,,900793,907731,11sep2026
All polls,YouGov,The Economist,10/4/2025,10/6/2025,1490, RV,0.1848564,0,,44,39,5,46.28513,40.61829,5.66684,https://today.yougov.com/politics/articles/53131-government-shutdown-2026-congressional-election-donald-trump-job-approval-the-economy-october-4-6-2025-economist-yougov-poll,10/6/2025,07:00:56 11 Sep 2026,9/11/2026,,,90747,223055,11sep2026
All polls,Change Research,,9/28/2025,10/6/2025,1596, RV,0.506948,0,,46,42,4,47.43171,42.5446,4.887108,https://portal.changeresearch.com/portal/projects/0326caf4-1de0-4774-8b12-23385ba6d752,5/5/2026,07:00:56 11 Sep 2026,9/11/2026,,,901423,9014232,11sep2026
All polls,Morning Consult,,9/29/2025,10/5/2025,21493, RV,0.1234758,0,,43.89,43.29,0.5999985,45.93683,42.90448,3.032349,https://pro.morningconsult.com/trackers/2026-midterm-election-generic-ballot-polls,12/15/2025,07:00:56 11 Sep 2026,9/11/2026,,,90869,908681,11sep2026
All polls,Morning Consult,,10/3/2025,10/5/2025,2200, RV,0.0494075,0,,46,43,3,48.04683,42.61448,5.43235,https://pro.morningconsult.com/analysis/government-shutdown-polling-october-2025,10/5/2025,07:00:56 11 Sep 2026,9/11/2026,,,900777,223046,11sep2026
All polls,RMG Research,Napolitan Institute,10/27/2025,10/30/2025,2000, RV,0.6892818,0,,42,43,-1,42.56664,40.56454,2.002098,https://napolitannews.org/posts/generic-ballot-gop-43-percent-dem-42,11/12/2025,07:00:56 11 Sep 2026,9/11/2026,,,90766,907661,11sep2026
All polls,CNN/SSRS,,10/27/2025,10/30/2025,954, RV,0.634336,0,,47,42,5,46.79689,41.75687,5.04002,https://s3.documentcloud.org/documents/26211915/cnn-poll-trump-midterms-east-wing-parties.pdf,11/13/2025,07:00:56 11 Sep 2026,9/11/2026,,,900846,907751,11sep2026
All polls,Verasight,Strength In Numbers,10/24/2025,10/29/2025,1352, RV,0.5022969,0,,49,41,8,47.22137,40.95619,6.265182,https://www.gelliottmorris.com/p/new-poll-voters-want-democrats-to,11/12/2025,07:00:56 11 Sep 2026,9/11/2026,,,90765,9076511,11sep2026
All polls,NewsNation,,10/27/2025,10/29/2025,1158, LV,1.02405,0,,47,47,0,47.03905,46.68547,0.3535805,https://www.newsnationnow.com/polls/full-poll-results-newsnation-national-survey-trump/,11/12/2025,07:00:56 11 Sep 2026,9/11/2026,,,900843,907642,11sep2026
All polls,Hart Research Associates/Public Opinion Strategies,NBC News,10/24/2025,10/28/2025,1000, RV,0.9381177,0,,50,42,8,48.65081,40.37066,8.280151,https://pos.org/wp-content/uploads/2025/11/NBC-News-October-2025-Poll-11-02-2025-Release.pdf,11/22/2025,07:00:56 11 Sep 2026,9/11/2026,,,900841,907911,11sep2026
All polls,Ipsos,The Washington Post | ABC News,10/24/2025,10/28/2025,2203, RV,0.3755651,0,,46,44,2,50.97962,47.42958,3.550041,https://www.washingtonpost.com/documents/1d305cca-df33-44a8-ba8d-c98790a67f99.pdf?itid=lk_inline_manual_4,11/12/2025,07:00:56 11 Sep 2026,9/11/2026,,,900842,907632,11sep2026
All polls,YouGov,The Economist,10/24/2025,10/27/2025,1472, RV,0.1827361,0,,43,40,3,45.28513,41.61829,3.66684,https://d3nkl3psvxxpe9.cloudfront.net/documents/econTabReport_0AkNOQp.pdf,11/12/2025,07:00:56 11 Sep 2026,9/11/2026,,,90762,907622,11sep2026
All polls,YouGov,Yahoo News,10/23/2025,10/27/2025,1197, RV,0.1681205,0,,45,40,5,47.28513,41.61829,5.66684,https://www.scribd.com/document/940273112/Yahoo-YouGov-Shutdown-Poll-October-2025,11/12/2025,07:00:56 11 Sep 2026,9/11/2026,,,900830,907612,11sep2026
All polls,McLaughlin & Associates,,10/21/2025,10/27/2025,1000, RV,0.3166469,0,,44,46,-2,45.55112,44.26334,1.287781,https://mclaughlinonline.com/pols/wp-content/uploads/2025/10/National-October-Presentation-RELEASE.pdf,11/12/2025,07:00:56 11 Sep 2026,9/11/2026,,,90760,907601,11sep2026
All polls,Morning Consult,,10/24/2025,10/26/2025,2202, RV,0.0471286,0,,45,42,3,47.04683,41.61448,5.43235,https://pro.morningconsult.com/trackers/donald-trump-congress-policy-republicans-polling,11/12/2025,07:00:56 11 Sep 2026,9/11/2026,,,900826,907591,11sep2026
All polls,The Winston Group,Winning the Issues,10/15/2025,10/26/2025,1000, RV,0.8905156,0,,47,43,4,47.15452,42.79777,4.356747,https://www.winningtheissues.org/2025/12/31/2025-winning-the-issues-research/,2/27/2026,07:00:56 11 Sep 2026,9/11/2026,,REP,901148,9011482,11sep2026
All polls,Morning Consult,,10/20/2025,10/26/2025,21290, RV,0.1171112,0,,43.71,41.77,1.939999,45.75683,41.38448,4.372349,https://pro.morningconsult.com/trackers/2026-midterm-election-generic-ballot-polls,12/15/2025,07:00:56 11 Sep 2026,9/11/2026,,,90872,908711,11sep2026
All polls,Manhattan Institute,,10/15/2025,10/26/2025,500, RV,0.6818506,0,,47,44,3,47.1495,43.50177,3.647732,https://manhattan.institute/article/the-new-gop-survey-analysis-of-americans-overall-todays-republican-coalition-and-the-minorities-of-maga,12/4/2025,07:00:56 11 Sep 2026,9/11/2026,,,90803,908031,11sep2026
All polls,Ipsos,Reuters,10/24/2025,10/26/2025,805, RV,0.249689,0,,41,40,1,45.97962,43.42958,2.550041,https://www.reuters.com/data/which-party-do-americans-want-run-congress-2025-11-05/,12/15/2025,07:00:56 11 Sep 2026,9/11/2026,,,900831,908161,11sep2026
All polls,Clarity Campaign Labs,,10/16/2025,10/23/2025,1047, RV,0.7168939,0,,47,46,1,45.57497,45.02549,0.5494804,https://www.claritycampaigns.com/clarity-omnibus-oct-2025,11/12/2025,07:00:56 11 Sep 2026,9/11/2026,,,900836,907581,11sep2026
All polls,Ipsos,Reuters,10/15/2025,10/20/2025,3439, RV,0.4612963,0,,39,39,0,43.97962,42.42958,1.550041,https://www.reuters.com/data/which-party-do-americans-want-run-congress-2025-11-05/,12/15/2025,07:00:56 11 Sep 2026,9/11/2026,,,900812,908171,11sep2026
All polls,Echelon Insights,,10/16/2025,10/20/2025,1010, LV,0.8942636,0,,47,46,1,45.86123,43.55793,2.303299,https://echeloninsights.com/in-the-news/october-2025-verified-voter-omnibus-2/,11/12/2025,07:00:56 11 Sep 2026,9/11/2026,,,900810,907561,11sep2026
All polls,Quinnipiac University,,10/16/2025,10/20/2025,1327, RV,1.088786,0,,50,41,9,49.08095,41.54009,7.540863,https://poll.qu.edu/poll-release?releaseid=3938,11/22/2025,07:00:56 11 Sep 2026,9/11/2026,,,900817,907891,11sep2026
All polls,YouGov,University of Massachusetts Lowell,10/16/2025,10/20/2025,1000, A,0.1274014,0,,38,35,3,40.28513,36.61829,3.66684,https://www.uml.edu/docs/2025-National-Oct-Highlights_tcm18-411272.pdf,11/12/2025,07:00:56 11 Sep 2026,9/11/2026,,,900834,907551,11sep2026
All polls,YouGov,The Economist,10/17/2025,10/20/2025,1447, RV,0.1808608,0,,45,40,5,47.28513,41.61829,5.66684,https://d3nkl3psvxxpe9.cloudfront.net/documents/econTabReport_yAo1neA.pdf,11/12/2025,07:00:56 11 Sep 2026,9/11/2026,,,90757,907572,11sep2026
All polls,Morning Consult,,10/17/2025,10/19/2025,2200, RV,0.0477484,0,,46,43,3,48.04683,42.61448,5.43235,https://pro.morningconsult.com/trackers/donald-trump-congress-policy-republicans-polling,11/12/2025,07:00:56 11 Sep 2026,9/11/2026,,,900806,907541,11sep2026
All polls,Morning Consult,,10/13/2025,10/19/2025,21829, RV,0.1198902,0,,44.49,42.4,2.09,46.53683,42.01448,4.52235,https://pro.morningconsult.com/trackers/2026-midterm-election-generic-ballot-polls,12/15/2025,07:00:56 11 Sep 2026,9/11/2026,,,90871,908701,11sep2026
All polls,The Argument/Verasight,,10/10/2025,10/16/2025,1530, RV,0.7132258,0,,44,43,1,40.78885,39.69991,1.08894,https://www.theargumentmag.com/p/the-immigration-problem-is-a-crime,11/12/2025,07:00:56 11 Sep 2026,9/11/2026,,,90753,907531,11sep2026
All polls,J.L. Partners,DailyMail.com,10/14/2025,10/15/2025,1005, RV,0.8367792,0,,43,37,6,43.04594,38.08558,4.960361,https://jlpartners.com/trump-tracker-october-2025,11/12/2025,07:00:56 11 Sep 2026,9/11/2026,,,90752,907521,11sep2026
All polls,Emerson College,,10/13/2025,10/14/2025,1000, RV,0.9134874,0,,43.9,42.5,1.400002,43.77745,43.1102,0.6672516,https://emersoncollegepolling.com/october-2025-poll/,11/12/2025,07:00:56 11 Sep 2026,9/11/2026,,,900800,907511,11sep2026
All polls,YouGov,The Economist,10/10/2025,10/13/2025,1466, RV,0.1825656,0,,43,40,3,45.28513,41.61829,3.66684,https://d3nkl3psvxxpe9.cloudfront.net/documents/econTabReport_GAAzhe0.pdf,11/12/2025,07:00:56 11 Sep 2026,9/11/2026,,,90750,907502,11sep2026
All polls,Hart Research Associates/Public Opinion Strategies,CNBC,10/8/2025,10/12/2025,800, RV,0.8672947,0,,48,47,1,46.65081,45.37066,1.280151,https://fm.cnbc.com/applications/cnbc.com/resources/editorialfiles/2025/10/17/CNBC_All-America_Economic_Survey_Q3_2025.pdf,11/22/2025,07:00:56 11 Sep 2026,9/11/2026,,,900802,907901,11sep2026
All polls,Morning Consult,,10/6/2025,10/12/2025,21246, RV,0.1205411,0,,44.39,42.71,1.68,46.43683,42.32447,4.112358,https://pro.morningconsult.com/trackers/2026-midterm-election-generic-ballot-polls,12/15/2025,07:00:56 11 Sep 2026,9/11/2026,,,90870,908691,11sep2026
All polls,Morning Consult,,10/10/2025,10/12/2025,2202, RV,0.0485117,0,,46,43,3,48.04683,42.61448,5.43235,https://pro.morningconsult.com/trackers/donald-trump-congress-policy-republicans-polling,11/12/2025,07:00:56 11 Sep 2026,9/11/2026,,,900790,907491,11sep2026
All polls,RMG Research,Napolitan News Service,1/5/2026,1/8/2026,2000, RV,0.6722823,0,,47,46,1,47.56664,43.56454,4.002098,https://napolitannews.org/posts/generic-ballot-gop-43-percent-dem-44,1/12/2026,07:00:56 11 Sep 2026,9/11/2026,,,901006,9010061,11sep2026
All polls,Cygnal,,1/7/2026,1/8/2026,1500, LV,1.095173,0,,48.2,44.6,3.600002,47.24817,42.7862,4.461967,https://www.cygn.al/polls/january-2026-national-voter-trends-nvt-poll/,1/15/2026,07:00:56 11 Sep 2026,9/11/2026,,,901019,9010192,11sep2026
All polls,YouGov,Economist,1/2/2026,1/5/2026,1389, RV,0.1850905,0,,45,39,6,47.28513,40.61829,6.66684,https://d3nkl3psvxxpe9.cloudfront.net/documents/econTabReport_aY8mpiN.pdf,1/6/2026,07:00:56 11 Sep 2026,9/11/2026,,,900996,9009964,11sep2026
All polls,Morning Consult,,1/2/2026,1/4/2026,2201, RV,0.0459474,0,,45,42,3,47.04683,41.61448,5.43235,https://pro.morningconsult.com/trackers/donald-trump-congress-policy-republicans-polling,1/6/2026,07:00:56 11 Sep 2026,9/11/2026,,,900995,9009952,11sep2026
All polls,Morning Consult,,12/29/2025,1/4/2026,22709, A,0.0980671,0,,44,42,2,46.04683,41.61448,4.43235,https://pro.morningconsult.com/trackers/2026-midterm-election-generic-ballot-polls,1/5/2026,07:00:56 11 Sep 2026,9/11/2026,,,900993,9009931,11sep2026
All polls,Public Policy Polling,,1/29/2026,1/30/2026,652, RV,0.7478946,0,,48,41,7,47.55112,41.22727,6.323853,https://e1.nmcdn.io/assets/ppp/wp-content/uploads/2026/01/January2026NationalSurvey.pdf,2/1/2026,07:00:56 11 Sep 2026,9/11/2026,,,901066,9010662,11sep2026
All polls,TIPP Insights,Issues & Insights,1/27/2026,1/29/2026,1126, RV,1.191634,0,,45,42,3,45.98748,41.82853,4.158951,https://issuesinsights.com/2026/02/16/who-leads-in-2028-presidential-race-and-in-2026-midterm-elections-ii-tipp-poll/,2/16/2026,07:00:56 11 Sep 2026,9/11/2026,,,901111,9011111,11sep2026
All polls,HarrisX,Harvard CAPS,1/28/2026,1/29/2026,1508, LV,0.6952086,0,,49.5,46,3.5,48.25582,41.8623,6.39352,https://harvardharrispoll.com/key-results-january-6/,2/2/2026,07:00:56 11 Sep 2026,9/11/2026,*,,901071,9010716,11sep2026
All polls,Marquette University Law School,,1/21/2026,1/28/2026,577, LV,1.209028,0,,52,45,7,49.68927,43.28572,6.403549,https://law.marquette.edu/poll/2026/02/04/detailed-results-of-the-marquette-law-school-supreme-court-poll-jan-21-28-2025-national-issues/,2/4/2026,07:00:56 11 Sep 2026,9/11/2026,,,901078,9010785,11sep2026
All polls,Cygnal,,1/27/2026,1/28/2026,1004, LV,0.8921397,0,,48,44,4,47.04817,42.1862,4.861969,https://www.cygn.al/wp-content/uploads/2026/02/Cygnal-Deportation-Poll-Data.pdf,2/2/2026,07:00:56 11 Sep 2026,9/11/2026,,,901070,9010701,11sep2026
All polls,McLaughlin & Associates,,1/21/2026,1/27/2026,1000, LV,0.3896137,0,,46,44,2,47.55112,42.26334,5.287781,https://mclaughlinonline.com/pols/wp-content/uploads/2026/02/National-January-2026-Presentation-RELEASE-1-1.pdf,2/4/2026,07:00:56 11 Sep 2026,9/11/2026,,,901081,9010811,11sep2026
All polls,The Argument/Verasight,,1/26/2026,1/27/2026,1515, RV,0.6625282,0,,52,48,4,48.78885,44.69991,4.08894,https://www.theargumentmag.com/p/immigration-is-turning-into-a-disaster,1/29/2026,07:00:56 11 Sep 2026,9/11/2026,,,901061,9010612,11sep2026
All polls,McLaughlin & Associates,,1/22/2025,1/27/2025,1000, LV,0.2878084,0,,40,48,-8,41.55112,46.26334,-4.712219,https://mclaughlinonline.com/pols/wp-content/uploads/2025/01/National-January-Presentation-RELEASE-01-28-25.pdf,1/27/2025,07:00:56 11 Sep 2026,9/11/2026,,,89530,217902,11sep2026
All polls,YouGov,Economist,1/23/2026,1/26/2026,1520, RV,0.1842941,0,,43,38,5,45.28513,39.61829,5.66684,https://d3nkl3psvxxpe9.cloudfront.net/documents/econTabReport_8FWGyNz.pdf,1/27/2026,07:00:56 11 Sep 2026,9/11/2026,,,901051,9010514,11sep2026
All polls,Beacon Research/Shaw & Company Research,FOX News,1/23/2026,1/26/2026,1005, RV,1.134222,0,,52,46,6,49.98264,44.55886,5.423779,https://www.foxnews.com/politics/fox-news-poll-early-look-2026-midterms,1/29/2026,07:00:56 11 Sep 2026,9/11/2026,,,901058,9010582,11sep2026
All polls,Focaldata,,1/23/2026,1/26/2026,1709, LV,0.7486621,0,,50,45,5,49.10418,44.3021,4.802078,https://www.focaldata.com/blog/cost-of-living-fuelling-democrat-strength-in-new-midterms-polling,2/16/2026,07:00:56 11 Sep 2026,9/11/2026,,,901105,9011056,11sep2026
All polls,Echelon Insights,,1/22/2026,1/26/2026,1029, LV,0.9369453,0,,49,44,5,47.86123,41.55793,6.303299,https://echelonin.wpenginepowered.com/wp-content/uploads/January-2026-Voter-Omnibus-Topline.pdf,1/26/2026,07:00:56 11 Sep 2026,9/11/2026,,,901048,9010482,11sep2026
All polls,Morning Consult,,1/20/2025,1/26/2025,33299, RV,0.2850552,0,,41.86,44.78,-2.919998,43.90683,44.39447,-0.4876404,https://pro.morningconsult.com/trackers/2026-midterm-election-generic-ballot-polls,12/15/2025,07:00:56 11 Sep 2026,9/11/2026,,,90833,908321,11sep2026
All polls,Ipsos,Reuters,1/24/2025,1/26/2025,902, RV,0.6029822,0,,35,37,-2,39.97962,40.42958,-0.4499588,https://www.reuters.com/data/which-party-do-americans-want-run-congress-2025-11-05/,12/15/2025,07:00:56 11 Sep 2026,9/11/2026,,,89522,908291,11sep2026
All polls,Ipsos,Reuters,1/23/2026,1/25/2026,1139, A,0.2794003,0,,41,37,4,45.97962,40.42958,5.550041,https://www.reuters.com/data/trumps-approval-rating-2025-01-21/,1/26/2026,07:00:56 11 Sep 2026,9/11/2026,,,901049,9010492,11sep2026
All polls,Morning Consult,,1/23/2026,1/25/2026,2204, RV,0.0453936,0,,45,43,2,47.04683,42.61448,4.43235,https://pro.morningconsult.com/trackers/donald-trump-congress-policy-republicans-polling,1/27/2026,07:00:56 11 Sep 2026,9/11/2026,,,901053,9010532,11sep2026
All polls,Morning Consult,,1/19/2026,1/25/2026,24675, RV,0.1192214,0,,43.9,42.8,1.100002,45.94683,42.41447,3.53236,https://pro.morningconsult.com/trackers/2026-midterm-election-generic-ballot-polls,1/28/2026,07:00:56 11 Sep 2026,9/11/2026,,,901059,9010591,11sep2026
All polls,Clarity Campaign Labs,,1/15/2026,1/22/2026,1147, LV,0.9311304,0,,51,42,9,49.57497,41.02549,8.54948,https://www.claritycampaigns.com/clarity-omnibus-jan-2026,1/28/2026,07:00:56 11 Sep 2026,9/11/2026,,,901057,9010572,11sep2026
All polls,Verasight,Strength in Numbers,1/14/2026,1/20/2026,1057, LV,0.5884699,0,,55,42,13,53.22137,41.95619,11.26518,https://www.gelliottmorris.com/p/new-poll-trump-slips-on-immigration,1/21/2026,07:00:56 11 Sep 2026,9/11/2026,,,901037,9010375,11sep2026
All polls,KFF,,1/13/2026,1/20/2026,1141, RV,1.01866,0,,49,42,7,49.6104,43.41656,6.19384,https://www.kff.org/public-opinion/kff-health-tracking-poll-health-care-costs-expiring-aca-tax-credits-and-the-2026-midterms/,1/29/2026,07:00:56 11 Sep 2026,9/11/2026,,,901062,9010621,11sep2026
All polls,Change Research,,1/13/2026,1/19/2026,1348, RV,0.4434077,0,,46,43,3,47.43171,43.5446,3.887108,https://portal.changeresearch.com/portal/projects/45449a2d-6c0e-412f-a3e1-a053b39f12b0,5/5/2026,07:00:56 11 Sep 2026,9/11/2026,,,901426,9014262,11sep2026
All polls,YouGov,Economist,1/16/2026,1/19/2026,1549, RV,0.188498,0,,43,39,4,45.28513,40.61829,4.66684,https://d3nkl3psvxxpe9.cloudfront.net/documents/econTabReport_z9wtNZI.pdf,1/20/2026,07:00:56 11 Sep 2026,9/11/2026,,,901032,9010324,11sep2026
All polls,Emerson College,,1/17/2026,1/19/2026,1000, LV,1.054693,0,,48.1,41.7,6.399998,47.97745,42.3102,5.667252,https://emersoncollegepolling.com/january-2026-national-poll/,1/22/2026,07:00:56 11 Sep 2026,9/11/2026,,,901039,9010392,11sep2026
All polls,Morning Consult,,1/12/2026,1/18/2026,23758, RV,0.1177767,0,,44,42.6,1.400002,46.04683,42.21447,3.832359,https://pro.morningconsult.com/trackers/2026-midterm-election-generic-ballot-polls,1/19/2026,07:00:56 11 Sep 2026,9/11/2026,,,901030,9010301,11sep2026
All polls,Morning Consult,,1/16/2026,1/18/2026,2201, RV,0.0454921,0,,45,43,2,47.04683,42.61448,4.43235,https://pro.morningconsult.com/trackers/donald-trump-congress-policy-republicans-polling,1/20/2026,07:00:56 11 Sep 2026,9/11/2026,,,901029,9010292,11sep2026
All polls,The New York Times/Siena College,,1/12/2026,1/17/2026,1625, RV,1.442314,0,,48,43,5,47.40564,42.83197,4.573669,https://www.nytimes.com/interactive/2026/01/22/polls/times-siena-national-poll-toplines.html,1/22/2026,07:00:56 11 Sep 2026,9/11/2026,,,901038,9010382,11sep2026
All polls,RMG Research,Napolitan Institute,1/15/2025,1/16/2025,1000, RV,0.7688288,0,,44,51,-7,44.56664,48.56454,-3.997902,https://napolitannews.org/posts/generic-ballot-gop-51-percent-dem-44,1/16/2025,07:00:56 11 Sep 2026,9/11/2026,,,89497,217652,11sep2026
All polls,Research Co.,,1/13/2026,1/15/2026,1002, A,0.8673273,0,,42,36,6,44.47804,38.38154,6.0965,https://researchco.ca/2026/01/26/amendment/,1/26/2026,07:00:56 11 Sep 2026,9/11/2026,,,901047,9010472,11sep2026
All polls,Rasmussen Reports,,1/7/2026,1/14/2026,2273, LV,1.16437,0,,47,41,6,48.09352,40.86619,7.227329,https://www.rasmussenreports.com/public_content/archive/mood_of_america_archive/generic_congressional_ballot/democrats_increase_advantage_in_midterm_forecast,1/19/2026,07:00:56 11 Sep 2026,9/11/2026,,REP,901028,901028,11sep2026
All polls,Public Policy Polling,Progress Action Fund (hybrid PAC),1/13/2026,1/14/2026,597, RV,0.7154305,0,,50,42,8,48.98956,42.78883,6.200729,https://drive.google.com/file/d/1iHoieThBdqtE4vH3gDLGzOI334wGWU6_/view,2/3/2026,07:00:56 11 Sep 2026,9/11/2026,,DEM,901074,9010742,11sep2026
All polls,Ipsos,Reuters,1/12/2026,1/13/2026,941, RV,0.3207052,0,,40,38,2,44.97962,41.42958,3.550041,https://www.reuters.com/data/which-party-do-americans-want-run-congress-2025-11-05/,1/14/2026,07:00:56 11 Sep 2026,9/11/2026,,,901016,9010163,11sep2026
All polls,Impact Research/National Research ,Wall Street Journal,1/8/2026,1/13/2026,1500, RV,0.9126564,0,,47,43,4,47.07932,43.14915,3.930168,https://www.wsj.com/politics/elections/trump-approval-rating-economy-poll-b3a62e57,1/17/2026,07:00:56 11 Sep 2026,9/11/2026,,,901024,9010242,11sep2026
All polls,YouGov,Yahoo News,1/8/2026,1/12/2026,1149, RV,0.169022,0,,45,40,5,47.28513,41.61829,5.66684,https://www.yahoo.com/news/world/article/poll-most-americans-dont-want-the-us-to-be-in-charge-of-venezuela-154611401.html?guccounter=1&guce_referrer=aHR0cHM6Ly9maWZ0eXBsdXNvbmUubmV3cy8&guce_referrer_sig=AQAAADuswAe9tXhPxz19FPFnpXDmszH_5A1WoB4vOY-7U0IjGPU3fLrwbmCyUwF8ynb_I9N0n4Rc39un9yZA5xjnYbwG42YEmutuZQ25dTi16lYuweaJ1AIGD79NFwnTA60flTfUA5IlNW9zxaBJiRd0rgTmTKbyUDqhKc0Wx3s0etNG,1/15/2026,07:00:56 11 Sep 2026,9/11/2026,,,901012,9010123,11sep2026
All polls,The Winston Group,Winning the Issues,1/8/2026,1/12/2026,1000, RV,0.9613449,0,,46,43,3,46.15452,42.79777,3.356747,https://www.winningtheissues.org/2026/01/27/2026-winning-the-issues-research/,2/27/2026,07:00:56 11 Sep 2026,9/11/2026,,REP,901150,9011502,11sep2026
All polls,Morning Consult,,1/9/2026,1/12/2026,2201, RV,0.045693,0,,46,43,3,48.04683,42.61448,5.43235,https://pro.morningconsult.com/trackers/donald-trump-congress-policy-republicans-polling,1/12/2026,07:00:56 11 Sep 2026,9/11/2026,,,901007,9010072,11sep2026
All polls,CNN/SSRS,,1/9/2026,1/12/2026,968, RV,0.6471591,0,,46,41,5,45.79689,40.75687,5.04002,https://www.cnn.com/2026/01/18/politics/cnn-poll-democrats-are-deeply-motivated-for-the-midterms-despite-having-dismal-views-of-party-leaders,1/18/2026,07:00:56 11 Sep 2026,9/11/2026,,,901022,9010223,11sep2026
All polls,YouGov,Economist,1/9/2026,1/12/2026,1437, RV,0.1844967,0,,44,40,4,46.28513,41.61829,4.66684,https://d3nkl3psvxxpe9.cloudfront.net/documents/econTabReport_qsNv5iE.pdf,1/13/2026,07:00:56 11 Sep 2026,9/11/2026,,,901009,9010094,11sep2026
All polls,Cygnal,,1/9/2025,1/12/2025,1500, LV,1.266514,0,,44.6,46.8,-2.200001,43.64817,44.9862,-1.338028,https://www.cygn.al/voters-back-kingmaker-trumps-policies-on-economy-energy-and-health/,1/12/2025,07:00:56 11 Sep 2026,9/11/2026,,,89491,217594,11sep2026
All polls,Morning Consult,,1/5/2026,1/11/2026,22835, RV,0.1164501,0,,44.1,42.5,1.599998,46.14683,42.11448,4.032352,https://pro.morningconsult.com/trackers/2026-midterm-election-generic-ballot-polls,1/13/2026,07:00:56 11 Sep 2026,9/11/2026,,,901010,9010101,11sep2026
All polls,The Bullfinch Group,Independent Center,12/30/2025,1/1/2026,1000, RV,0.5845166,0,,44,33,11,46.54215,36.65187,9.890278,https://independentcentervoice.com/insights/2026-tune-in-as-america-approaches-its-250th-voters-declare-the-status-quo-broken-and-demand-new-options,1/2/2026,07:00:56 11 Sep 2026,9/11/2026,,,900988,9009884,11sep2026