subgroup,pollster,sponsors,startdate,enddate,samplesize,population,weight,influence,tracking,dem,rep,net,adjusted_dem,adjusted_rep,adjusted_net,url,createddate,timestamp,modeldate,multiversions,partisan,poll_id,question_id,date
All polls,The New York Times/Siena College,,9/8/2026,9/13/2026,1503, LV,1.682225,1.544917,,51,43,8,50.31787,42.72572,7.592152,https://www.nytimes.com/interactive/2026/09/15/polls/times-siena-poll-registered-voter-crosstabs.html,9/15/2026,07:00:47 22 Sep 2026,9/22/2026,,,901814,9018145,22sep2026
All polls,Beacon Research/Shaw & Company Research,FOX News,9/11/2026,9/14/2026,1211, RV,1.202957,1.143381,,51,44,7,49.1203,42.54278,6.577518,https://www.foxnews.com/politics/fox-news-poll-squeezed-costs-frustrated-voters-turn-democrats,9/17/2026,07:00:47 22 Sep 2026,9/22/2026,,,901818,9018182,22sep2026
All polls,Cygnal,,9/1/2026,9/2/2026,1500, LV,1.483439,1.131818,,51,42,9,50.02246,40.24738,9.775082,https://www.cygn.al/polls/september-2026-national-voter-trends-nvt-poll/,9/11/2026,07:00:47 22 Sep 2026,9/22/2026,,,901804,9018041,22sep2026
All polls,Rasmussen Reports,,9/3/2026,9/9/2026,1905, LV,1.297755,1.079642,,47,42,5,48.2056,41.84968,6.355919,https://www.rasmussenreports.com/platinum/political_tracking_crosstabs/september_2026/toplines/toplines_generic_congressional_ballot_september_3_and_6_9_2026,9/14/2026,07:00:47 22 Sep 2026,9/22/2026,,REP,901811,9018111,22sep2026
All polls,Hart Research Associates/Public Opinion Strategies,NBC News,9/11/2026,9/15/2026,1000, RV,1.117538,1.061894,,51,47,4,49.66678,45.16885,4.497929,https://www.nbcnews.com/politics/2026-election/poll-voters-say-trump-hurt-economy-competitive-midterm-election-looms-rcna597868,9/21/2026,07:00:47 22 Sep 2026,9/22/2026,,,901830,9018302,22sep2026
All polls,Marquette University Law School,,9/2/2026,9/9/2026,581, LV,1.215731,1.014561,,54,41,13,51.55407,39.53866,12.01541,https://law.marquette.edu/assets/community/poll/MLSPSC35/MLSPSC35Toplines_NationalItems.html#chances-will-vote,9/16/2026,07:00:47 22 Sep 2026,9/22/2026,,,901816,9018166,22sep2026
All polls,John Zogby Strategies,,9/15/2026,9/17/2026,1007, LV,0.90075,0.90075,,48,42,6,48.02227,41.74205,6.28022,https://johnzogbystrategies.com/democratic-party-leads-republican-party-48-to-42-in-congressional-generic-ballot-as-race-heats-up/,9/18/2026,07:00:47 22 Sep 2026,9/22/2026,,,901824,9018241,22sep2026
All polls,RMG Research,Napolitan News Service,9/8/2026,9/15/2026,, LV,0.9147316,0.8508304,,52,46,6,52.41032,43.50034,8.909981,https://napolitannews.org/posts/generic-ballot-first-likely-voter-numbers-have-dems-ahead-6,9/18/2026,07:00:47 22 Sep 2026,9/22/2026,,,901822,9018222,22sep2026
All polls,Quinnipiac University,,9/3/2026,9/6/2026,970, RV,0.963666,0.7840125,,49,38,11,48.21408,38.81057,9.403511,https://poll.qu.edu/poll-release?releaseid=3965,9/11/2026,07:00:47 22 Sep 2026,9/22/2026,,,901803,9018032,22sep2026
All polls,The Rainey Center,,9/10/2026,9/14/2026,1004, RV,0.8279331,0.7734399,,48,42,6,48.84921,41.73599,7.11322,https://www.raineycenter.org/polling/september-policy-survey-summary-of-findings,9/18/2026,07:00:47 22 Sep 2026,9/22/2026,,,901825,9018253,22sep2026
All polls,Noble Predictive Insights,Center Square,8/12/2026,8/16/2026,2533, RV,1.45417,0.6731261,,47,42,5,47.94491,41.9215,6.023407,https://www.thecentersquare.com/polls/,8/24/2026,07:00:47 22 Sep 2026,9/22/2026,,,901748,9017482,22sep2026
All polls,Emerson College,,8/16/2026,8/17/2026,1000, LV,1.207191,0.5912861,,50.7,43,7.700001,50.59731,43.60276,6.994549,https://emersoncollegepolling.com/august-2026-national-poll/,8/20/2026,07:00:47 22 Sep 2026,9/22/2026,,,901741,9017413,22sep2026
All polls,Focaldata,Financial Times,8/28/2026,9/2/2026,1837, LV,0.7970331,0.5702298,,52,45,7,51.19695,44.29938,6.897568,https://www.focaldata.com/blog/trump-approval-hits-record-low-as-democrats-extend-house-lead,9/7/2026,07:00:47 22 Sep 2026,9/22/2026,,,901793,9017936,22sep2026
All polls,Echelon Insights,,8/13/2026,8/17/2026,1002, LV,1.14523,0.5069783,,50,45,5,48.87136,42.54799,6.323372,https://echeloninsights.com/hubfs/_Media%20for%20Insights%20Blog/August%202026%20Voter%20Omnibus%20Topline%20-%20External.pdf,8/19/2026,07:00:47 22 Sep 2026,9/22/2026,,,901737,9017373,22sep2026
All polls,Ipsos,Reuters,9/11/2026,9/14/2026,896, RV,0.5205365,0.4914942,,44,37,7,49.00824,40.44606,8.56218,https://www.ipsos.com/en-us/reutersipsos-september-2026-survey,9/15/2026,07:00:47 22 Sep 2026,9/22/2026,,,901812,9018124,22sep2026
All polls,HarrisX,Harvard CAPS,8/26/2026,8/28/2026,, LV,0.7697828,0.4913853,,49,51,-2,47.82313,46.85577,0.9673615,https://harvardharrispoll.com/assets/uploads/2026/08/HHP_Aug2026_KeyResults.pdf,9/3/2026,07:00:47 22 Sep 2026,9/22/2026,,,901786,9017866,22sep2026
All polls,University of Massachusetts Department of Political Science/YouGov,,8/21/2026,8/26/2026,1000, A,0.7726432,0.4834068,,42,34,8,43.41649,35.58886,7.827629,https://www.umass.edu/poll/about/reports/2026-09-national-public-opinion-poll-0#toc-toplines,9/4/2026,07:00:47 22 Sep 2026,9/22/2026,,,901789,9017892,22sep2026
All polls,Quantus Insights,,8/26/2026,8/28/2026,1200, LV,0.7433661,0.4786379,,49.7,42.8,6.900002,50.03051,42.4276,7.602909,https://quantusinsights.org/polling/f/new-survey-democrats-hold-the-midterm-advantage,8/31/2026,07:00:47 22 Sep 2026,9/22/2026,,,901775,9017752,22sep2026
All polls,Cygnal,,8/6/2026,8/7/2026,1500, LV,1.394061,0.4582346,,48.8,41.9,6.899998,47.82246,40.14738,7.675079,https://www.cygn.al/wp-content/uploads/2026/08/24265-Cygnal-National-Aug26-NVT-Deck-Public.pdf,8/14/2026,07:00:47 22 Sep 2026,9/22/2026,,,901722,9017221,22sep2026
All polls,Angus Reid Global,,8/8/2026,8/11/2026,1525, A,1.128006,0.4487096,,45,36,9,45.79639,37.27563,8.52076,https://angusreid.us/congressional-generic-ballot-democrats-lead-53-43/,8/27/2026,07:00:47 22 Sep 2026,9/22/2026,,,901768,9017682,22sep2026
All polls,Wave Polling,,8/7/2026,8/11/2026,1591, RV,0.9430873,0.3598011,,50,43,7,49.62222,42.65066,6.971558,https://wavepolling.com/results/2026-08-17-economic-costs-deportations/,9/1/2026,07:00:47 22 Sep 2026,9/22/2026,,,901776,9017762,22sep2026
All polls,YouGov,CBS News,9/8/2026,9/11/2026,1750, LV,0.4024255,0.3582568,,54,46,8,56.15418,47.55437,8.599808,https://www.cbsnews.com/news/poll-trump-battleground-tracker-house-control-2026-midterm-elections/,9/13/2026,07:00:47 22 Sep 2026,9/22/2026,,,901806,9018062,22sep2026
All polls,Morning Consult,,9/7/2026,9/13/2026,18127, LV,0.379041,0.3338321,,49.07,43.34,5.73,51.05621,42.90739,8.148819,https://intel.morningconsult.com/mc-content/trackers/2026-midterm-election-generic-ballot-polls,9/17/2026,07:00:47 22 Sep 2026,9/22/2026,,,901820,9018201,22sep2026
All polls,YouGov,Economist,9/11/2026,9/14/2026,1055, LV,0.3521143,0.3326753,,51,39,12,53.15418,40.55437,12.59981,https://d3nkl3psvxxpe9.cloudfront.net/documents/econTabReport_ZmVljW6.pdf,9/15/2026,07:00:47 22 Sep 2026,9/22/2026,,,901813,9018136,22sep2026
All polls,The Bullfinch Group,,8/14/2026,8/17/2026,1000, RV,0.709769,0.3315898,,42,37,5,44.58126,40.64877,3.932491,https://www.thebullfinchgroup.com/post/public-release-of-bullfinch-q3-nationwide-survey-4,8/19/2026,07:00:47 22 Sep 2026,9/22/2026,,,901736,9017366,22sep2026
All polls,Verasight,Strength in Numbers,8/14/2026,8/19/2026,1378, RV,0.6644111,0.3047605,,49,43,6,47.24365,42.94791,4.295738,https://www.gelliottmorris.com/p/2026-08-25-august-strength-in-numbers-verasight-poll-release,8/26/2026,07:00:47 22 Sep 2026,9/22/2026,,,901765,9017654,22sep2026
All polls,Marquette University Law School,,7/22/2026,7/29/2026,572, LV,1.157098,0.3021961,,51,45,6,48.55407,43.53866,5.015411,https://law.marquette.edu/assets/community/poll/MLSPSC34/MLSPSC34Toplines_NationalItems.html#iran-war-cost,8/7/2026,07:00:47 22 Sep 2026,9/22/2026,,,901706,9017066,22sep2026
All polls,Ipsos,Reuters,8/28/2026,8/31/2026,924, RV,0.4144873,0.2849185,,43,38,5,48.00824,41.44606,6.56218,https://www.ipsos.com/en-us/cost-living-remains-top-mind-voters-heading-2026-midterms,9/1/2026,07:00:47 22 Sep 2026,9/22/2026,,,901778,9017785,22sep2026
All polls,McLaughlin & Associates,,8/14/2026,8/24/2026,1000, LV,0.5605385,0.2749658,,48,43,5,49.56706,41.25381,8.313248,https://mclaughlinonline.com/pols/wp-content/uploads/2026/08/National-August-Presentation-RELEASE.pdf,8/26/2026,07:00:47 22 Sep 2026,9/22/2026,,,901766,9017661,22sep2026
All polls,The Argument/Verasight,,7/20/2026,7/26/2026,3000, RV,1.190796,0.2701443,,54,46,8,50.79607,42.69462,8.101452,https://www.theargumentmag.com/p/americans-know-who-the-real-elite,7/29/2026,07:00:47 22 Sep 2026,9/22/2026,,,901684,9016842,22sep2026
All polls,John Zogby Strategies,,8/4/2026,8/5/2026,1000, LV,0.8218883,0.2486834,,50.6,39.6,11,50.62227,39.34205,11.28022,https://johnzogbystrategies.com/lowest-trump-approval-ratings-maga-numbers-spell-major-trouble-for-midterm-prospects/,8/11/2026,07:00:47 22 Sep 2026,9/22/2026,,,901715,9017152,22sep2026
All polls,YouGov,Economist,9/4/2026,9/8/2026,1019, LV,0.303431,0.2480977,,49,38,11,51.15418,39.55437,11.59981,https://d3nkl3psvxxpe9.cloudfront.net/documents/econTabReport_SlcWdVd.pdf,9/9/2026,07:00:47 22 Sep 2026,9/22/2026,,,901798,9017984,22sep2026
All polls,Beacon Research/Shaw & Company Research,FOX News,7/17/2026,7/20/2026,1003, RV,1.10036,0.2338452,,53,46,7,51.1203,44.54278,6.577518,https://www.foxnews.com/politics/fox-news-poll-voters-want-major-change-amid-economic-political-discontent,7/23/2026,07:00:47 22 Sep 2026,9/22/2026,,,901663,9016632,22sep2026
All polls,YouGov,Catawba College,9/4/2026,9/10/2026,779, LV,0.2760955,0.2307864,,49,38,11,51.15418,39.55437,11.59981,https://www.catawba.edu/news/all-news/2026/yougov-36/,9/18/2026,07:00:47 22 Sep 2026,9/22/2026,,,901826,9018262,22sep2026
All polls,Emerson College,,7/19/2026,7/20/2026,1000, LV,1.137827,0.2284852,,52.9,41.5,11.4,52.79731,42.10276,10.69455,https://emersoncollegepolling.com/july-2026-national-poll-democrats-with-11-point-generic-ballot-advantage/,7/23/2026,07:00:47 22 Sep 2026,9/22/2026,,,901662,9016622,22sep2026
All polls,Morning Consult,,8/31/2026,9/6/2026,17739, LV,0.3009312,0.2246287,,49.26,43.04,6.219997,51.2462,42.6074,8.638802,https://intel.morningconsult.com/mc-content/trackers/2026-midterm-election-generic-ballot-polls,9/17/2026,07:00:47 22 Sep 2026,9/22/2026,,,901819,9018191,22sep2026
All polls,Focaldata,Financial Times,8/7/2026,8/11/2026,1857, LV,0.7063627,0.2229059,,51,45,6,50.19695,44.29938,5.897568,https://www.focaldata.com/blog/democrats-maintain-lead-three-months-out-from-midterms,8/16/2026,07:00:47 22 Sep 2026,9/22/2026,,,901724,9017246,22sep2026
All polls,Ipsos,Reuters,8/21/2026,8/24/2026,951, RV,0.3826007,0.2143219,,41,35,6,46.00824,38.44606,7.56218,https://www.ipsos.com/en-us/americans-continue-expect-extended-us-military-involvement-iran,8/25/2026,07:00:47 22 Sep 2026,9/22/2026,,,901762,9017625,22sep2026
All polls,RMG Research,Napolitan News Service,7/28/2026,8/4/2026,2000, RV,0.7608615,0.2059461,,47,45,2,47.41032,42.50034,4.909981,https://napolitannews.org/posts/dems-continue-to-lead-on-generic-ballot-strong-enthusiasm-edge,8/11/2026,07:00:47 22 Sep 2026,9/22/2026,,,901712,9017121,22sep2026
All polls,Quinnipiac University,,7/23/2026,7/27/2026,963, RV,0.8648356,0.2056255,,48,41,7,47.21408,41.81057,5.403511,https://poll.qu.edu/poll-release?releaseid=3964,7/29/2026,07:00:47 22 Sep 2026,9/22/2026,,,901686,9016863,22sep2026
All polls,Pew Research Center,,7/6/2026,7/12/2026,2779, RV,1.36022,0.2025227,,43,37,6,44.41039,38.26953,6.140858,https://www.pewresearch.org/politics/2026/07/23/as-the-2026-midterms-approach-economy-is-front-and-center/,7/23/2026,07:00:47 22 Sep 2026,9/22/2026,,,901668,9016683,22sep2026
All polls,YouGov,Bowling Green State University,8/25/2026,9/1/2026,1200, LV,0.3018893,0.2020723,,51,44,7,53.15418,45.55437,7.599808,https://scholarworks.bgsu.edu/cgi/viewcontent.cgi?article=1024&context=depo,9/10/2026,07:00:47 22 Sep 2026,9/22/2026,,,901801,9018012,22sep2026
All polls,Clarity Campaign Labs,,7/17/2026,7/22/2026,1000, LV,0.9570835,0.197611,,52,42,10,50.57477,41.01666,9.558113,https://www.claritycampaigns.com/clarity-omnibus-2026-july,7/29/2026,07:00:47 22 Sep 2026,9/22/2026,,,901687,9016873,22sep2026
All polls,AlphaROC,Independent Center,8/8/2026,8/10/2026,1000, A,0.5614492,0.1911992,,41,37.3,3.700001,43.49963,39.18697,4.31266,https://independentcentervoice.com/insights/august-2026-national-survey-on-independent-candidates-and-the-2026-midterms-wave-3,8/14/2026,07:00:47 22 Sep 2026,9/22/2026,,,901723,9017232,22sep2026
All polls,GBAO,Third Way,7/15/2026,7/20/2026,1000, RV,0.9010341,0.1844172,,46,38,8,46.11499,38.82009,7.294899,https://www.thirdway.org/polling/proceed-with-caution-what-voters-want-from-technology-regulation,9/9/2026,07:00:47 22 Sep 2026,9/22/2026,,,901799,9017991,22sep2026
All polls,YouGov,Economist,8/28/2026,8/31/2026,1437, RV,0.2674554,0.184088,,46,40,6,48.15418,41.55437,6.599808,https://d3nkl3psvxxpe9.cloudfront.net/documents/econTabReport_yVe1kKt.pdf,9/1/2026,07:00:47 22 Sep 2026,9/22/2026,,,901777,9017774,22sep2026
All polls,J.L. Partners,Daily Mail,7/17/2026,7/20/2026,626, LV,0.8480929,0.1833895,,50,41,9,50.05539,42.08115,7.974239,https://www.dailymail.com/news/us-politics/article-15991575/americans-brutal-verdict-trump-iran-war.html,7/23/2026,07:00:47 22 Sep 2026,9/22/2026,,,901665,9016652,22sep2026
All polls,CNN/SSRS,,7/23/2026,7/27/2026,914, RV,0.7117869,0.1756858,,47,39,8,46.80582,38.75293,8.052891,https://www.cnn.com/2026/07/30/politics/cnn-poll-midterm-generic-ballot-democrats-republicans-change,7/30/2026,07:00:47 22 Sep 2026,9/22/2026,,,901685,9016853,22sep2026
All polls,Quantus Insights,,8/3/2026,8/4/2026,1048, LV,0.6265347,0.169804,,49,42.6,6.400002,49.33051,42.2276,7.102909,https://quantusinsights.org/polling/f/latest-survey-democrats-hold-the-midterm-edge,8/7/2026,07:00:47 22 Sep 2026,9/22/2026,,,901707,9017072,22sep2026
All polls,Survey160,,7/14/2026,7/20/2026,1518, RV,0.8615363,0.1652045,,48,38,10,48.18543,40.09808,8.087349,https://www.survey160.com/methodological-research-blog/july-2026-survey-160-tracking-poll,8/12/2026,07:00:47 22 Sep 2026,9/22/2026,,,901720,9017203,22sep2026
All polls,Morning Consult,,8/24/2026,8/30/2026,28429, RV,0.2552745,0.1565349,,47.1,42.3,4.799999,49.0862,41.86739,7.218811,https://drive.google.com/file/d/1mz53nbxVmkDaSt2l6gfcGff3hiOikKPJ/view,9/1/2026,07:00:47 22 Sep 2026,9/22/2026,,,901781,9017811,22sep2026
All polls,Ipsos,Reuters,8/14/2026,8/17/2026,876, RV,0.3528781,0.1510897,,41,36,5,46.00824,39.44606,6.56218,https://www.ipsos.com/en-us/reutersipsos-august-2026-poll-0,8/18/2026,07:00:47 22 Sep 2026,9/22/2026,,,901733,9017335,22sep2026
All polls,YouGov,Economist,8/21/2026,8/24/2026,1379, RV,0.2577064,0.142752,,46,40,6,48.15418,41.55437,6.599808,https://d3nkl3psvxxpe9.cloudfront.net/documents/econTabReport_v7iliA1.pdf,8/25/2026,07:00:47 22 Sep 2026,9/22/2026,,,901761,9017616,22sep2026
All polls,Ipsos,Reuters,7/29/2026,8/3/2026,3542, RV,0.5845737,0.1395454,,42,37,5,47.00824,40.44606,6.56218,https://www.ipsos.com/en-us/reutersipsos-august-2026-poll,8/4/2026,07:00:47 22 Sep 2026,9/22/2026,,,901701,9017014,22sep2026
All polls,Hart Research Associates/Public Opinion Strategies,CNBC,7/8/2026,7/12/2026,1000, RV,0.9858841,0.1373644,,49,45,4,47.66678,43.16885,4.497929,https://www.cnbc.com/2026/07/17/democratic-socialists-top-maga-candidates-all-america-poll.html,7/17/2026,07:00:47 22 Sep 2026,9/22/2026,,,901645,9016452,22sep2026
All polls,Echelon Insights,,7/9/2026,7/13/2026,1004, LV,0.9582902,0.1293854,,50,44,6,48.87136,41.54799,7.323372,https://echeloninsights.com/hubfs/_Media%20for%20Insights%20Blog/July%202026%20Voter%20Omnibus%20Topline%20-%20External.pdf,7/15/2026,07:00:47 22 Sep 2026,9/22/2026,,,901636,9016362,22sep2026
All polls,Morning Consult,,8/17/2026,8/23/2026,30732, RV,0.2358326,0.1129471,,46.3,42.7,3.599998,48.28621,42.2674,6.01881,https://drive.google.com/file/d/1mz53nbxVmkDaSt2l6gfcGff3hiOikKPJ/view,9/1/2026,07:00:47 22 Sep 2026,9/22/2026,,,901780,9017801,22sep2026
All polls,Manhattan Institute,,7/1/2026,7/6/2026,1221, LV,0.9914868,0.1104214,,47,43,4,47.16063,42.49995,4.660679,https://manhattan.institute/article/american-attitudes-on-welfare-waste-crime-and-the-political-environment,7/27/2026,07:00:47 22 Sep 2026,9/22/2026,,,901676,9016762,22sep2026
All polls,Zogby Analytics,,7/1/2026,7/4/2026,1003, LV,1.01932,0.1101968,,41.5,36.4,5.099998,43.15324,37.71259,5.440651,https://zogbyanalytics.com/images/ZA070626/Crosstabs%20Zogby%20Likely%20Voters%20070626.pdf,7/12/2026,07:00:47 22 Sep 2026,9/22/2026,,,901629,9016292,22sep2026
All polls,RMG Research,Napolitan News Service,7/13/2026,7/14/2026,2000, RV,0.7376509,0.1087786,,47,45,2,47.41032,42.50034,4.909981,https://napolitannews.org/posts/generic-ballot-dem-47-percent-gop-45-dems-still-have-healthy-enthusiasm-edge,7/15/2026,07:00:47 22 Sep 2026,9/22/2026,,,901638,9016381,22sep2026
All polls,YouGov,Economist,8/14/2026,8/17/2026,1450, RV,0.2624336,0.1087243,,46,39,7,48.15418,40.55437,7.599808,https://d3nkl3psvxxpe9.cloudfront.net/documents/econTabReport_ZMy1Zxu.pdf,8/18/2026,07:00:47 22 Sep 2026,9/22/2026,,,901729,9017294,22sep2026
All polls,Cygnal,,6/30/2026,7/1/2026,1500, LV,1.301291,0.1062612,,49.9,43.8,6.100002,48.92246,42.04738,6.87508,https://www.cygn.al/wp-content/uploads/2026/07/24136-Cygnal-National-Jul-26-NVT-Deck-Public-1.pdf,7/8/2026,07:00:47 22 Sep 2026,9/22/2026,,,901621,9016211,22sep2026
All polls,Change Research,,7/13/2026,7/17/2026,2006, RV,0.670154,0.1050438,,46,38,8,47.43648,38.53911,8.897373,https://portal.changeresearch.com/portal/projects/0bc92362-5cbd-4cb3-9ec4-8690c0780aad,7/23/2026,07:00:47 22 Sep 2026,9/22/2026,,,901667,9016672,22sep2026
All polls,Talker Research,Scripps News,6/25/2026,7/2/2026,2000, RV,0.9773859,0.0913122,,48,39,9,48.88869,40.48066,8.408031,https://www.scrippsnews.com/politics/scripps-news-poll-americans-excited-to-celebrate-july-4-but-divided-on-trumps-role,7/3/2026,07:00:47 22 Sep 2026,9/22/2026,,,901606,9016062,22sep2026
All polls,Rasmussen Reports,,6/24/2026,7/1/2026,2224, LV,1.192226,0.0911691,,46,42,4,47.2056,41.84968,5.355919,https://www.rasmussenreports.com/public_content/politics/mood_of_america/generic_congressional_ballot_july07?utm_campaign=RR07072026DN&utm_source=criticalimpact&utm_medium=email,7/8/2026,07:00:47 22 Sep 2026,9/22/2026,,REP,901620,9016201,22sep2026
All polls,AlphaROC,Independent Center,7/13/2026,7/14/2026,1000, A,0.5013837,0.0865835,,42.1,37.3,4.799999,44.59962,39.18697,5.412651,https://independentcentervoice.com/insights/republicans-move-sharply-toward-independents-and-the-overall-market-holds,7/16/2026,07:00:47 22 Sep 2026,9/22/2026,,,901639,9016392,22sep2026
All polls,Verasight,Strength in Numbers,7/14/2026,7/17/2026,1432, RV,0.5497126,0.0821567,,50,43,7,48.24365,42.94791,5.295738,https://www.gelliottmorris.com/p/poll,7/21/2026,07:00:47 22 Sep 2026,9/22/2026,,,901660,9016604,22sep2026
All polls,Focaldata,,7/14/2026,7/20/2026,2064, A,0.50445,0.0813534,,44,36,8,43.19695,35.29938,7.897568,https://www.focaldata.com/blog/focaldata---coinbase---clarity-act-and-crypto-attitudes-poll---july-2026,8/3/2026,07:00:47 22 Sep 2026,9/22/2026,,,901698,9016981,22sep2026
All polls,Morning Consult,,8/10/2026,8/16/2026,29685, RV,0.2158974,0.0737323,,46.2,42.3,3.900002,48.18621,41.86739,6.318821,https://pro-assets.morningconsult.com/wp-uploads/2026/08/MCPI-PI-Weekly.html,8/18/2026,07:00:47 22 Sep 2026,9/22/2026,,,901734,9017341,22sep2026
All polls,YouGov,Economist,8/7/2026,8/10/2026,1420, RV,0.2653131,0.0706665,,46,40,6,48.15418,41.55437,6.599808,https://d3nkl3psvxxpe9.cloudfront.net/documents/econTabReport_pKJG0WT.pdf,8/11/2026,07:00:47 22 Sep 2026,9/22/2026,,,901716,9017164,22sep2026
All polls,McLaughlin & Associates,,7/15/2026,7/21/2026,1000, LV,0.4547992,0.0694448,,46,44,2,47.56706,42.25381,5.313248,https://mclaughlinonline.com/2026/07/24/national-monthly-july-2026/,7/24/2026,07:00:47 22 Sep 2026,9/22/2026,,,901672,9016721,22sep2026
All polls,J.L. Partners,Daily Mail,6/24/2026,6/26/2026,625, LV,0.857477,0.0687259,,50,42,8,50.05539,43.08115,6.974239,https://www.dailymail.com/news/article-15945873/The-scorching-midterm-election-poll-shows-blue-wave-cresting-Republicans.html?ico=authors_pagination_desktop,7/6/2026,07:00:47 22 Sep 2026,9/22/2026,,,901612,9016121,22sep2026
All polls,Ipsos,Reuters,7/24/2026,7/26/2026,1003, RV,0.3529701,0.0675875,,40,38,2,45.00824,41.44606,3.56218,https://www.ipsos.com/en-us/americans-unimpressed-ideas-both-major-parties,7/28/2026,07:00:47 22 Sep 2026,9/22/2026,,,901677,9016775,22sep2026
All polls,HarrisX,Harvard CAPS,7/11/2026,7/12/2026,, LV,0.5136653,0.0639415,,51,49,2,49.82313,44.85577,4.967361,https://harvardharrispoll.com/assets/uploads/2026/07/July2026_HHP_TOPLINE.pdf,7/15/2026,07:00:47 22 Sep 2026,9/22/2026,,,901637,9016376,22sep2026
All polls,YouGov,Economist,7/31/2026,8/3/2026,1473, RV,0.2694403,0.0593619,,46,42,4,48.15418,43.55437,4.599808,https://d3nkl3psvxxpe9.cloudfront.net/documents/econTabReport_mjKhx0z.pdf,8/4/2026,07:00:47 22 Sep 2026,9/22/2026,,,901700,9017004,22sep2026
All polls,Marquette University Law School,,6/9/2026,6/15/2026,827, LV,1.289281,0.0547173,,53,45,8,50.55407,43.53866,7.015411,https://law.marquette.edu/poll/2026/06/24/detailed-results-of-the-marquette-law-school-supreme-court-poll-july-9-15-2026/,6/25/2026,07:00:47 22 Sep 2026,9/22/2026,,,901579,9015795,22sep2026
All polls,AlphaROC,Independent Center,6/27/2026,6/28/2026,1000, RV,0.6399576,0.0541253,,43.1,36.5,6.599998,45.59962,38.38697,7.21265,https://independentcentervoice.com/insights/june-2026-national-survey-on-independent-candidates,7/3/2026,07:00:47 22 Sep 2026,9/22/2026,,,901605,9016052,22sep2026
All polls,Quinnipiac University,,6/18/2026,6/22/2026,1165, RV,0.9042867,0.053277,,49,42,7,48.21408,42.81057,5.403511,https://poll.qu.edu/poll-release?releaseid=3961,6/24/2026,07:00:47 22 Sep 2026,9/22/2026,,,901581,9015813,22sep2026
All polls,HarrisX,2Way,7/9/2026,7/10/2026,787, LV,0.4585029,0.0518351,,51,49,2,49.82313,44.85577,4.967361,https://www.harrisx.com/content/july-2026-nato-summit-survey-findings-crosstabs,7/11/2026,07:00:47 22 Sep 2026,9/22/2026,,,901628,9016288,22sep2026
All polls,Quantus Insights,,7/3/2026,7/7/2026,1140, LV,0.5728766,0.0503404,,47.1,42.3,4.799999,47.43051,41.9276,5.502911,https://quantusinsights.org/polling/f/trump-approval-and-wrong-track-majority-gives-democrats-2026-edge,7/9/2026,07:00:47 22 Sep 2026,9/22/2026,,,901623,9016232,22sep2026
All polls,Ipsos,The Washington Post,7/8/2026,7/13/2026,2092, RV,0.4584148,0.0502905,,48,45,3,53.00824,48.44606,4.56218,https://www.washingtonpost.com/politics/2026/07/18/democrats-have-slim-lead-race-house-washington-post-ipsos-poll-finds/,7/20/2026,07:00:47 22 Sep 2026,9/22/2026,,,901640,9016404,22sep2026
All polls,Morning Consult,,8/3/2026,8/9/2026,29719, RV,0.208489,0.0500694,,46.5,42.4,4.099998,48.48621,41.9674,6.51881,https://pro-assets.morningconsult.com/wp-uploads/2026/08/MCPI-Midterm-Ballot.html,8/18/2026,07:00:47 22 Sep 2026,9/22/2026,,,901732,9017321,22sep2026
All polls,Echelon Insights,,6/18/2026,6/22/2026,1003, LV,0.8710503,0.0484127,,51,45,6,49.87136,42.54799,7.323372,https://echeloninsights.com/hubfs/_Media%20for%20Insights%20Blog/Echelon%20Insights%20America%20250%20Survey%20Topline%20-%20External.pdf,6/24/2026,07:00:47 22 Sep 2026,9/22/2026,,,901578,9015782,22sep2026
All polls,YouGov,Economist,7/25/2026,7/27/2026,1407, RV,0.2567101,0.0471378,,46,42,4,48.15418,43.55437,4.599808,https://d3nkl3psvxxpe9.cloudfront.net/documents/econTabReport_0t0YpHo.pdf,7/28/2026,07:00:47 22 Sep 2026,9/22/2026,,,901678,9016786,22sep2026
All polls,YouGov,CBS News,7/22/2026,7/24/2026,1474, RV,0.2582304,0.0434182,,47,40,7,49.15418,41.55437,7.599808,https://www.cbsnews.com/news/cbs-poll-analysis-cost-of-living-democrats-republicans/,7/31/2026,07:00:47 22 Sep 2026,9/22/2026,,,901693,9016931,22sep2026
All polls,Morning Consult,,7/27/2026,8/2/2026,29168, RV,0.1975583,0.0396638,,46.2,42.1,4.100002,48.18621,41.66739,6.518822,https://pro-assets.morningconsult.com/wp-uploads/2026/08/MCPI-Midterm-Ballot.html,8/6/2026,07:00:47 22 Sep 2026,9/22/2026,,,901705,9017051,22sep2026
All polls,Morning Consult,Cato Institute,8/13/2026,8/16/2026,4150, RV,0.10033,0.0381984,,47,42,5,48.98621,41.56739,7.418819,https://www.cato.org/sites/cato.org/files/2026-09/Cato%202026%20Fall%20and%20Spring%20Trade%20Survey%20Toplines%3AMethodology_0.pdf,9/21/2026,07:00:47 22 Sep 2026,9/22/2026,,,901829,9018293,22sep2026
All polls,Focaldata,Financial Times,6/26/2026,6/30/2026,1795, RV,0.57481,0.0381167,,49,42,7,48.19695,41.29938,6.897568,https://www.focaldata.com/blog/ossoffism-and-the-gops-elite-problem,7/6/2026,07:00:47 22 Sep 2026,9/22/2026,,,901610,9016104,22sep2026
All polls,YouGov,Economist,7/17/2026,7/20/2026,1432, RV,0.2539437,0.0370878,,46,41,5,48.15418,42.55437,5.599808,https://d3nkl3psvxxpe9.cloudfront.net/documents/econTabReport_ESdiNMa.pdf,7/21/2026,07:00:47 22 Sep 2026,9/22/2026,,,901658,9016586,22sep2026
All polls,Echelon Insights,,6/11/2026,6/14/2026,1012, LV,0.8676574,0.0332846,,50,44,6,48.87136,41.54799,7.323372,https://echeloninsights.com/hubfs/_Media%20for%20Insights%20Blog/June%202026%20Voter%20Omnibus%20Topline%20-%20External.pdf,6/17/2026,07:00:47 22 Sep 2026,9/22/2026,,,901559,9015593,22sep2026
All polls,Morning Consult,,7/20/2026,7/26/2026,30228, RV,0.1903991,0.0313092,,45.7,42.7,3,47.68621,42.2674,5.418812,https://pro-assets.morningconsult.com/wp-uploads/2026/07/MCPI-Midterm-Ballot_260727.html,7/29/2026,07:00:47 22 Sep 2026,9/22/2026,,,901682,9016821,22sep2026
All polls,Emerson College,,6/7/2026,6/8/2026,1200, LV,1.10632,0.030835,,50.3,39.5,10.8,50.19731,40.10276,10.09455,https://emersoncollegepolling.com/june-2026/,6/11/2026,07:00:47 22 Sep 2026,9/22/2026,,,901541,9015412,22sep2026
All polls,YouGov,Economist,7/10/2026,7/13/2026,1450, RV,0.2549575,0.0272228,,46,42,4,48.15418,43.55437,4.599808,https://d3nkl3psvxxpe9.cloudfront.net/documents/econTabReport_ie0SzVb.pdf,7/14/2026,07:00:47 22 Sep 2026,9/22/2026,,,901633,9016335,22sep2026
All polls,Verasight,Strength in Numbers,6/17/2026,6/22/2026,1896, RV,0.5311059,0.0264363,,50,43,7,48.24365,42.94791,5.295738,https://www.gelliottmorris.com/p/2026-06-24-june-strength-in-numbers-verasight-poll,6/24/2026,07:00:47 22 Sep 2026,9/22/2026,,,901580,9015804,22sep2026
All polls,The Bullfinch Group,Independent Center,6/12/2026,6/16/2026,1000, RV,0.5858363,0.0262717,,44,36,8,46.58126,39.64877,6.932491,https://independentcentervoice.com/insights/the-local-antidote-how-stepping-away-from-national-screens-unites-americans,6/19/2026,07:00:47 22 Sep 2026,9/22/2026,,,901569,9015696,22sep2026
All polls,Quantus Insights,,6/16/2026,6/17/2026,1000, LV,0.5193003,0.0240045,,47,43,4,47.33051,42.62761,4.7029,https://polls.quantusinsights.org/polls/national-approval-june-17?tab=toplines,6/19/2026,07:00:47 22 Sep 2026,9/22/2026,,,901566,9015662,22sep2026
All polls,Hart Research Associates/Public Opinion Strategies,NBC News,5/29/2026,6/7/2026,3000, RV,1.443115,0.0233229,,49,44,5,47.66678,42.16885,5.497929,https://www.nbcnews.com/politics/2026-election/poll-democrats-maintain-edge-fight-congress-trump-gets-poor-marks-rcna348913,6/14/2026,07:00:47 22 Sep 2026,9/22/2026,,,901548,9015484,22sep2026
All polls,Morning Consult,,7/13/2026,7/19/2026,30070, RV,0.1823398,0.0233007,,45.7,42.7,3,47.68621,42.2674,5.418812,https://pro-assets.morningconsult.com/wp-uploads/2026/08/MCPI-PI-Weekly.html,8/24/2026,07:00:47 22 Sep 2026,9/22/2026,,,901758,9017581,22sep2026
All polls,Research Co.,,6/4/2026,6/6/2026,1001, A,0.8606199,0.0203693,,38,33,5,40.48009,35.38001,5.100082,https://researchco.ca/2026/06/15/uspoli-june2026/,6/15/2026,07:00:47 22 Sep 2026,9/22/2026,,,901554,9015542,22sep2026
All polls,Change Research,,6/10/2026,6/17/2026,1714, RV,0.5553575,0.0199721,,43,38,5,44.43648,38.53911,5.897373,https://portal.changeresearch.com/portal/projects/92fca10b-bc07-4b9c-9d7b-f281ec087a74,7/23/2026,07:00:47 22 Sep 2026,9/22/2026,,,901666,9016662,22sep2026
All polls,Data for Progress,,5/15/2026,6/21/2026,5809, LV,1.03428,0.0181471,,51,44,7,49.71216,43.14442,6.567738,https://www.dataforprogress.org/blog/2026/7/9/midterms-swing-voter-report-1,7/9/2026,07:00:47 22 Sep 2026,9/22/2026,,,901624,9016242,22sep2026
All polls,McLaughlin & Associates,,6/17/2026,6/23/2026,1000, LV,0.3916664,0.0176864,,46,43,3,47.56706,41.25381,6.313248,https://mclaughlinonline.com/pols/wp-content/uploads/2026/06/National-June-Presentation-RELEASE-June-2026.pdf,6/26/2026,07:00:47 22 Sep 2026,9/22/2026,,,901590,9015901,22sep2026
All polls,Cygnal,,6/2/2026,6/3/2026,1500, LV,1.191922,0.0175421,,49,44,5,48.02246,42.24738,5.775082,https://www.cygn.al/news/poll-independents-arent-who-you-think-they-are-the-left-americas-250-and-who-trump-has-lost-since-the-inauguration/,6/11/2026,07:00:47 22 Sep 2026,9/22/2026,,,901540,9015401,22sep2026
All polls,YouGov,Economist,7/3/2026,7/6/2026,1443, RV,0.2542842,0.0171471,,46,43,3,48.15418,44.55437,3.599808,https://d3nkl3psvxxpe9.cloudfront.net/documents/econTabReport_Qxo6bev.pdf,7/7/2026,07:00:47 22 Sep 2026,9/22/2026,,,901614,9016144,22sep2026
All polls,Morning Consult,,7/6/2026,7/12/2026,30858, RV,0.179182,0.0161551,,45.5,42.8,2.700001,47.48621,42.36739,5.11882,https://pro-assets.morningconsult.com/wp-uploads/2026/08/MCPI-PI-Weekly.html,8/24/2026,07:00:47 22 Sep 2026,9/22/2026,,,901749,9017491,22sep2026
All polls,Ipsos,Reuters,6/18/2026,6/22/2026,978, RV,0.3223188,0.0139355,,41,36,5,46.00824,39.44606,6.56218,https://www.ipsos.com/en-us/few-expect-us-iran-preliminary-agreement-bring-lasting-peace,6/24/2026,07:00:47 22 Sep 2026,9/22/2026,,,901577,9015774,22sep2026
All polls,YouGov,Economist,6/26/2026,6/29/2026,1428, RV,0.2487225,0.0129507,,45,42,3,47.15418,43.55437,3.599808,https://d3nkl3psvxxpe9.cloudfront.net/documents/econTabReport_1tbbxVr.pdf,6/30/2026,07:00:47 22 Sep 2026,9/22/2026,,,901596,9015966,22sep2026
All polls,The Winston Group,Winning the Issues,5/30/2026,6/2/2026,1000, RV,1.07212,0.0121322,,48,41,7,47.82312,41.11365,6.709469,https://www.winningtheissues.org/2026/06/13/may-2026-winning-the-issues-survey/,7/1/2026,07:00:47 22 Sep 2026,9/22/2026,,,901598,9015982,22sep2026
All polls,Ipsos,Reuters,6/12/2026,6/15/2026,1195, RV,0.3371587,0.0110755,,41,38,3,46.00824,41.44606,4.56218,https://www.ipsos.com/en-us/reutersipsos-june-2026-poll-0,6/15/2026,07:00:47 22 Sep 2026,9/22/2026,,,901555,9015554,22sep2026
All polls,Morning Consult,,6/29/2026,7/5/2026,30997, RV,0.175686,0.0104084,,45.4,42.1,3.300003,47.38621,41.66739,5.718822,https://pro-assets.morningconsult.com/wp-uploads/2026/07/MCPI-Midterm-Ballot_260706.html,7/7/2026,07:00:47 22 Sep 2026,9/22/2026,,,901617,9016171,22sep2026
All polls,YouGov,Economist,6/19/2026,6/22/2026,1517, RV,0.2480636,0.010199,,45,43,2,47.15418,44.55437,2.599808,https://d3nkl3psvxxpe9.cloudfront.net/documents/econTabReport_v8p0Pe8.pdf,6/23/2026,07:00:47 22 Sep 2026,9/22/2026,,,901575,9015755,22sep2026
All polls,The Argument/Verasight,,5/29/2026,6/3/2026,3008, RV,1.058958,0.0099129,,53,47,6,49.79607,43.69462,6.101452,https://www.theargumentmag.com/p/the-biggest-issue-in-american-politics,6/10/2026,07:00:47 22 Sep 2026,9/22/2026,,,901533,9015332,22sep2026
All polls,RMG Research,Napolitan News Service,6/1/2026,6/4/2026,2000, RV,0.7358294,0.0093842,,49,45,4,49.41032,42.50034,6.909981,https://napolitannews.org/posts/generic-ballot-dem-49-percent-gop-45-dems-more-enthusiastic,6/5/2026,07:00:47 22 Sep 2026,9/22/2026,,,901520,9015201,22sep2026
All polls,Clarity Campaign Labs,,5/28/2026,6/5/2026,1045, LV,0.893236,0.0091098,,48,45,3,46.57477,44.01666,2.558113,https://www.claritycampaigns.com/clarity-omnibus-2026-may,6/13/2026,07:00:47 22 Sep 2026,9/22/2026,,,901547,9015473,22sep2026
All polls,Ipsos,Reuters,6/3/2026,6/8/2026,3578, RV,0.5047858,0.0090711,,41,37,4,46.00824,40.44606,5.56218,https://www.ipsos.com/en-us/reutersipsos-june-2026-poll,6/8/2026,07:00:47 22 Sep 2026,9/22/2026,,,901524,9015245,22sep2026
All polls,Morning Consult,,7/17/2026,7/19/2026,2203, RV,0.0649567,0.0089677,,46,43,3,47.98621,42.56739,5.418819,https://intel.morningconsult.com/mc-content/trackers/donald-trump-congress-policy-republicans-polling,7/21/2026,07:00:47 22 Sep 2026,9/22/2026,,,901657,9016572,22sep2026
All polls,Morning Consult,,6/22/2026,6/28/2026,30337, RV,0.1709684,0.0081069,,45.5,42.4,3.099998,47.48621,41.9674,5.51881,https://pro-assets.morningconsult.com/wp-uploads/2026/07/MCPI-Midterm-Ballot_260701.html,7/2/2026,07:00:47 22 Sep 2026,9/22/2026,,,901600,9016001,22sep2026
All polls,YouGov,Economist,6/13/2026,6/15/2026,1403, RV,0.2330457,0.0069725,,46,44,2,48.15418,45.55437,2.599808,https://d3nkl3psvxxpe9.cloudfront.net/documents/econTabReport_GpnDRNm.pdf,6/16/2026,07:00:47 22 Sep 2026,9/22/2026,,,901557,9015575,22sep2026
All polls,Morning Consult,,7/10/2026,7/13/2026,2201, RV,0.063303,0.0067045,,46,43,3,47.98621,42.56739,5.418819,https://drive.google.com/file/d/1cggsijQl76RMmlpuDL991Z3uyHfXfiZh/view,7/14/2026,07:00:47 22 Sep 2026,9/22/2026,,,901634,9016342,22sep2026
All polls,Quantus Insights,,6/1/2026,6/2/2026,1050, LV,0.5509884,0.0063644,,47,42.3,4.700001,47.33051,41.9276,5.402908,https://quantusinsights.org/f/quantus-insights-trump-underwater-democrats-hold-edge,6/4/2026,07:00:47 22 Sep 2026,9/22/2026,,,901513,9015132,22sep2026
All polls,Morning Consult,,6/15/2026,6/21/2026,29540, RV,0.1682214,0.005945,,45.6,42,3.599998,47.5862,41.56739,6.01881,https://pro-assets.morningconsult.com/wp-uploads/2026/06/MCPI-Midterm-Ballot_260622.html,6/25/2026,07:00:47 22 Sep 2026,9/22/2026,,,901585,9015851,22sep2026
All polls,The Bullfinch Group,Independent Center,5/29/2026,6/2/2026,1000, RV,0.5900123,0.0046898,,42,36,6,44.58126,39.64877,4.932491,https://www.thebullfinchgroup.com/post/public-release-of-bullfinch-q2-nationwide-survey-4,6/4/2026,07:00:47 22 Sep 2026,9/22/2026,,,901514,9015144,22sep2026
All polls,YouGov,Economist,6/5/2026,6/8/2026,1438, RV,0.2273449,0.0041302,,45,41,4,47.15418,42.55437,4.599808,https://d3nkl3psvxxpe9.cloudfront.net/documents/econTabReport_nvajahp.pdf,6/9/2026,07:00:47 22 Sep 2026,9/22/2026,,,901525,9015254,22sep2026
All polls,Morning Consult,,6/8/2026,6/14/2026,28911, RV,0.1648156,0.0038942,,45.8,41.9,3.899998,47.78621,41.4674,6.31881,https://pro-assets.morningconsult.com/wp-uploads/2026/06/MCPI-Midterm-Ballot_260622.html,6/25/2026,07:00:47 22 Sep 2026,9/22/2026,,,901584,9015841,22sep2026
All polls,Focaldata,Financial Times,5/29/2026,6/1/2026,1537, RV,0.5530557,0.0035715,,48,43,5,47.19695,42.29938,4.897568,https://www.focaldata.com/blog/trump-inflation-approval-crashes-to-record-low,6/7/2026,07:00:47 22 Sep 2026,9/22/2026,,,901521,9015214,22sep2026
All polls,Morning Consult,,6/26/2026,6/28/2026,2202, RV,0.0601368,0.0030574,,46,42,4,47.98621,41.56739,6.418819,https://drive.google.com/file/d/1r9X_-vXE-Kkv1lXR5cu1KtWd-LAEMSJW/view,6/29/2026,07:00:47 22 Sep 2026,9/22/2026,,,901594,9015942,22sep2026
All polls,Morning Consult,Cato Institute,6/25/2026,6/26/2026,2253, A,0.0507955,0.0024941,,45,39,6,46.98621,38.56739,8.418819,https://www.cato.org/sites/cato.org/files/2026-07/Cato%20Fourth%20of%20July%202026%20Survey%20Toplines.pdf,7/2/2026,07:00:47 22 Sep 2026,9/22/2026,,,901602,9016022,22sep2026
All polls,Morning Consult,,6/1/2026,6/7/2026,29264, RV,0.1623377,0.0019415,,45.8,41.9,3.899998,47.78621,41.4674,6.31881,https://intel.morningconsult.com/mc-content/trackers/2026-midterm-election-generic-ballot-polls,6/10/2026,07:00:47 22 Sep 2026,9/22/2026,,,901537,9015371,22sep2026
All polls,HarrisX/Harris Poll,Harvard CAPS,5/29/2026,5/31/2026,, LV,0.4030475,0.0017886,,52,48,4,50.82313,43.85577,6.967361,https://harvardharrispoll.com/key-results-may-2026/,6/2/2026,07:00:47 22 Sep 2026,9/22/2026,,,901509,9015095,22sep2026
All polls,YouGov,Economist,5/29/2026,6/1/2026,1453, RV,0.2205533,0.0012275,,46,42,4,48.15418,43.55437,4.599808,https://d3nkl3psvxxpe9.cloudfront.net/documents/econTabReport_AvLU7vY.pdf,6/2/2026,07:00:47 22 Sep 2026,9/22/2026,,,901508,9015085,22sep2026
All polls,HarrisX,Forbes,5/20/2026,6/7/2026,1137, LV,0.4213265,0.0009388,,46,45,1,44.82313,40.85577,3.967361,https://www.harrisx.com/content/forbes-harrisx-american-confidence-tracker-june-2026,6/12/2026,07:00:47 22 Sep 2026,9/22/2026,,,901545,9015456,22sep2026
All polls,Public Religion Research Institute,"Brookings Institute, Carnegie Corporation of New York, Ford Foundation, Unitarian Universalist Veatch Program at Shelter Rock",8/15/2025,9/8/2025,5543, A,1.49832,0,,33,30,3,36.68184,33.56351,3.118328,https://prri.org/research/trumps-unprecedented-actions-deepen-asymmetric-divides/,11/13/2025,07:00:47 22 Sep 2026,9/22/2026,,,900816,907721,22sep2026
All polls,YouGov,The Economist,9/5/2025,9/8/2025,1487, RV,0.1912931,0,,44,40,4,46.15418,41.55437,4.599808,https://d3nkl3psvxxpe9.cloudfront.net/documents/econtoplines_7flqP0S.pdf,9/8/2025,07:00:47 22 Sep 2026,9/22/2026,,,90614,222533,22sep2026
All polls,Echelon Insights,Internet for Growth,9/5/2025,9/7/2025,1030, LV,0.8509964,0,,45,44,1,43.87136,41.54799,2.323372,https://internetforgrowth.com/voter-insights/,12/17/2025,07:00:47 22 Sep 2026,9/22/2026,,,900956,9009561,22sep2026
All polls,Morning Consult,,9/1/2025,9/7/2025,25541, RV,0.1401782,0,,44.22,42.09,2.130001,46.20621,41.65739,4.54882,https://pro.morningconsult.com/trackers/2026-midterm-election-generic-ballot-polls,12/15/2025,07:00:47 22 Sep 2026,9/22/2026,,,90865,908641,22sep2026
All polls,Cygnal,,9/2/2025,9/3/2025,1500, LV,1.213082,0,,47.6,45.2,2.399998,46.62246,43.44738,3.175079,https://www.cygn.al/poll-optimism-drops-while-trump-gop-maintain-issue-trust-with-midterm-voters-including-on-inflation-crime/,9/3/2025,07:00:47 22 Sep 2026,9/22/2026,,,90617,222552,22sep2026
All polls,YouGov,The Economist,9/26/2025,9/29/2025,1518, RV,0.1871284,0,,44,41,3,46.15418,42.55437,3.599808,https://today.yougov.com/politics/articles/53094-donald-trump-approval-rebound-government-shutdown-chances-james-comey-flu-covid-vaccines-economy-september-26-29-2025-economist-yougov-poll,9/29/2025,07:00:47 22 Sep 2026,9/22/2026,,,90709,222917,22sep2026
All polls,YouGov,Yahoo News,9/25/2025,9/29/2025,1126, RV,0.1662328,0,,44,40,4,46.15418,41.55437,4.599808,https://www.yahoo.com/entertainment/tv/article/poll-americans-approve-of-jimmy-kimmels-return-to-tv-by-a-more-than-2-to-1-margin-183746388.html,9/29/2025,07:00:47 22 Sep 2026,9/22/2026,,,900765,222949,22sep2026
All polls,Morning Consult,,9/22/2025,9/28/2025,21732, RV,0.1265497,0,,43.37,42.96,0.4099998,45.3562,42.52739,2.828812,https://pro.morningconsult.com/trackers/2026-midterm-election-generic-ballot-polls,12/15/2025,07:00:47 22 Sep 2026,9/22/2026,,,90868,908671,22sep2026
All polls,The New York Times/Siena College,,9/22/2025,9/27/2025,1313, RV,1.348304,0,,47,45,2,46.31787,44.72572,1.592152,https://www.nytimes.com/2025/09/30/polls/trump-approval-poll.html,9/27/2025,07:00:47 22 Sep 2026,9/22/2026,,,900759,222890,22sep2026
All polls,RMG Research,Napolitan Institute,9/22/2025,9/24/2025,2000, RV,0.6829158,0,,45,46,-1,45.41032,43.50034,1.909981,https://napolitannews.org/posts/generic-ballot-gop-43-percent-dem-41,9/24/2025,07:00:47 22 Sep 2026,9/22/2026,,,90710,222918,22sep2026
All polls,YouGov,The Economist,9/19/2025,9/22/2025,1392, RV,0.1828606,0,,45,42,3,47.15418,43.55437,3.599808,https://d3nkl3psvxxpe9.cloudfront.net/documents/econtoplines_EYduduY.pdf,9/22/2025,07:00:47 22 Sep 2026,9/22/2026,,,90674,222805,22sep2026
All polls,McLaughlin & Associates,,9/17/2025,9/22/2025,1000, LV,0.3560773,0,,41,47,-6,42.56706,45.25381,-2.686752,https://mclaughlinonline.com/2025/09/30/national-monthly-september-2025/,9/22/2025,07:00:47 22 Sep 2026,9/22/2026,,,90717,222950,22sep2026
All polls,Echelon Insights,,9/18/2025,9/22/2025,1071, LV,0.8717161,0,,47,46,1,45.87136,43.54799,2.323372,https://echeloninsights.com/in-the-news/september-2025-verified-voter-omnibus/,9/22/2025,07:00:47 22 Sep 2026,9/22/2026,,,900739,222766,22sep2026
All polls,Ipsos,Reuters,9/19/2025,9/21/2025,799, RV,0.2985452,0,,40,38,2,45.00824,41.44606,3.56218,https://www.reuters.com/data/which-party-do-americans-want-run-congress-2025-11-05/,12/15/2025,07:00:47 22 Sep 2026,9/22/2026,,,900746,908191,22sep2026
All polls,Morning Consult,,9/15/2025,9/21/2025,21386, RV,0.1278519,0,,43.87,42.74,1.129997,45.8562,42.3074,3.548801,https://pro.morningconsult.com/trackers/2026-midterm-election-generic-ballot-polls,12/15/2025,07:00:47 22 Sep 2026,9/22/2026,,,90867,908661,22sep2026
All polls,YouGov,Yahoo News,8/29/2025,9/2/2025,1136, RV,0.1727752,0,,44,40,4,46.15418,41.55437,4.599808,https://www.scribd.com/document/911899946/Yahoo-YouGov-Newsom-Poll-August-2025,9/2/2025,07:00:47 22 Sep 2026,9/22/2026,,,900698,222441,22sep2026
All polls,YouGov,The Economist,8/29/2025,9/2/2025,1549, RV,0.1955918,0,,43,39,4,45.15418,40.55437,4.599808,https://d3nkl3psvxxpe9.cloudfront.net/documents/econtoplines_yFjgYJq.pdf,9/2/2025,07:00:47 22 Sep 2026,9/22/2026,,,90539,222397,22sep2026
All polls,Verasight,Strength In Numbers,9/15/2025,9/19/2025,1268, RV,0.5114151,0,,50,45,5,48.24365,44.94791,3.295738,https://www.gelliottmorris.com/p/new-poll-voters-to-blame-republicans-for-shutdown,9/19/2025,07:00:47 22 Sep 2026,9/22/2026,,,90675,2228031,22sep2026
All polls,The Argument/Verasight,,9/15/2025,9/18/2025,1541, RV,0.7463055,0,,53,47,6,49.79607,43.69462,6.101452,https://www.theargumentmag.com/p/chatgpt-and-the-end-of-learning,9/18/2025,07:00:47 22 Sep 2026,9/22/2026,,,90714,222929,22sep2026
All polls,AtlasIntel,,9/12/2025,9/16/2025,1066, A,0.9429561,0,,51.8,43.5,8.299999,48.53091,44.19849,4.33242,https://atlasintel.org/poll/usa-national-2025-09-19,9/16/2025,07:00:47 22 Sep 2026,9/22/2026,,,900736,222715,22sep2026
All polls,"Normington, Petts & Associates",Third Way,9/11/2025,9/16/2025,800, LV,0.8875322,0,,40,40,0,40.2353,39.32522,0.91008,https://www.thirdway.org/memo/americans-caught-between-trumps-cruelty-and-democrats-chaos,11/13/2025,07:00:47 22 Sep 2026,9/22/2026,,,900827,907741,22sep2026
All polls,YouGov,The Economist,9/12/2025,9/15/2025,1420, RV,0.1863821,0,,43,41,2,45.15418,42.55437,2.599808,https://d3nkl3psvxxpe9.cloudfront.net/documents/econtoplines_XBYs983.pdf,9/15/2025,07:00:47 22 Sep 2026,9/22/2026,,,90645,222648,22sep2026
All polls,Morning Consult,,9/8/2025,9/14/2025,23465, RV,0.1343578,0,,43.89,42.44,1.450001,45.87621,42.00739,3.86882,https://pro.morningconsult.com/trackers/2026-midterm-election-generic-ballot-polls,12/15/2025,07:00:47 22 Sep 2026,9/22/2026,,,90866,908651,22sep2026
All polls,NAIP,,9/6/2025,9/13/2025,2071, LV,1.102736,0,,45,43,2,45.86751,42.26193,3.605583,https://www.realclearpolitics.com/articles/2025/09/19/generic_ballot_tracking_poll_republicans_narrow_dems_lead.html,12/15/2025,07:00:47 22 Sep 2026,9/22/2026,,REP,90813,908131,22sep2026
All polls,i360,Americans for Prosperity,9/10/2025,9/12/2025,577, RV,0.7193716,0,,35,32,3,37.8521,33.43208,4.420021,https://www.politico.com/news/2025/12/03/obamacare-subsidies-expire-this-month-many-republicans-are-shrugging-00672949,12/3/2025,07:00:47 22 Sep 2026,9/22/2026,,REP,90802,908021,22sep2026
All polls,Clarity Campaign Labs,,9/4/2025,9/11/2025,1001, RV,0.6969455,0,,50,44,6,48.57477,43.01666,5.558113,https://www.claritycampaigns.com/clarity-omnibus-september-2025,9/11/2025,07:00:47 22 Sep 2026,9/22/2026,,,900731,222678,22sep2026
All polls,Change Research,,9/5/2025,9/10/2025,2223, RV,0.6411889,0,,45,43,2,46.43648,43.53911,2.897373,https://portal.changeresearch.com/portal/projects/9b77cc10-feae-4dd6-b303-1b83ee015192,5/5/2026,07:00:47 22 Sep 2026,9/22/2026,,,901422,9014222,22sep2026
All polls,CNN/SSRS,,8/21/2025,9/1/2025,1768, RV,0.8077916,0,,52,48,4,51.80582,47.75293,4.052891,https://www.cnn.com/2025/09/26/politics/us-politics-negative-sentiment-republicans-democrats,9/1/2025,07:00:47 22 Sep 2026,9/22/2026,,,90692,222840,22sep2026
All polls,The Winston Group,Winning the Issues,8/30/2025,9/1/2025,1000, RV,0.9599504,0,,47,43,4,47.14791,42.78886,4.359051,https://www.winningtheissues.org/2025/12/31/2025-winning-the-issues-research/,2/27/2026,07:00:47 22 Sep 2026,9/22/2026,,REP,901147,9011473,22sep2026
All polls,Survey160,,8/26/2025,9/1/2025,1437, RV,0.8235024,0,,46,39,7,46.18543,41.09808,5.087349,https://www.survey160.com/methodological-research-blog/introducing-the-survey-160-tracking-poll,12/5/2025,07:00:47 22 Sep 2026,9/22/2026,,,900919,908041,22sep2026
All polls,Cygnal,,8/7/2025,8/9/2025,1500, LV,1.200493,0,,47.4,46.4,1,46.42246,44.64738,1.775078,https://www.cygn.al/national-poll-69-percent-of-americans-reject-race-based-redistricting-views-on-the-american-dream-on-life-support-and-the-fed-gets-low-marks-on-handling-of-interest-rates/,8/9/2025,07:00:47 22 Sep 2026,9/22/2026,,,90410,221956,22sep2026
All polls,YouGov,The Economist,8/1/2025,8/4/2025,1528, RV,0.2045883,0,,43.7,38.4,5.299999,45.85418,39.95437,5.899811,https://today.yougov.com/topics/politics/trackers/congressional-ballot-voting-intention,8/4/2025,07:00:47 22 Sep 2026,9/22/2026,,,90388,221810,22sep2026
All polls,Morning Consult,,8/25/2025,8/31/2025,26531, RV,0.1433498,0,,43.81,42.4,1.41,45.79621,41.9674,3.828812,https://pro.morningconsult.com/trackers/2026-midterm-election-generic-ballot-polls,12/15/2025,07:00:47 22 Sep 2026,9/22/2026,,,90864,908631,22sep2026
All polls,Morning Consult,,8/29/2025,8/31/2025,2202, RV,0.052933,0,,45,41,4,46.98621,40.56739,6.418819,https://links.morningconsult.com/s/vb/zpOJTp1fd-BIR_rEUoDVVpbxjXadg6zyKojmasnqASm1Hp621kq0xaatdElmOwOyNR5BxVXYL1h85IVSEMQ-rZTd-Yz0U-hjJgu1WfIkrldD66UKOSCLbrYHiSzLtKjUuUOD33LEK9wVgTQl22Ic8BUrAP0z3AlRWdSJsA/dAaqMr_Kzp13zZAl6CKc8AYgFM7Csr5U/12,8/31/2025,07:00:47 22 Sep 2026,9/22/2026,,,900696,222387,22sep2026
All polls,Hart Research Associates/Public Opinion Strategies,CNBC,7/29/2025,8/3/2025,800, RV,0.9796585,0,,49,44,5,47.66678,42.16885,5.497929,https://www.cnbc.com/video/2025/08/07/cnbc-all-america-economic-survey-45-percent-approve-of-pres-trumps-handling-of-the-economy.html,8/3/2025,07:00:47 22 Sep 2026,9/22/2026,,,900640,221845,22sep2026
All polls,Morning Consult,,7/28/2025,8/3/2025,27432, RV,0.1487178,0,,43.68,42.53,1.150002,45.66621,42.09739,3.568821,https://pro.morningconsult.com/trackers/2026-midterm-election-generic-ballot-polls,12/15/2025,07:00:47 22 Sep 2026,9/22/2026,,,90860,908591,22sep2026
All polls,Emerson College,,8/25/2025,8/26/2025,1000, RV,0.9405274,0,,43.3,43,0.2999992,43.19731,43.60276,-0.4054489,https://emersoncollegepolling.com/august-2025-national/,8/26/2025,07:00:47 22 Sep 2026,9/22/2026,,,900689,222344,22sep2026
All polls,McLaughlin & Associates,,8/21/2025,8/26/2025,1000, LV,0.3095384,0,,45,47,-2,46.56706,45.25381,1.313248,https://mclaughlinonline.com/2025/09/02/national-monthly-august-2025/?utm_source=rss&utm_medium=rss&utm_campaign=national-monthly-august-2025,8/26/2025,07:00:47 22 Sep 2026,9/22/2026,,,90537,222383,22sep2026
All polls,YouGov,The Economist,8/22/2025,8/25/2025,1377, RV,0.1891856,0,,43,41,2,45.15418,42.55437,2.599808,https://d3nkl3psvxxpe9.cloudfront.net/documents/econtoplines_ziFpJLd.pdf,8/25/2025,07:00:47 22 Sep 2026,9/22/2026,,,90501,222186,22sep2026
All polls,Ipsos,Reuters,8/22/2025,8/24/2025,895, RV,0.3468601,0,,36,39,-3,41.00824,42.44606,-1.43782,https://www.reuters.com/data/which-party-do-americans-want-run-congress-2025-11-05/,12/15/2025,07:00:47 22 Sep 2026,9/22/2026,,,900680,908202,22sep2026
All polls,Morning Consult,,8/18/2025,8/24/2025,27673, RV,0.1471735,0,,44.05,42.24,1.809998,46.03621,41.8074,4.228809,https://pro.morningconsult.com/trackers/2026-midterm-election-generic-ballot-polls,12/15/2025,07:00:47 22 Sep 2026,9/22/2026,,,90863,908621,22sep2026
All polls,RMG Research,Napolitan Institute,8/18/2025,8/21/2025,2000, RV,0.668799,0,,47,47,0,47.41032,44.50034,2.909981,https://napolitannews.org/posts/generic-ballot-gop-44-percent-dem-44,8/21/2025,07:00:47 22 Sep 2026,9/22/2026,,,90497,222124,22sep2026
All polls,Verasight,Strength In Numbers,8/18/2025,8/21/2025,1500, A,0.4658435,0,,49,41,8,47.24365,40.94791,6.295738,https://www.gelliottmorris.com/p/democrats-lead-the-us-house-generic,8/21/2025,07:00:47 22 Sep 2026,9/22/2026,,,90502,222184,22sep2026
All polls,Echelon Insights,,8/14/2025,8/18/2025,1057, LV,0.8740035,0,,47,46,1,45.87136,43.54799,2.323372,https://echeloninsights.com/in-the-news/august-2025-verified-voter-omnibus/,8/18/2025,07:00:47 22 Sep 2026,9/22/2026,,,90476,222042,22sep2026
All polls,YouGov,The Economist,8/15/2025,8/18/2025,1408, RV,0.1931294,0,,44,39,5,46.15418,40.55437,5.599808,https://d3nkl3psvxxpe9.cloudfront.net/documents/econtoplines_ep7WXyn.pdf,8/18/2025,07:00:47 22 Sep 2026,9/22/2026,,,90480,222093,22sep2026
All polls,Ipsos,Reuters,8/13/2025,8/18/2025,3516, RV,0.6072351,0,,42,37,5,47.00824,40.44606,6.56218,https://www.reuters.com/data/which-party-do-americans-want-run-congress-2025-11-05/,12/15/2025,07:00:47 22 Sep 2026,9/22/2026,,,900665,908211,22sep2026
All polls,The Argument/Verasight,,8/8/2025,8/17/2025,1562, RV,0.8770283,0,,50.7,49.3,1.400002,47.49607,45.99462,1.50145,https://www.theargumentmag.com/p/when-americans-bite-their-tongues,8/17/2025,07:00:47 22 Sep 2026,9/22/2026,,,90521,222313,22sep2026
All polls,Morning Consult,,8/11/2025,8/17/2025,27248, RV,0.1472682,0,,43.93,42.88,1.049999,45.91621,42.4474,3.468811,https://pro.morningconsult.com/trackers/2026-midterm-election-generic-ballot-polls,12/15/2025,07:00:47 22 Sep 2026,9/22/2026,,,90862,908611,22sep2026
All polls,YouGov,The Economist,8/9/2025,8/11/2025,1474, RV,0.1992659,0,,42,40,2,44.15418,41.55437,2.599808,https://d3nkl3psvxxpe9.cloudfront.net/documents/econtoplines_V8D6b4L.pdf,8/11/2025,07:00:47 22 Sep 2026,9/22/2026,,,90405,221952,22sep2026
All polls,Morning Consult,,8/4/2025,8/10/2025,26631, RV,0.1464986,0,,43.79,42.66,1.130001,45.77621,42.22739,3.54882,https://pro.morningconsult.com/trackers/2026-midterm-election-generic-ballot-polls,12/15/2025,07:00:47 22 Sep 2026,9/22/2026,,,90861,908601,22sep2026
All polls,YouGov,The Economist,7/4/2025,7/7/2025,1389, RV,0.2141197,0,,43,40,3,45.15418,41.55437,3.599808,https://today.yougov.com/topics/politics/trackers/congressional-ballot-voting-intention,7/7/2025,07:00:47 22 Sep 2026,9/22/2026,,,90241,221735,22sep2026
All polls,Morning Consult,,6/30/2025,7/6/2025,27913, RV,0.1513088,0,,44.36,42.51,1.850002,46.34621,42.07739,4.268822,https://pro.morningconsult.com/trackers/2026-midterm-election-generic-ballot-polls,12/15/2025,07:00:47 22 Sep 2026,9/22/2026,,,90856,908551,22sep2026
All polls,Clarity Campaign Labs,,7/24/2025,7/31/2025,1018, RV,0.7210499,0,,51,43,8,49.57477,42.01666,7.558113,https://static1.squarespace.com/static/61ae8d5e55be5c7314b4c83a/t/68936b40c111f97bb04773dd/1754491714447/Clarity+Omnibus+Overview+-+July+2025+%5BPUBLIC%5D.pdf,7/31/2025,07:00:47 22 Sep 2026,9/22/2026,,,900639,221844,22sep2026
All polls,GrayHouse,America One Policies,7/27/2025,7/29/2025,2000, RV,0.9684486,0,,47,44,3,48.25644,43.83925,4.417191,https://www.americaonepolicies.com/polls/selling-the-one-big-beautiful-bill,3/6/2026,07:00:47 22 Sep 2026,9/22/2026,,REP,901181,9011812,22sep2026
All polls,YouGov,The Economist,7/25/2025,7/28/2025,1610, RV,0.2109963,0,,43,41,2,45.15418,42.55437,2.599808,https://today.yougov.com/topics/politics/trackers/congressional-ballot-voting-intention,7/28/2025,07:00:47 22 Sep 2026,9/22/2026,,,90363,221738,22sep2026
All polls,YouGov,Yahoo News,7/24/2025,7/28/2025,1167, RV,0.1860078,0,,46,39,7,48.15418,40.55437,7.599808,https://d3nkl3psvxxpe9.cloudfront.net/documents/20250728_yahoo.pdf,7/28/2025,07:00:47 22 Sep 2026,9/22/2026,,,900643,221899,22sep2026
All polls,Morning Consult,,7/21/2025,7/27/2025,28524, RV,0.1515909,0,,44.07,42.19,1.880001,46.05621,41.75739,4.29882,https://pro.morningconsult.com/trackers/2026-midterm-election-generic-ballot-polls,12/15/2025,07:00:47 22 Sep 2026,9/22/2026,,,90859,908581,22sep2026
All polls,Ipsos,Reuters,7/25/2025,7/27/2025,884, RV,0.3756978,0,,40,39,1,45.00824,42.44606,2.56218,https://www.reuters.com/data/which-party-do-americans-want-run-congress-2025-11-05/,12/15/2025,07:00:47 22 Sep 2026,9/22/2026,,,900621,908221,22sep2026
All polls,McLaughlin & Associates,America's New Majority Project,7/21/2025,7/24/2025,1633, LV,0.3011802,0,,48,43.9,4.099998,49.74051,41.98037,7.760139,https://americasnewmajorityproject.com/winning-with-one-big-beautiful-bill/,7/24/2025,07:00:47 22 Sep 2026,9/22/2026,,REP,900618,221687,22sep2026
All polls,Emerson College,Nexstar,7/21/2025,7/22/2025,1400, RV,1.072233,0,,44,41.5,2.5,43.89731,42.10276,1.794548,https://www.conchovalleyhomepage.com/news/majority-disapprove-of-trumps-handling-of-epstein-files-emerson-college-polling-survey/,7/22/2025,07:00:47 22 Sep 2026,9/22/2026,,,900612,221656,22sep2026
All polls,YouGov,The Economist,7/18/2025,7/21/2025,1551, RV,0.2129302,0,,44,41,3,46.15418,42.55437,3.599808,https://today.yougov.com/topics/politics/trackers/congressional-ballot-voting-intention,7/21/2025,07:00:47 22 Sep 2026,9/22/2026,,,90338,221737,22sep2026
All polls,"Fabrizio, Lee & Associates/Impact Research",The Wall Street Journal,7/16/2025,7/20/2025,1500, RV,0.9407095,0,,46,43,3,46.42928,43.26755,3.161728,https://www.wsj.com/politics/elections/trump-approval-rating-poll-july-2025-745b0f5f,7/20/2025,07:00:47 22 Sep 2026,9/22/2026,,,90353,221660,22sep2026
All polls,Morning Consult,,7/14/2025,7/20/2025,28190, RV,0.1513664,0,,44.32,42.59,1.73,46.30621,42.15739,4.148819,https://pro.morningconsult.com/trackers/2026-midterm-election-generic-ballot-polls,12/15/2025,07:00:47 22 Sep 2026,9/22/2026,,,90858,908571,22sep2026
All polls,Cygnal,,7/1/2025,7/2/2025,1500, LV,1.149007,0,,47.1,45.7,1.399998,46.12246,43.94738,2.175079,https://www.cygn.al/poll-karens-freak-out-over-ice-raids-as-hispanic-support-for-deportations-surges/,7/2/2025,07:00:47 22 Sep 2026,9/22/2026,,,90244,221241,22sep2026
All polls,AtlasIntel,,7/13/2025,7/18/2025,1935, A,1.158618,0,,51.3,42.7,8.599998,48.03091,43.39849,4.63242,https://atlasintel.org/poll/usa-national-2025-07-18,7/18/2025,07:00:47 22 Sep 2026,9/22/2026,,,900590,221520,22sep2026
All polls,Rasmussen Reports,,7/13/2025,7/17/2025,2288, LV,1.321881,0,,46,42,4,47.2056,41.84968,5.355919,https://www.rasmussenreports.com/public_content/politics/mood_of_america/generic_congressional_ballot_july22,11/13/2025,07:00:47 22 Sep 2026,9/22/2026,,REP,90780,907801,22sep2026
All polls,RMG Research,Napolitan Institute,7/14/2025,7/16/2025,2000, RV,0.6378598,0,,45,49,-4,45.41032,46.50034,-1.090019,https://napolitannews.org/posts/generic-ballot-july-2025-republicans-46-percent-democrats-42,7/16/2025,07:00:47 22 Sep 2026,9/22/2026,,,90334,221547,22sep2026
All polls,Verasight,Strength In Numbers,7/14/2025,7/16/2025,1500, A,0.500186,0,,47,43,4,45.24365,42.94791,2.295738,https://www.gelliottmorris.com/p/new-poll-dems-lead-house-generic,7/16/2025,07:00:47 22 Sep 2026,9/22/2026,,,90336,221563,22sep2026
All polls,McLaughlin & Associates,,7/9/2025,7/14/2025,1000, LV,0.2288187,0,,42,47,-5,43.56706,45.25381,-1.686752,https://mclaughlinonline.com/2025/07/17/ma-poll-national-monthly-july-2025/,7/14/2025,07:00:47 22 Sep 2026,9/22/2026,,,90321,221484,22sep2026
All polls,YouGov,The Economist,7/11/2025,7/14/2025,1506, RV,0.2162586,0,,43,39,4,45.15418,40.55437,4.599808,https://today.yougov.com/topics/politics/trackers/congressional-ballot-voting-intention,7/14/2025,07:00:47 22 Sep 2026,9/22/2026,,,90311,221736,22sep2026
All polls,Echelon Insights,,7/10/2025,7/14/2025,1084, LV,0.878176,0,,47,48,-1,45.87136,45.54799,0.3233719,https://echeloninsights.com/in-the-news/july-2025-verified-voter-omnibus-2-2-2-2-2-2-2/,7/14/2025,07:00:47 22 Sep 2026,9/22/2026,,,900575,221405,22sep2026
All polls,Morning Consult,,7/7/2025,7/13/2025,28276, RV,0.1520013,0,,44.72,42.75,1.970001,46.70621,42.31739,4.388821,https://pro.morningconsult.com/trackers/2026-midterm-election-generic-ballot-polls,12/15/2025,07:00:47 22 Sep 2026,9/22/2026,,,90857,908561,22sep2026
All polls,RMG Research,Napolitan Institute,6/9/2025,6/9/2025,1000, RV,0.4773994,0,,35,35,0,35.41032,32.50034,2.909981,https://napolitannews.org/posts/musk-3rd-party-would-get-8-percent-of-voters,6/9/2025,07:00:47 22 Sep 2026,9/22/2026,,,90063,219708,22sep2026
All polls,YouGov,The Economist,6/6/2025,6/9/2025,1397, RV,0.2464521,0,,44,43,1,46.15418,44.55437,1.599808,https://today.yougov.com/topics/politics/trackers/congressional-ballot-voting-intention,6/9/2025,07:00:47 22 Sep 2026,9/22/2026,,,90053,221731,22sep2026
All polls,Morning Consult,,6/2/2025,6/8/2025,28551, RV,0.1525361,0,,42.98,45.28,-2.299999,44.96621,44.84739,0.1188202,https://pro.morningconsult.com/trackers/2026-midterm-election-generic-ballot-polls,12/15/2025,07:00:47 22 Sep 2026,9/22/2026,,,90852,908511,22sep2026
All polls,J.L. Partners,DailyMail.com,6/6/2025,6/6/2025,1006, RV,0.9842626,0,,42,35,7,42.05539,36.08115,5.974239,https://www.dailymail.co.uk/news/article-14796175/polling-donald-trump-2024-election-elon-musk.html,6/6/2025,07:00:47 22 Sep 2026,9/22/2026,,,90057,219706,22sep2026
All polls,Cygnal,,6/3/2025,6/4/2025,1500, LV,1.139432,0,,47.2,46.9,0.2999992,46.22246,45.14738,1.075081,https://www.cygn.al/national-poll-record-number-say-nation-is-on-right-track-voters-back-trumps-one-big-beautiful-bill-for-tax-relief-and-border-security/,6/4/2025,07:00:47 22 Sep 2026,9/22/2026,,,90056,219697,22sep2026
All polls,YouGov,The Economist,6/27/2025,6/30/2025,1491, RV,0.224976,0,,44,40,4,46.15418,41.55437,4.599808,https://today.yougov.com/topics/politics/trackers/congressional-ballot-voting-intention,6/30/2025,07:00:47 22 Sep 2026,9/22/2026,,,90219,221734,22sep2026
All polls,Morning Consult,,6/23/2025,6/29/2025,27694, RV,0.1507401,0,,43.58,43.34,0.2400017,45.56621,42.90739,2.658821,https://pro.morningconsult.com/trackers/2026-midterm-election-generic-ballot-polls,12/15/2025,07:00:47 22 Sep 2026,9/22/2026,,,90855,908541,22sep2026
All polls,Emerson College,,6/24/2025,6/25/2025,1000, RV,0.9920143,0,,42.5,39.8,2.700001,42.39731,40.40276,1.994549,https://emersoncollegepolling.com/june-national-poll/,6/25/2025,07:00:47 22 Sep 2026,9/22/2026,,,900538,221051,22sep2026
All polls,American Pulse Research & Polling,,6/23/2025,6/25/2025,633, RV,0.7365844,0,,46.6,42.4,4.199997,46.42363,42.48856,3.93507,https://www.americanpulse.us/thankyou-pollresults-publicopinion-post-landscape-shaping-events-2,6/25/2025,07:00:47 22 Sep 2026,9/22/2026,,,900534,221029,22sep2026
All polls,YouGov,The Economist,6/20/2025,6/23/2025,1455, RV,0.2296183,0,,44,40,4,46.15418,41.55437,4.599808,https://today.yougov.com/topics/politics/trackers/congressional-ballot-voting-intention,6/23/2025,07:00:47 22 Sep 2026,9/22/2026,,,90183,221733,22sep2026
All polls,Ipsos,Reuters,6/20/2025,6/23/2025,994, RV,0.4187194,0,,40,36,4,45.00824,39.44606,5.56218,https://www.reuters.com/data/which-party-do-americans-want-run-congress-2025-11-05/,12/15/2025,07:00:47 22 Sep 2026,9/22/2026,,,90824,908231,22sep2026
All polls,Morning Consult,,6/16/2025,6/22/2025,28021, RV,0.1513362,0,,43.99,43.73,0.2600021,45.97621,43.29739,2.678822,https://pro.morningconsult.com/trackers/2026-midterm-election-generic-ballot-polls,12/15/2025,07:00:47 22 Sep 2026,9/22/2026,,,90854,908531,22sep2026
All polls,Cygnal,,6/19/2025,6/21/2025,800, LV,0.8855824,0,,48.4,46,2.400002,47.42246,44.24738,3.175079,https://www.cygn.al/poll-bitcoin-owners-lean-republican-emerging-as-sought-after-voting-bloc-in-2026-elections/,6/21/2025,07:00:47 22 Sep 2026,9/22/2026,,,90186,221001,22sep2026
All polls,YouGov,The Economist,5/30/2025,6/2/2025,1436, RV,0.2637599,0,,44,42,2,46.15418,43.55437,2.599808,https://d3nkl3psvxxpe9.cloudfront.net/documents/econtoplines_uOptfZ9.pdf,6/2/2025,07:00:47 22 Sep 2026,9/22/2026,,,90039,219670,22sep2026
All polls,RMG Research,Napolitan Institute,6/18/2025,6/19/2025,1000, RV,0.470074,0,,44,52,-8,44.41032,49.50034,-5.090019,https://napolitannews.org/posts/generic-ballot-gop-holds-largest-lead-of-the-year,6/19/2025,07:00:47 22 Sep 2026,9/22/2026,,,90180,220954,22sep2026
All polls,Echelon Insights,,6/17/2025,6/18/2025,1002, LV,0.8336412,0,,47,48,-1,45.87136,45.54799,0.3233719,https://echeloninsights.com/in-the-news/middle-east-update/,6/18/2025,07:00:47 22 Sep 2026,9/22/2026,,,900514,220920,22sep2026
All polls,Echelon Insights,,6/12/2025,6/17/2025,982, LV,0.8288878,0,,47,48,-1,45.87136,45.54799,0.3233719,https://echeloninsights.com/in-the-news/june-2025-verified-voter-omnibus-2-2-2-2-2-2/,6/17/2025,07:00:47 22 Sep 2026,9/22/2026,,,900510,220836,22sep2026
All polls,YouGov,The Economist,6/13/2025,6/16/2025,1351, RV,0.2318537,0,,44,41,3,46.15418,42.55437,3.599808,https://today.yougov.com/topics/politics/trackers/congressional-ballot-voting-intention,6/16/2025,07:00:47 22 Sep 2026,9/22/2026,,,90083,221732,22sep2026
All polls,co/efficient,,6/12/2025,6/16/2025,1035, LV,0.8761247,0,,46,46,0,46.62472,44.94255,1.682171,https://coefficient.org/one-big-beautiful-bill/,6/16/2025,07:00:47 22 Sep 2026,9/22/2026,,REP,90166,220929,22sep2026
All polls,Ipsos,Reuters,6/11/2025,6/16/2025,3458, RV,0.6857741,0,,40,38,2,45.00824,41.44606,3.56218,https://www.reuters.com/data/which-party-do-americans-want-run-congress-2025-11-05/,12/15/2025,07:00:47 22 Sep 2026,9/22/2026,,,900505,908241,22sep2026
All polls,McLaughlin & Associates,,6/10/2025,6/15/2025,1000, LV,0.199854,0,,42,47,-5,43.56706,45.25381,-1.686752,https://mclaughlinonline.com/pols/wp-content/uploads/2025/06/National-June-Presentation-RELEASE-6-16-25.pdf,6/15/2025,07:00:47 22 Sep 2026,9/22/2026,,,90161,220909,22sep2026
All polls,Morning Consult,,6/9/2025,6/15/2025,28058, RV,0.1513887,0,,43.68,44.94,-1.259998,45.66621,44.50739,1.158821,https://pro.morningconsult.com/trackers/2026-midterm-election-generic-ballot-polls,12/15/2025,07:00:47 22 Sep 2026,9/22/2026,,,90853,908521,22sep2026
All polls,McLaughlin & Associates,America's New Majority Project,6/12/2025,6/15/2025,1637, LV,0.2438385,0,,47.2,46.4,0.7999992,48.94051,44.48037,4.46014,https://americasnewmajorityproject.com/how-to-talk-about-taxes-and-the-budget-bill-what-voters-respond-to-best/,6/15/2025,07:00:47 22 Sep 2026,9/22/2026,,REP,900524,220937,22sep2026
All polls,The Winston Group,Winning the Issues,6/12/2025,6/14/2025,1000, RV,1.014024,0,,46,42,4,46.14791,41.78886,4.359051,https://www.winningtheissues.org/2025/06/30/winning-the-issues-june-2025-national-survey/,6/14/2025,07:00:47 22 Sep 2026,9/22/2026,,REP,900568,221307,22sep2026
All polls,Clarity Campaign Labs,,6/5/2025,6/14/2025,1000, RV,0.7412483,0,,50,45,5,48.57477,44.01666,4.558113,https://static1.squarespace.com/static/61ae8d5e55be5c7314b4c83a/t/6852fc5a3ac4c05449fc450e/1750269023826/Clarity+Omnibus+Overview+-+June+2025+%5BPUBLIC%5D.pdf,6/14/2025,07:00:47 22 Sep 2026,9/22/2026,,,900513,220899,22sep2026
All polls,Verasight,Strength In Numbers,6/6/2025,6/12/2025,1500, A,0.5413883,0,,45,37,8,43.24365,36.94791,6.295738,https://www.gelliottmorris.com/p/trump-approval-at-42-democrats-up,6/12/2025,07:00:47 22 Sep 2026,9/22/2026,,,90074,219731,22sep2026
All polls,McLaughlin & Associates,Club for Growth (PAC),6/9/2025,6/11/2025,1000, LV,0.2013118,0,,44,46,-2,45.74051,44.08037,1.660137,https://www.clubforgrowth.org/icymi-new-cfg-poll-finds-vast-majority-of-republicans-democrats-support-school-freedom-bills/,6/11/2025,07:00:47 22 Sep 2026,9/22/2026,,REP,90076,219733,22sep2026
All polls,Morning Consult,,5/26/2025,6/1/2025,29002, RV,0.1531174,0,,43.67,44.28,-0.6100006,45.6562,43.84739,1.808811,https://pro.morningconsult.com/trackers/2026-midterm-election-generic-ballot-polls,12/15/2025,07:00:47 22 Sep 2026,9/22/2026,,,90851,908501,22sep2026
All polls,co/efficient,,5/7/2025,5/9/2025,1462, LV,0.9393271,0,,45,42,3,45.62472,40.94255,4.682171,https://coefficient.org/national-approval-study/,5/9/2025,07:00:47 22 Sep 2026,9/22/2026,,REP,900429,219403,22sep2026
All polls,Cygnal,,5/6/2025,5/8/2025,1500, LV,1.18613,0,,47.1,46.6,0.5,46.12246,44.84738,1.275078,https://www.cygn.al/poll-aoc-more-popular-than-schumer-trump-image-improving-republicans-decimating-democrats-on-key-issue-trust-and-more/,5/8/2025,07:00:47 22 Sep 2026,9/22/2026,,,89881,219394,22sep2026
All polls,AtlasIntel,,5/4/2026,5/7/2026,2069, A,1.315043,0,,54.6,40.1,14.5,51.33091,40.79848,10.53243,https://www.atlasintel.org/poll/usa-national-2026-05-11,5/12/2026,07:00:47 22 Sep 2026,9/22/2026,,,901449,9014493,22sep2026
All polls,Cygnal,Conservative Energy Network,5/4/2026,5/7/2026,1500, LV,1.10257,0,,48,41,7,47.19313,39.07671,8.116421,https://conservativeenergynetwork.org/new-national-poll-americans-demand-action-on-rising-energy-costs-support-modernizing-the-grid-and-expanding-domestic-energy-production/,5/27/2026,07:00:47 22 Sep 2026,9/22/2026,,REP,901493,9014931,22sep2026
All polls,Cygnal,,5/5/2026,5/6/2026,1500, LV,1.10257,0,,48.5,42.4,6.099998,47.52246,40.64738,6.87508,https://www.cygn.al/polls/may-2026-national-voter-trends-nvt-poll/,5/13/2026,07:00:47 22 Sep 2026,9/22/2026,,,901455,9014552,22sep2026
All polls,RMG Research,Napolitan News Service,5/4/2026,5/6/2026,2000, RV,0.6801558,0,,50,41,9,50.41032,38.50034,11.90998,https://napolitannews.org/posts/generic-ballot-dem-50-percent-gop-41-dems-also-more-enthusiastic,5/8/2026,07:00:47 22 Sep 2026,9/22/2026,,,901441,9014411,22sep2026
All polls,Verasight,Strength In Numbers,5/1/2025,5/6/2025,1000, A,0.5373484,0,,47,41,6,45.24365,40.94791,4.295738,https://www.gelliottmorris.com/p/new-poll-americans-oppose-trumps,5/6/2025,07:00:47 22 Sep 2026,9/22/2026,,,89882,219395,22sep2026
All polls,HarrisX,Forbes,4/29/2026,5/5/2026,1891, LV,0.4879561,0,,48,42,6,46.82313,37.85577,8.967361,https://www.harrisx.com/posts/forbes-and-harrisx-partner-on-new-american-confidence-survey-as-gallup-ends-approval-polling,5/5/2026,07:00:47 22 Sep 2026,9/22/2026,,,901435,9014356,22sep2026
All polls,Focaldata,Financial Times,5/1/2026,5/5/2026,3167, RV,0.7680153,0,,49,42,7,48.19695,41.29938,6.897568,https://www.focaldata.com/blog/democrats-lead-economy-focaldata-financial-times-poll,5/11/2026,07:00:47 22 Sep 2026,9/22/2026,,,901444,9014444,22sep2026
All polls,YouGov,Economist,5/1/2026,5/4/2026,1409, RV,0.2023932,0,,44,41,3,46.15418,42.55437,3.599808,https://d3nkl3psvxxpe9.cloudfront.net/documents/econTabReport_i4K4elJ.pdf,5/5/2026,07:00:47 22 Sep 2026,9/22/2026,,,901429,9014295,22sep2026
All polls,CNN/SSRS,,4/30/2026,5/4/2026,1156, RV,0.647015,0,,45,42,3,44.80582,41.75293,3.052891,https://www.cnn.com/2026/05/12/politics/cnn-poll-midterms-affordability-politics-impact,5/12/2026,07:00:47 22 Sep 2026,9/22/2026,,,901448,9014483,22sep2026
All polls,Morning Consult,,4/28/2025,5/4/2025,25876, RV,0.1429972,0,,44.38,43.51,0.8700027,46.36621,43.07739,3.288822,https://pro.morningconsult.com/trackers/2026-midterm-election-generic-ballot-polls,12/15/2025,07:00:47 22 Sep 2026,9/22/2026,,,90847,908461,22sep2026
All polls,Morning Consult,,5/25/2026,5/31/2026,30379, RV,0.1615183,0,,45.4,42.2,3.200001,47.38621,41.7674,5.618813,https://intel.morningconsult.com/mc-content/trackers/2026-midterm-election-generic-ballot-polls,6/10/2026,07:00:47 22 Sep 2026,9/22/2026,,,901538,9015381,22sep2026
All polls,Morning Consult,,4/27/2026,5/3/2026,27846, RV,0.144581,0,,45.6,42.7,2.899998,47.5862,42.2674,5.318802,https://pro-assets.morningconsult.com/wp-uploads/2026/08/MCPI-PI-Weekly.html,8/24/2026,07:00:47 22 Sep 2026,9/22/2026,,,901751,9017511,22sep2026
All polls,Morning Consult,,5/1/2026,5/3/2026,2200, RV,0.0526957,0,,46,43,3,47.98621,42.56739,5.418819,https://pro.morningconsult.com/trackers/donald-trump-congress-policy-republicans-polling,5/5/2026,07:00:47 22 Sep 2026,9/22/2026,,,901431,9014312,22sep2026
All polls,TIPP Insights,Issues & Insights,5/26/2026,5/28/2026,1332, RV,1.335038,0,,46,41,5,46.9888,40.82582,6.162979,https://issuesinsights.com/2026/06/15/does-either-party-have-an-edge-in-2026-midterms-and-2028-presidential-election-ii-tipp-poll/,6/15/2026,07:00:47 22 Sep 2026,9/22/2026,,,901553,9015531,22sep2026
All polls,AtlasIntel,,5/21/2025,5/27/2025,3469, A,1.465722,0,,50.9,41.7,9.200001,47.63091,42.39849,5.232418,https://cdn.atlasintel.org/20c89f8f-d65e-4991-a491-388ae96986c9.pdf,5/27/2025,07:00:47 22 Sep 2026,9/22/2026,,,900464,219652,22sep2026
All polls,YouGov,Pennsylvania State University McCourtney Institute for Democracy,5/19/2026,5/26/2026,862, RV,0.1715005,0,,41,37,4,43.15418,38.55437,4.599808,https://democracy.psu.edu/poll-report-archive/fewer-than-four-in-ten-americans-think-president-trump-is-doing-a-good-job/,6/4/2026,07:00:47 22 Sep 2026,9/22/2026,,,901516,9015161,22sep2026
All polls,Marquette University Law School,,5/20/2026,5/26/2026,576, LV,1.116591,0,,49,48,1,46.55407,46.53866,0.0154114,https://law.marquette.edu/poll/2026/06/03/detailed-results-of-the-marquette-law-school-supreme-court-poll-may-20-26-2026-national-issues/,6/3/2026,07:00:47 22 Sep 2026,9/22/2026,,,901511,9015115,22sep2026
All polls,YouGov,Economist,5/22/2026,5/26/2026,1397, RV,0.2095557,0,,46,41,5,48.15418,42.55437,5.599808,https://d3nkl3psvxxpe9.cloudfront.net/documents/econTabReport_aWdgoE7.pdf,5/27/2026,07:00:47 22 Sep 2026,9/22/2026,,,901492,9014924,22sep2026
All polls,YouGov,The Economist,5/23/2025,5/26/2025,1486, RV,0.2832384,0,,43,41,2,45.15418,42.55437,2.599808,https://today.yougov.com/topics/politics/trackers/congressional-ballot-voting-intention,5/26/2025,07:00:47 22 Sep 2026,9/22/2026,,,90016,221730,22sep2026
All polls,McLaughlin & Associates,,5/21/2025,5/26/2025,1000, LV,0.2137732,0,,43,47,-4,44.56706,45.25381,-0.6867523,https://mclaughlinonline.com/pols/wp-content/uploads/2025/05/National-May-Presentation-RELEASE-05-27-25.pdf,5/26/2025,07:00:47 22 Sep 2026,9/22/2026,,,90022,219637,22sep2026
All polls,Emerson College,,5/24/2026,5/25/2026,1000, LV,1.005906,0,,49.8,41.3,8.5,49.69731,41.90276,7.794552,https://emersoncollegepolling.com/may-2026-national-poll/,5/28/2026,07:00:47 22 Sep 2026,9/22/2026,,,901495,9014952,22sep2026
All polls,Morning Consult,,5/19/2025,5/25/2025,28855, RV,0.1518102,0,,43.21,44.82,-1.610001,45.19621,44.38739,0.8088188,https://pro.morningconsult.com/trackers/2026-midterm-election-generic-ballot-polls,12/15/2025,07:00:47 22 Sep 2026,9/22/2026,,,90850,908491,22sep2026
All polls,Morning Consult,,5/18/2026,5/24/2026,29255, RV,0.1563672,0,,45.5,42.3,3.200001,47.48621,41.86739,5.61882,https://intel.morningconsult.com/mc-content/trackers/2026-midterm-election-generic-ballot-polls,5/31/2026,07:00:47 22 Sep 2026,9/22/2026,,,901503,9015031,22sep2026
All polls,Bedrock Polling,Third Way,5/20/2026,5/24/2026,1776, RV,0.9660645,0,,46,41,5,46.49953,41.15835,5.341179,https://www.thirdway.org/memo/americans-blame-the-government-for-high-health-costs-and-want-it-to-rein-in-the-industry,8/11/2026,07:00:47 22 Sep 2026,9/22/2026,,,901714,9017142,22sep2026
All polls,John Zogby Strategies,,5/21/2026,5/22/2026,1000, LV,0.7241585,0,,49.2,42,7.200001,49.22227,41.74205,7.480221,https://johnzogbystrategies.com/the-latest-zogby-political-poll-trump-economic-concerns-war-trends-05-22-26/,5/22/2026,07:00:47 22 Sep 2026,9/22/2026,,,901484,9014842,22sep2026
All polls,RMG Research,Napolitan Institute,5/20/2025,5/21/2025,1000, RV,0.5105906,0,,48,45,3,48.41032,42.50034,5.909981,https://napolitannews.org/posts/generic-ballot-gop-43-percent-dem-43,5/21/2025,07:00:47 22 Sep 2026,9/22/2026,,,90014,219587,22sep2026
All polls,Verasight/Morris Predictive Insights,Unite Here,5/18/2026,5/20/2026,2000, A,0.4092856,0,,52,41,11,50.24365,40.94791,9.295738,https://www.politico.com/newsletters/playbook/2026/05/22/pod-save-nobody-00933436,5/22/2026,07:00:47 22 Sep 2026,9/22/2026,,,901483,9014832,22sep2026
All polls,Rasmussen Reports,,5/13/2026,5/20/2026,2161, LV,1.150586,0,,47,41,6,48.2056,40.84968,7.355919,https://www.rasmussenreports.com/public_content/politics/mood_of_america/generic_congressional_ballot_may25,6/10/2026,07:00:47 22 Sep 2026,9/22/2026,,REP,901534,9015341,22sep2026
All polls,Verasight,Strength in Numbers,5/18/2026,5/19/2026,1413, RV,0.4248189,0,,51,43,8,49.24365,42.94791,6.295738,https://www.gelliottmorris.com/p/2026-05-26-may-strength-in-numbers-verasight-poll,5/26/2026,07:00:47 22 Sep 2026,9/22/2026,,,901490,9014904,22sep2026
All polls,YouGov,The Economist,5/16/2025,5/19/2025,1558, RV,0.3091904,0,,43,42,1,45.15418,43.55437,1.599808,https://today.yougov.com/topics/politics/trackers/congressional-ballot-voting-intention,5/19/2025,07:00:47 22 Sep 2026,9/22/2026,,,89897,221729,22sep2026
All polls,YouGov,Economist,5/16/2025,5/19/2025,1558, RV,0.3091904,0,,43,42,1,45.15418,43.55437,1.599808,https://today.yougov.com/topics/politics/trackers/congressional-ballot-voting-intention,11/25/2025,07:00:47 22 Sep 2026,9/22/2026,,,900442,907951,22sep2026
All polls,Fabrizio Ward,Pinpoint Policy Institute,5/15/2025,5/19/2025,800, RV,0.9952917,0,,42,42,0,42.77985,42.20346,0.5763893,https://pinpointpolicyinstitute.org/pinpoint-policy-institute-quarterly-economic-tracking-poll/,5/19/2025,07:00:47 22 Sep 2026,9/22/2026,,,900471,219660,22sep2026
All polls,Ipsos,Reuters,5/15/2026,5/18/2026,984, RV,0.2864887,0,,39,38,1,44.00824,41.44606,2.56218,https://www.ipsos.com/en-us/americas-frustration-cost-living-continues-rise,5/19/2026,07:00:47 22 Sep 2026,9/22/2026,,,901469,9014695,22sep2026
All polls,McLaughlin & Associates,America's New Majority Project,5/14/2026,5/18/2026,2000, RV,0.3467291,0,,39,36,3,40.74051,34.08037,6.660137,https://www.americasnewmajorityproject.net/p/democrat-lawmakers-are-taking-positions,6/17/2026,07:00:47 22 Sep 2026,9/22/2026,,REP,901560,9015601,22sep2026
All polls,Data for Progress,,5/15/2026,5/18/2026,1149, LV,0.5775459,0,,51,43,8,49.71216,42.14442,7.567738,https://www.dataforprogress.org/blog/2026/5/21/democrats-lead-the-generic-ballot-by-8-points-as-midterms-approach,5/21/2026,07:00:47 22 Sep 2026,9/22/2026,,,901478,90147813,22sep2026
All polls,YouGov,Economist,5/15/2026,5/18/2026,1380, RV,0.2039198,0,,46,43,3,48.15418,44.55437,3.599808,https://d3nkl3psvxxpe9.cloudfront.net/documents/econTabReport_YTE4G2g.pdf,5/19/2026,07:00:47 22 Sep 2026,9/22/2026,,,901467,9014675,22sep2026
All polls,Impact Research/National Research ,Wall Street Journal,5/7/2026,5/18/2026,1500, RV,0.9035828,0,,48,40,8,48.07961,40.14673,7.93288,https://www.wsj.com/politics/policy/trump-republican-congress-control-98a13bd9,5/24/2026,07:00:47 22 Sep 2026,9/22/2026,,,901486,9014864,22sep2026
All polls,Quinnipiac University,,5/14/2026,5/18/2026,1106, RV,0.9193398,0,,50,39,11,49.21408,39.81057,9.403511,https://poll.qu.edu/poll-release?releaseid=3959,5/21/2026,07:00:47 22 Sep 2026,9/22/2026,,,901477,9014773,22sep2026
All polls,Echelon Insights,,5/14/2026,5/18/2026,1008, LV,0.8581508,0,,51,43,8,49.87136,40.54799,9.323372,https://echeloninsights.com/insights/may-2026-verified-voter-omnibus,5/19/2026,07:00:47 22 Sep 2026,9/22/2026,,,901468,9014682,22sep2026
All polls,McLaughlin & Associates,,5/12/2026,5/18/2026,1000, LV,0.3205436,0,,46,42,4,47.56706,40.25381,7.313248,https://mclaughlinonline.com/2026/05/22/national-monthly-may-2026/,5/23/2026,07:00:47 22 Sep 2026,9/22/2026,,,901485,9014851,22sep2026
All polls,The Rainey Center,,5/17/2026,5/18/2026,1000, LV,0.9496727,0,,45,43,2,45.84921,42.73599,3.11322,https://www.raineycenter.org/polling/data-centers-voters-are-persuadable-but-they-want-accountability-and-clean-energy,6/19/2026,07:00:47 22 Sep 2026,9/22/2026,,,901568,9015681,22sep2026
All polls,Morning Consult,,5/12/2025,5/18/2025,28103, RV,0.1493461,0,,43.26,44.45,-1.190002,45.2462,44.0174,1.228802,https://pro.morningconsult.com/trackers/2026-midterm-election-generic-ballot-polls,12/15/2025,07:00:47 22 Sep 2026,9/22/2026,,,90849,908481,22sep2026
All polls,Ipsos,Reuters,5/16/2025,5/18/2025,885, RV,0.4448302,0,,40,39,1,45.00824,42.44606,2.56218,https://www.reuters.com/data/which-party-do-americans-want-run-congress-2025-11-05/,12/15/2025,07:00:47 22 Sep 2026,9/22/2026,,,900443,908251,22sep2026
All polls,Morning Consult,,5/15/2026,5/17/2026,2203, RV,0.0550695,0,,47,41,6,48.98621,40.56739,8.418819,https://intel.morningconsult.com/mc-content/trackers/donald-trump-congress-policy-republicans-polling,5/22/2026,07:00:47 22 Sep 2026,9/22/2026,,,901480,9014802,22sep2026
All polls,Morning Consult,,5/11/2026,5/17/2026,28525, RV,0.1520905,0,,45.5,42.3,3.200001,47.48621,41.86739,5.61882,https://intel.morningconsult.com/mc-content/trackers/2026-midterm-election-generic-ballot-polls,5/22/2026,07:00:47 22 Sep 2026,9/22/2026,,,901481,9014811,22sep2026
All polls,Rasmussen Reports,,5/14/2025,5/16/2025,1012, LV,1.044061,0,,45,44,1,46.2056,43.84968,2.355919,https://www.rasmussenreports.com/public_content/archive/mood_of_america_archive/generic_congressional_ballot/democrats_have_slim_lead_in_early_2026_congressional_forecast,11/13/2025,07:00:47 22 Sep 2026,9/22/2026,,REP,90779,907791,22sep2026
All polls,YouGov,CBS News,5/13/2026,5/15/2026,1397, LV,0.2479759,0,,45,40,5,47.15418,41.55437,5.599808,https://www.cbsnews.com/news/redistricting-elections-opinion-poll-19-may-2026/,5/20/2026,07:00:47 22 Sep 2026,9/22/2026,,,901460,9014603,22sep2026
All polls,The New York Times/Siena College,,5/11/2026,5/15/2026,1507, RV,1.416832,0,,50,39,11,49.31787,38.72572,10.59215,https://www.nytimes.com/interactive/2026/05/18/polls/times-siena-national-poll-toplines.html,5/18/2026,07:00:47 22 Sep 2026,9/22/2026,,,901463,9014633,22sep2026
All polls,Echelon Insights,,5/8/2025,5/12/2025,1000, LV,0.9059898,0,,47,48,-1,45.87136,45.54799,0.3233719,https://echeloninsights.com/in-the-news/may-2025-verified-voter-omnibus-2-2-2-2-2/,5/12/2025,07:00:47 22 Sep 2026,9/22/2026,,,900421,219377,22sep2026
All polls,YouGov,Economist,5/9/2026,5/11/2026,1410, RV,0.2032853,0,,45,40,5,47.15418,41.55437,5.599808,https://d3nkl3psvxxpe9.cloudfront.net/documents/econTabReport_ONiR6Nb.pdf,5/12/2026,07:00:47 22 Sep 2026,9/22/2026,,,901447,9014475,22sep2026
All polls,Ipsos,Reuters,5/8/2026,5/11/2026,993, RV,0.2854217,0,,41,35,6,46.00824,38.44606,7.56218,https://www.ipsos.com/en-us/two-thirds-say-rising-gas-prices-have-affected-their-household-finances,5/11/2026,07:00:47 22 Sep 2026,9/22/2026,,,901445,9014455,22sep2026
All polls,Morning Consult,,5/5/2025,5/11/2025,27882, RV,0.1480623,0,,43.35,44.53,-1.18,45.3362,44.09739,1.238811,https://pro.morningconsult.com/trackers/2026-midterm-election-generic-ballot-polls,12/15/2025,07:00:47 22 Sep 2026,9/22/2026,,,90848,908471,22sep2026
All polls,Change Research,,5/5/2026,5/10/2026,2244, RV,0.5590022,0,,45,42,3,46.43648,42.53911,3.897373,https://portal.changeresearch.com/portal/projects/07dc6ff6-bb96-4bc5-a138-90b0ab3b22db,6/15/2026,07:00:47 22 Sep 2026,9/22/2026,,,901552,9015522,22sep2026
All polls,Morning Consult,,5/4/2026,5/10/2026,28573, RV,0.149295,0,,45.4,42.3,3.100002,47.38621,41.86739,5.518822,https://pro-assets.morningconsult.com/wp-uploads/2026/08/MCPI-PI-Weekly.html,8/24/2026,07:00:47 22 Sep 2026,9/22/2026,,,901757,9017571,22sep2026
All polls,Tavern Research,,4/6/2026,4/9/2026,502, LV,0.8057504,0,,44,43,1,44.85545,42.74696,2.10849,https://www.tavernresearch.com/research-and-writings/cutting-room-floor-april-10-2026,5/12/2026,07:00:47 22 Sep 2026,9/22/2026,,,901452,9014521,22sep2026
All polls,RMG Research,Napolitan News Service,4/6/2026,4/9/2026,2000, RV,0.6677985,0,,49,44,5,49.41032,41.50034,7.909981,https://napolitannews.org/posts/generic-ballot-dem-45-percent-gop-42-dems-also-more-enthusiastic,4/10/2026,07:00:47 22 Sep 2026,9/22/2026,,,901349,9013491,22sep2026
All polls,Echelon Insights,NetChoice,4/3/2026,4/9/2026,2880, LV,1.224187,0,,50,45,5,48.87136,42.54799,6.323372,https://netchoice.org/wp-content/uploads/2026/04/NetChoice-Apr-2026-National-Antitrust-Survey-Topline.pdf,4/21/2026,07:00:47 22 Sep 2026,9/22/2026,,,901377,9013772,22sep2026
All polls,Morning Consult,,4/6/2026,4/9/2026,2200, RV,0.0504811,0,,46,42,4,47.98621,41.56739,6.418819,https://pro.morningconsult.com/trackers/donald-trump-congress-policy-republicans-polling,4/15/2026,07:00:47 22 Sep 2026,9/22/2026,,,901357,9013572,22sep2026
All polls,YouGov,The Economist,4/5/2025,4/8/2025,1558, RV,0.5640653,0,,43,42,1,45.15418,43.55437,1.599808,https://d3nkl3psvxxpe9.cloudfront.net/documents/econtoplines_Emo4hnf.pdf,4/8/2025,07:00:47 22 Sep 2026,9/22/2026,,,89690,219142,22sep2026
All polls,Change Research,,4/3/2026,4/7/2026,2702, RV,0.5463405,0,,47,42,5,48.43648,42.53911,5.897373,https://changeresearch.com/who-do-voters-want-in-2028/,5/14/2026,07:00:47 22 Sep 2026,9/22/2026,,,901415,9014153,22sep2026
All polls,Morning Consult,,4/3/2026,4/6/2026,2200, RV,0.050078,0,,45,42,3,46.98621,41.56739,5.418819,https://pro.morningconsult.com/trackers/donald-trump-congress-policy-republicans-polling,4/7/2026,07:00:47 22 Sep 2026,9/22/2026,,,901336,9013362,22sep2026
All polls,YouGov,Economist,4/3/2026,4/6/2026,1560, RV,0.2015144,0,,44,42,2,46.15418,43.55437,2.599808,https://d3nkl3psvxxpe9.cloudfront.net/documents/econTabReport_SVRZJH8.pdf,4/7/2026,07:00:47 22 Sep 2026,9/22/2026,,,901334,9013345,22sep2026
All polls,Morning Consult,,3/31/2025,4/6/2025,25977, RV,0.1445462,0,,43.68,43.99,-0.3100014,45.66621,43.5574,2.10881,https://pro.morningconsult.com/trackers/2026-midterm-election-generic-ballot-polls,12/15/2025,07:00:47 22 Sep 2026,9/22/2026,,,90843,908421,22sep2026
All polls,Morning Consult,,3/30/2026,4/5/2026,27594, RV,0.136346,0,,45,42.4,2.599998,46.98621,41.9674,5.01881,https://pro.morningconsult.com/trackers/2026-midterm-election-generic-ballot-polls,4/21/2026,07:00:47 22 Sep 2026,9/22/2026,,,901372,9013721,22sep2026
All polls,Marist University,NPR | PBS News,4/27/2026,4/30/2026,1155, RV,1.104741,0,,52,42,10,49.42213,41.89233,7.5298,https://maristpoll.marist.edu/polls/president-trump-while-at-war-may-2026/,5/6/2026,07:00:47 22 Sep 2026,9/22/2026,,,901433,9014334,22sep2026
All polls,Wick,2Way,4/29/2025,4/30/2025,1000, RV,0.9714795,0,,42,39,3,42.80905,39.91989,2.88916,https://my.wick.io/analysis/shared/item/859BF9A4-407C-4E48-9DCF-C5F6A33B0CDA/view,11/13/2025,07:00:47 22 Sep 2026,9/22/2026,,,900757,907781,22sep2026
All polls,Cygnal,,4/2/2026,4/3/2026,1500, LV,1.098896,0,,48.8,43.3,5.5,47.82246,41.54738,6.275082,https://www.cygn.al/wp-content/uploads/2026/04/23738-Cygnal-National-Apr26-NVT-Deck-Public.pdf,4/8/2026,07:00:47 22 Sep 2026,9/22/2026,,,901340,9013402,22sep2026
All polls,Yale University Institution for Social and Policy Studies,,4/1/2025,4/3/2025,4100, RV,1.14198,0,,43.3,41.7,1.599998,44.24157,41.65166,2.589909,https://youthpoll.yale.edu/spring-2025-results,4/3/2025,07:00:47 22 Sep 2026,9/22/2026,,,89744,219144,22sep2026
All polls,Cygnal,,4/1/2025,4/3/2025,1500, LV,1.208816,0,,47.5,46.5,1,46.52246,44.74738,1.775082,https://www.cygn.al/poll-democrats-continue-to-struggle-as-trump-maintains-strong-approval-even-in-light-of-tariffs/,4/3/2025,07:00:47 22 Sep 2026,9/22/2026,,,900331,219140,22sep2026
All polls,McLaughlin & Associates,,4/22/2025,4/29/2025,1000, LV,0.2458768,0,,43,45,-2,44.56706,43.25381,1.313248,https://mclaughlinonline.com/pols/wp-content/uploads/2025/05/National-April-Presentation-RELEASE-04-29-25.pdf,4/29/2025,07:00:47 22 Sep 2026,9/22/2026,,,89825,219310,22sep2026
All polls,Ipsos,The Washington Post | ABC News,4/24/2026,4/28/2026,2059, RV,0.3702812,0,,49,44,5,54.00824,47.44606,6.56218,https://www.washingtonpost.com/politics/2026/05/03/trump-approval-ratings-poll/ ,5/4/2026,07:00:47 22 Sep 2026,9/22/2026,,,901417,9014174,22sep2026
All polls,Morning Consult,,4/24/2026,4/27/2026,2201, RV,0.0519627,0,,45,43,2,46.98621,42.56739,4.418819,https://pro.morningconsult.com/trackers/donald-trump-congress-policy-republicans-polling,4/27/2026,07:00:47 22 Sep 2026,9/22/2026,,,901397,9013972,22sep2026
All polls,YouGov,Economist,4/24/2026,4/27/2026,1647, RV,0.2133875,0,,46,41,5,48.15418,42.55437,5.599808,https://d3nkl3psvxxpe9.cloudfront.net/documents/econTabReport_Ty7ikPd.pdf,4/28/2026,07:00:47 22 Sep 2026,9/22/2026,,,901399,9013995,22sep2026
All polls,Public Opinion Strategies,CoinDesk,4/21/2026,4/27/2026,1000, RV,1.202772,0,,44,41,3,44.8727,40.79071,4.081989,https://www.coindesk.com/policy/2026/05/03/crypto-is-at-the-bottom-of-u-s-voters-priorities-heading-into-the-midterm-coindesk-survey-shows,5/4/2026,07:00:47 22 Sep 2026,9/22/2026,,,901419,9014191,22sep2026
All polls,Ipsos,Reuters,4/24/2026,4/27/2026,1014, RV,0.2789181,0,,41,37,4,46.00824,40.44606,5.56218,https://www.ipsos.com/en-us/americans-increasingly-feel-economy-wrong-track,4/28/2026,07:00:47 22 Sep 2026,9/22/2026,,,901403,9014035,22sep2026
All polls,NewsNation,,4/23/2025,4/27/2025,1448, RV,0.9621595,0,,45,40,5,45.03207,39.67769,5.354382,https://www.newsnationnow.com/politics/recession-inflation-immigration-ddhq-poll/,4/27/2025,07:00:47 22 Sep 2026,9/22/2026,,,900398,219154,22sep2026
All polls,Morning Consult,,4/21/2025,4/27/2025,25544, RV,0.1417113,0,,44.09,43.14,0.9500008,46.07621,42.70739,3.36882,https://pro.morningconsult.com/trackers/2026-midterm-election-generic-ballot-polls,12/15/2025,07:00:47 22 Sep 2026,9/22/2026,,,90846,908451,22sep2026
All polls,Ipsos,Reuters,4/25/2025,4/27/2025,897, RV,0.4961865,0,,40,39,1,45.00824,42.44606,2.56218,https://www.reuters.com/data/which-party-do-americans-want-run-congress-2025-11-05/,12/15/2025,07:00:47 22 Sep 2026,9/22/2026,,,900394,908261,22sep2026
All polls,Morning Consult,,4/20/2026,4/26/2026,28235, RV,0.143076,0,,44.9,42.4,2.5,46.88621,41.9674,4.918812,https://pro.morningconsult.com/trackers/2026-midterm-election-generic-ballot-polls,4/28/2026,07:00:47 22 Sep 2026,9/22/2026,,,901401,9014011,22sep2026
All polls,HarrisX,Harvard CAPS,4/23/2026,4/26/2026,1963, LV,0.5035129,0,,50,50,0,48.82313,45.85577,2.967361,https://harvardharrispoll.com/key-results-april-2026/,4/28/2026,07:00:47 22 Sep 2026,9/22/2026,,,901402,9014026,22sep2026
All polls,Emerson College,,4/24/2026,4/26/2026,1000, LV,1.035419,0,,50.3,40.2,10.1,50.19731,40.80276,9.39455,https://emersoncollegepolling.com/april-2026-national-poll/,4/29/2026,07:00:47 22 Sep 2026,9/22/2026,,,901405,9014052,22sep2026
All polls,Clarity Campaign Labs,,4/15/2026,4/24/2026,1000, LV,0.9189669,0,,50,45,5,48.57477,44.01666,4.558113,https://www.claritycampaigns.com/clarity-omnibus-2026-april,5/5/2026,07:00:47 22 Sep 2026,9/22/2026,,,901432,9014322,22sep2026
All polls,The New York Times/Siena College,,4/21/2025,4/24/2025,913, RV,1.201842,0,,47,44,3,46.31787,43.72572,2.592152,https://www.nytimes.com/2025/04/25/us/politics/trump-poll-approval.html,4/24/2025,07:00:47 22 Sep 2026,9/22/2026,,,900377,219152,22sep2026
All polls,Quantus Insights,,4/21/2026,4/23/2026,1452, LV,0.7008166,0,,46.5,42.3,4.200001,46.83051,41.9276,4.902908,https://quantusinsights.org/f/quantus-survey-a-divided-electorate-a-narrow-democratic-edge,4/24/2026,07:00:47 22 Sep 2026,9/22/2026,,,901394,9013942,22sep2026
All polls,The Argument/Verasight,,4/20/2026,4/23/2026,1516, RV,0.7824832,0,,53,47,6,49.79607,43.69462,6.101452,https://www.theargumentmag.com/p/why-democrats-cant-win-more-trump,4/29/2026,07:00:47 22 Sep 2026,9/22/2026,,,901406,9014062,22sep2026
All polls,Beacon Research/Shaw & Co. Research,Fox News,4/18/2025,4/21/2025,1104, RV,1.212213,0,,49,42,7,47.1203,40.54278,6.577518,https://www.foxnews.com/official-polls/fox-news-poll-democrats-favorability-hits-new-low-still-favored-over-gop-2026-midterms,4/21/2025,07:00:47 22 Sep 2026,9/22/2026,,,89718,219153,22sep2026
All polls,Beacon Research/Shaw & Company Research,FOX News,4/17/2026,4/20/2026,1001, RV,1.124965,0,,52,47,5,50.1203,45.54278,4.577518,https://www.foxnews.com/politics/fox-news-poll-economic-gloom-trump-ratings-signal-tough-gop-midterm-path,4/23/2026,07:00:47 22 Sep 2026,9/22/2026,,,901387,9013872,22sep2026
All polls,Ipsos,Reuters,4/15/2026,4/20/2026,3577, RV,0.4686728,0,,41,38,3,46.00824,41.44606,4.56218,https://www.ipsos.com/en-us/americans-remain-skeptical-trumps-handling-inflation,4/21/2026,07:00:47 22 Sep 2026,9/22/2026,,,901376,9013764,22sep2026
All polls,YouGov,Economist,4/17/2026,4/20/2026,1553, RV,0.2067935,0,,45,40,5,47.15418,41.55437,5.599808,https://d3nkl3psvxxpe9.cloudfront.net/documents/econTabReport_I24AWdp.pdf,4/21/2026,07:00:47 22 Sep 2026,9/22/2026,,,901380,9013805,22sep2026
All polls,Echelon Insights,,4/17/2026,4/20/2026,1012, LV,0.8186526,0,,50,44,6,48.87136,41.54799,7.323372,https://echeloninsights.com/insights/april-2026-verified-voter-omnibus,4/21/2026,07:00:47 22 Sep 2026,9/22/2026,,,901381,9013813,22sep2026
All polls,Morning Consult,,4/17/2026,4/20/2026,2203, RV,0.0513621,0,,45,42,3,46.98621,41.56739,5.418819,https://pro.morningconsult.com/trackers/donald-trump-congress-policy-republicans-polling,4/20/2026,07:00:47 22 Sep 2026,9/22/2026,,,901369,9013692,22sep2026
All polls,Morning Consult,,4/14/2025,4/20/2025,26905, RV,0.1443089,0,,44.04,43.36,0.6800003,46.02621,42.92739,3.09882,https://pro.morningconsult.com/trackers/2026-midterm-election-generic-ballot-polls,12/15/2025,07:00:47 22 Sep 2026,9/22/2026,,,90845,908441,22sep2026
All polls,Morning Consult,,4/13/2026,4/19/2026,27869, RV,0.1409862,0,,44.6,42.3,2.299999,46.5862,41.86739,4.718811,https://pro.morningconsult.com/trackers/2026-midterm-election-generic-ballot-polls,4/21/2026,07:00:47 22 Sep 2026,9/22/2026,,,901374,9013741,22sep2026
All polls,Hart Research Associates/Public Opinion Strategies,CNBC,4/15/2026,4/19/2026,1000, RV,0.9908994,0,,49,45,4,47.66678,43.16885,4.497929,https://www.cnbc.com/2026/04/23/trumps-approval-rating-on-economy-and-overall-falls-to-lowest-of-his-two-terms-cnbc-survey-shows.html,4/23/2026,07:00:47 22 Sep 2026,9/22/2026,,,901388,9013882,22sep2026
All polls,KFF,,4/14/2026,4/19/2026,1107, RV,1.009139,0,,43,34,9,43.60958,35.41357,8.196011,https://www.kff.org/public-opinion/kff-health-tracking-poll-health-care-costs-and-the-midterms/,4/29/2026,07:00:47 22 Sep 2026,9/22/2026,,,901407,9014071,22sep2026
All polls,McLaughlin & Associates,America's New Majority Project,4/16/2025,4/19/2025,1638, LV,0.3143542,0,,45.7,47.1,-1.399998,47.44051,45.18037,2.260139,https://americasnewmajorityproject.com/most-support-blocking-states-from-giving-medicaid-to-illegal-immigrants/,4/19/2025,07:00:47 22 Sep 2026,9/22/2026,,REP,900375,219151,22sep2026
All polls,John Zogby Strategies,,4/17/2026,4/18/2026,1001, LV,0.6499239,0,,48.3,44.4,3.899998,48.32227,44.14206,4.18021,https://johnzogbystrategies.com/wp-content/uploads/2026/04/Brand-New-Zogby-Poll-Amid-War-Confusion-04.20.26.html,4/21/2026,07:00:47 22 Sep 2026,9/22/2026,,,901370,9013702,22sep2026
All polls,Noble Predictive Insights,The Center Square,4/15/2025,4/18/2025,2527, RV,1.453194,0,,45,42,3,45.94491,41.9215,4.023407,https://www.thecentersquare.com/polls/,4/18/2025,07:00:47 22 Sep 2026,9/22/2026,,,89719,219149,22sep2026
All polls,Marquette University Law School,,4/8/2026,4/16/2026,576, LV,1.166617,0,,53,43,10,50.55407,41.53866,9.015411,https://law.marquette.edu/poll/2026/04/22/detailed-results-of-the-marquette-law-school-supreme-court-poll-april-8-16-2026-national-issues/,4/22/2026,07:00:47 22 Sep 2026,9/22/2026,,,901385,9013855,22sep2026
All polls,RMG Research,Napolitan Institute,4/16/2025,4/16/2025,1000, RV,0.6194792,0,,50,45,5,50.41032,42.50034,7.909981,https://napolitannews.org/posts/democrats-make-huge-gains-on-generic-ballot,4/16/2025,07:00:47 22 Sep 2026,9/22/2026,,,89745,219148,22sep2026
All polls,McLaughlin & Associates,,4/8/2026,4/15/2026,1000, LV,0.3307613,0,,47,43,4,48.56706,41.25381,7.313248,https://mclaughlinonline.com/pols/wp-content/uploads/2026/04/National-April-Release-Presentation-4-16-26.pdf,4/17/2026,07:00:47 22 Sep 2026,9/22/2026,,,901365,9013651,22sep2026
All polls,GBAO,Third Way,4/8/2026,4/15/2026,2000, RV,1.119476,0,,48,40,8,48.11499,40.82009,7.294899,https://www.thirdway.org/memo/the-cost-of-misplaced-priorities-trumps-coalition-frays,5/12/2026,07:00:47 22 Sep 2026,9/22/2026,,,901453,9014532,22sep2026
All polls,Verasight,Strength in Numbers,4/10/2026,4/14/2026,1386, RV,0.4640253,0,,50,43,7,48.24365,42.94791,5.295738,https://www.gelliottmorris.com/p/2026-04-21-april-strength-in-numbers-verasight-poll,4/21/2026,07:00:47 22 Sep 2026,9/22/2026,,,901375,9013754,22sep2026
All polls,Clarity Campaign Labs,,4/9/2025,4/14/2025,1008, RV,0.7158472,0,,44,45,-1,42.57477,44.01666,-1.441887,https://45840940.fs1.hubspotusercontent-na1.net/hubfs/45840940/Clarity%20Omnibus%20Overview_April%202025.pdf,4/14/2025,07:00:47 22 Sep 2026,9/22/2026,,,900355,219146,22sep2026
All polls,Echelon Insights,,4/10/2025,4/14/2025,1014, LV,0.9521633,0,,47,47,0,45.87136,44.54799,1.323372,https://echeloninsights.com/in-the-news/april-2025-verified-voter-omnibus-2-2-2-2/,4/14/2025,07:00:47 22 Sep 2026,9/22/2026,,,900347,219143,22sep2026
All polls,YouGov,Economist,4/10/2026,4/13/2026,1573, RV,0.2058826,0,,45,40,5,47.15418,41.55437,5.599808,https://d3nkl3psvxxpe9.cloudfront.net/documents/econTabReport_G1zNgZq.pdf,4/14/2026,07:00:47 22 Sep 2026,9/22/2026,,,901355,9013555,22sep2026
All polls,Morning Consult,,4/7/2025,4/13/2025,26749, RV,0.1438502,0,,43.54,43.98,-0.4399986,45.52621,43.54739,1.978821,https://pro.morningconsult.com/trackers/2026-midterm-election-generic-ballot-polls,12/15/2025,07:00:47 22 Sep 2026,9/22/2026,,,90844,908431,22sep2026
All polls,Hart Research Associates/Public Opinion Strategies,CNBC,4/9/2025,4/13/2025,800, RV,0.9632434,0,,48,46,2,46.66678,44.16885,2.497929,https://www.cnbc.com/video/2025/04/17/tariffs-weight-on-trump-approval-cnbc-survey-finds.html,4/13/2025,07:00:47 22 Sep 2026,9/22/2026,,,900354,219145,22sep2026
All polls,Survey160,,4/9/2026,4/12/2026,1539, RV,0.7216122,0,,47,37,10,47.18543,39.09808,8.087349,https://www.survey160.com/methodological-research-blog/survey-160-tracking-poll-april-2026,4/23/2026,07:00:47 22 Sep 2026,9/22/2026,,,901389,9013892,22sep2026
All polls,RealClear Opinion Research,,4/10/2025,4/12/2025,1000, RV,0.8474652,0,,39.8,39.2,0.5999985,41.09891,40.13686,0.9620514,https://www.realclearpolitics.com/articles/2025/04/18/rcp_poll_voters_see_campus_bias_reject_trumps_tariff_pitch_152678.html,4/12/2025,07:00:47 22 Sep 2026,9/22/2026,,,900361,219147,22sep2026
All polls,Morning Consult,,4/6/2025,4/12/2025,27410, RV,0.1454425,0,,45.6,41.8,3.799999,47.5862,41.36739,6.218811,https://pro.morningconsult.com/trackers/2026-midterm-election-generic-ballot-polls,4/21/2026,07:00:47 22 Sep 2026,9/22/2026,,,901373,9013731,22sep2026
All polls,The Winston Group,Winning the Issues,4/8/2025,4/10/2025,1000, RV,1.060541,0,,46,44,2,46.14791,43.78886,2.359051,https://www.winningtheissues.org/2025/04/30/winning-the-issues-april-2025-national-survey/,4/10/2025,07:00:47 22 Sep 2026,9/22/2026,,REP,900570,221306,22sep2026
All polls,"Fabrizio, Lee & Associates/Impact Research",The Wall Street Journal,3/27/2025,4/1/2025,1500, RV,0.8108907,0,,44,43,1,44.42928,43.26755,1.161728,https://www.wsj.com/politics/policy/trump-foreign-policy-approval-voters-poll-c0c29dd0,4/1/2025,07:00:47 22 Sep 2026,9/22/2026,,,89685,219139,22sep2026
All polls,YouGov,Economist,3/6/2026,3/9/2026,1405, RV,0.1766461,0,,45,42,3,47.15418,43.55437,3.599808,https://d3nkl3psvxxpe9.cloudfront.net/documents/econTabReport_EcCnfRV.pdf,3/10/2026,07:00:47 22 Sep 2026,9/22/2026,,,901190,9011904,22sep2026
All polls,McLaughlin & Associates,,3/4/2026,3/9/2026,1000, LV,0.3245663,0,,47,43,4,48.56706,41.25381,7.313248,https://mclaughlinonline.com/pols/wp-content/uploads/2026/03/National-March-Presentation-RELEASE-03-10-26.pdf,3/13/2026,07:00:47 22 Sep 2026,9/22/2026,,,901201,9012011,22sep2026
All polls,Morning Consult,,3/3/2025,3/9/2025,27685, RV,0.1638943,0,,42.92,44.98,-2.060001,44.9062,44.54739,0.3588104,https://pro.morningconsult.com/trackers/2026-midterm-election-generic-ballot-polls,12/15/2025,07:00:47 22 Sep 2026,9/22/2026,,,90839,908381,22sep2026
All polls,Clarity Campaign Labs,,3/3/2025,3/9/2025,1036, RV,0.6994112,0,,46,44,2,44.57477,43.01666,1.558113,https://static1.squarespace.com/static/61ae8d5e55be5c7314b4c83a/t/67d0921f11ba8d57a17670a9/1741722147070/Clarity+Omnibus+Overview+-+March+2025+PUBLIC.pdf,3/9/2025,07:00:47 22 Sep 2026,9/22/2026,,,900268,219133,22sep2026
All polls,Morning Consult,,3/6/2026,3/8/2026,2202, RV,0.0466014,0,,47,43,4,48.98621,42.56739,6.418819,https://pro.morningconsult.com/trackers/donald-trump-congress-policy-republicans-polling,3/12/2026,07:00:47 22 Sep 2026,9/22/2026,,,901196,9011962,22sep2026
All polls,Morning Consult,,3/2/2026,3/8/2026,25948, RV,0.124491,0,,44.5,42.3,2.200001,46.48621,41.86739,4.61882,https://pro.morningconsult.com/trackers/2026-midterm-election-generic-ballot-polls,3/12/2026,07:00:47 22 Sep 2026,9/22/2026,,,901198,9011981,22sep2026
All polls,McLaughlin & Associates,America's New Majority Project,3/4/2025,3/7/2025,1655, LV,0.3117336,0,,45.1,47.8,-2.700001,46.8405,45.88037,0.9601288,https://americasnewmajorityproject.com/most-americans-support-trumps-maha-agenda/,3/7/2025,07:00:47 22 Sep 2026,9/22/2026,,REP,900267,219273,22sep2026
All polls,Noble Predictive Insights,Center Square,3/2/2026,3/5/2026,2659, RV,1.46966,0,,44,43,1,44.94491,42.9215,2.023407,https://www.thecentersquare.com/national/article_c3795c17-be14-4566-a625-eb38b4ffc1bf.html,3/14/2026,07:00:47 22 Sep 2026,9/22/2026,,,901204,9012042,22sep2026
All polls,Cygnal,,3/3/2025,3/5/2025,1500, LV,1.212618,0,,47.4,45.9,1.5,46.42246,44.14738,2.275078,https://www.cygn.al/poll-48-percent-support-trump-negotiating-settlement-to-war-in-ukraine-as-optimism-at-home-rises/,3/5/2025,07:00:47 22 Sep 2026,9/22/2026,,,900272,219134,22sep2026
All polls,RMG Research,Napolitan News Service,3/2/2026,3/4/2026,2000, RV,0.6428904,0,,46,46,0,46.41032,43.50034,2.909981,https://napolitannews.org/posts/generic-ballot-dem-44-percent-gop-43-dems-also-more-enthusiastic,3/6/2026,07:00:47 22 Sep 2026,9/22/2026,,,901176,9011761,22sep2026
All polls,Marist University,NPR | PBS News,3/2/2026,3/4/2026,1392, RV,1.162056,0,,53,44,9,50.42213,43.89233,6.5298,https://maristpoll.marist.edu/wp-content/uploads/2026/03/NPR_PBS-News_Marist-Poll_USA-NOS-and-Tables_202603091024.pdf,3/11/2026,07:00:47 22 Sep 2026,9/22/2026,,,901194,9011943,22sep2026
All polls,Cygnal,,3/3/2026,3/4/2026,1500, LV,1.048102,0,,49,44.8,4.200001,48.02246,43.04738,4.975082,https://www.cygn.al/wp-content/uploads/2026/03/23673-Cygnal-National-Mar26-NVT-Deck-Public.pdf,3/9/2026,07:00:47 22 Sep 2026,9/22/2026,,,901188,9011881,22sep2026
All polls,CNN/SSRS,,3/26/2026,3/30/2026,951, RV,0.5890754,0,,48,42,6,47.80582,41.75293,6.052891,https://www.documentcloud.org/documents/27964261-cnn-poll-conducted-by-ssrs-trump-approval-economy/,4/3/2026,07:00:47 22 Sep 2026,9/22/2026,,,901318,9013184,22sep2026
All polls,YouGov,Economist,3/27/2026,3/30/2026,1505, RV,0.193128,0,,45,39,6,47.15418,40.55437,6.599808,https://d3nkl3psvxxpe9.cloudfront.net/documents/econTabReport_3wplfYX.pdf,3/31/2026,07:00:47 22 Sep 2026,9/22/2026,,,901315,9013155,22sep2026
All polls,YouGov,University of Massachusetts Lowell,3/26/2026,3/30/2026,1000, A,0.1334629,0,,38,35,3,40.15418,36.55437,3.599808,https://www.uml.edu/Research/public-opinion/polls/default.aspx,4/9/2026,07:00:47 22 Sep 2026,9/22/2026,,,901342,9013423,22sep2026
All polls,Morning Consult,,3/24/2025,3/30/2025,27397, RV,0.1507612,0,,43.6,44.44,-0.8400002,45.5862,44.00739,1.578812,https://pro.morningconsult.com/trackers/2026-midterm-election-generic-ballot-polls,12/15/2025,07:00:47 22 Sep 2026,9/22/2026,,,90842,908411,22sep2026
All polls,Hart Research Associates/Public Opinion Strategies,NBC News,2/27/2026,3/3/2026,1000, RV,1.026943,0,,50,44,6,48.66678,42.16885,6.497929,https://www.nbcnews.com/politics/2026-election/poll-trump-struggles-immigration-prices-iran-democrats-midterm-edge-rcna261861,3/8/2026,07:00:47 22 Sep 2026,9/22/2026,,,901183,9011832,22sep2026
All polls,Emerson College,,3/2/2025,3/3/2025,1000, RV,1.17192,0,,44.4,41.4,3,44.29731,42.00276,2.294548,https://emersoncollegepolling.com/march-2025-national-poll/,3/3/2025,07:00:47 22 Sep 2026,9/22/2026,,,89624,218732,22sep2026
All polls,Morning Consult,,3/23/2026,3/29/2026,26725, RV,0.1319512,0,,45.1,42.3,2.799999,47.0862,41.86739,5.218811,https://pro.morningconsult.com/trackers/2026-midterm-election-generic-ballot-polls,4/3/2026,07:00:47 22 Sep 2026,9/22/2026,,,901328,9013281,22sep2026
All polls,Quantus Insights,,3/25/2026,3/26/2026,1472, LV,0.7794808,0,,47,41.3,5.700001,47.33051,40.9276,6.402908,https://quantusinsights.org/f/new-quantus-survey-a-sour-national-mood-and-a-midterm-warning,4/6/2026,07:00:47 22 Sep 2026,9/22/2026,,,901332,9013322,22sep2026
All polls,HarrisX,Harvard CAPS,3/25/2026,3/26/2026,1475, LV,0.5103771,0,,52,48,4,50.82313,43.85577,6.967361,https://harvardharrispoll.com/wp-content/uploads/2026/03/HHP_Mar2026_KeyResults.pdf,3/30/2026,07:00:47 22 Sep 2026,9/22/2026,,,901313,9013137,22sep2026
All polls,Quinnipiac University,,3/19/2026,3/23/2026,1191, RV,1.016783,0,,51,40,11,50.21408,40.81057,9.403511,https://poll.qu.edu/poll-release?releaseid=3953,3/25/2026,07:00:47 22 Sep 2026,9/22/2026,,,901302,9013023,22sep2026
All polls,Yale University Institution for Social and Policy Studies,,3/9/2026,3/23/2026,3429, RV,1.03154,0,,46,43.7,2.299999,46.94157,43.65166,3.289909,https://youthpoll.yale.edu/spring-2026-results,4/13/2026,07:00:47 22 Sep 2026,9/22/2026,,,901353,9013532,22sep2026
All polls,Ipsos,Reuters,3/20/2026,3/23/2026,985, RV,0.2917307,0,,40,38,2,45.00824,41.44606,3.56218,https://www.ipsos.com/en-us/economy-and-foreign-conflicts-now-publics-top-two-issue-concerns,3/24/2026,07:00:47 22 Sep 2026,9/22/2026,,,901296,9012964,22sep2026
All polls,YouGov,Economist,3/20/2026,3/23/2026,1502, RV,0.1886011,0,,45,42,3,47.15418,43.55437,3.599808,https://d3nkl3psvxxpe9.cloudfront.net/documents/econTabReport_o84FoNw.pdf,3/24/2026,07:00:47 22 Sep 2026,9/22/2026,,,901244,9012444,22sep2026
All polls,Ipsos,Reuters,3/21/2025,3/23/2025,911, RV,0.5454781,0,,38,38,0,43.00824,41.44606,1.56218,https://www.reuters.com/data/which-party-do-americans-want-run-congress-2025-11-05/,12/15/2025,07:00:47 22 Sep 2026,9/22/2026,,,900299,908271,22sep2026
All polls,Morning Consult,,3/17/2025,3/23/2025,27364, RV,0.1541577,0,,43.09,44.61,-1.52,45.07621,44.17739,0.898819,https://pro.morningconsult.com/trackers/2026-midterm-election-generic-ballot-polls,12/15/2025,07:00:47 22 Sep 2026,9/22/2026,,,90841,908401,22sep2026
All polls,Morning Consult,,3/16/2026,3/22/2026,26406, RV,0.1284996,0,,45.2,42.1,3.100002,47.18621,41.66739,5.518822,https://pro.morningconsult.com/trackers/2026-midterm-election-generic-ballot-polls,3/24/2026,07:00:47 22 Sep 2026,9/22/2026,,,901298,9012981,22sep2026
All polls,Morning Consult,Gambling Is Not Investing,3/17/2026,3/22/2026,15029, A,0.0861984,0,,47,42,5,48.98621,41.56739,7.418819,https://www.gamblingisnotinvesting.com/morning-consult-poll-reveals-americans-concerns-with-prediction-markets/,4/2/2026,07:00:47 22 Sep 2026,9/22/2026,,,901322,9013221,22sep2026
All polls,Impact Research/BSP Research,"Third Way, UnidosUS",3/10/2026,3/20/2026,1000, LV,0.9496727,0,,45,41,4,45.70107,41.25903,4.442039,https://www.thirdway.org/memo/president-trumps-immigration-problem,4/16/2026,07:00:47 22 Sep 2026,9/22/2026,,,901360,9013601,22sep2026
All polls,YouGov,Economist,2/27/2026,3/2/2026,1366, RV,0.1725035,0,,45,41,4,47.15418,42.55437,4.599808,https://d3nkl3psvxxpe9.cloudfront.net/documents/econTabReport_ubu5DXD.pdf,3/3/2026,07:00:47 22 Sep 2026,9/22/2026,,,901163,9011634,22sep2026
All polls,Public Opinion Strategies,Paragon Health Institute,2/25/2025,3/2/2025,1000, RV,1.202772,0,,44,46,-2,44.8727,45.79071,-0.9180107,https://paragoninstitute.org/medicaid/paragon-health-policy-survey-2025/,3/2/2025,07:00:47 22 Sep 2026,9/22/2026,,,900289,219137,22sep2026
All polls,Morning Consult,,2/24/2025,3/2/2025,28092, RV,0.17215,0,,42.96,44.61,-1.650002,44.94621,44.17739,0.7688179,https://pro.morningconsult.com/trackers/2026-midterm-election-generic-ballot-polls,12/15/2025,07:00:47 22 Sep 2026,9/22/2026,,,90838,908371,22sep2026
All polls,Rasmussen Reports,,3/16/2026,3/19/2026,2222, LV,1.171124,0,,45,42,3,46.2056,41.84968,4.355919,https://www.rasmussenreports.com/platinum/political_tracking_crosstabs/march_2026/crosstabs_generic_congressional_ballot_march_16_19_and_22_23_2026#google_vignette,3/26/2026,07:00:47 22 Sep 2026,9/22/2026,,REP,901306,9013061,22sep2026
All polls,Ipsos,Reuters,3/17/2026,3/19/2026,1206, RV,0.3163008,0,,40,37,3,45.00824,40.44606,4.56218,https://www.reuters.com/world/middle-east/americans-believe-trump-will-send-troops-into-iran-dont-like-idea-reutersipsos-2026-03-19/,3/20/2026,07:00:47 22 Sep 2026,9/22/2026,,,901227,9012273,22sep2026
All polls,"Normington, Petts & Associates",Third Way,3/12/2025,3/19/2025,800, LV,0.8875322,0,,50,50,0,50.2353,49.32522,0.91008,https://www.thirdway.org/polling/democrats-immigration-opportunity,3/19/2025,07:00:47 22 Sep 2026,9/22/2026,,,89821,219302,22sep2026
All polls,John Zogby Strategies,,3/17/2026,3/18/2026,1000, LV,0.6573441,0,,46.3,45.8,0.5,46.32227,45.54205,0.78022,https://x.com/zogbystrategies/status/2036096236139245673/photo/1,3/23/2026,07:00:47 22 Sep 2026,9/22/2026,,,901240,9012401,22sep2026
All polls,Verasight,Strength in Numbers,3/16/2026,3/18/2026,1370, RV,0.4647343,0,,49,43,6,47.24365,42.94791,4.295738,https://www.gelliottmorris.com/p/2026-03-24-march-sin-verasight-poll-main-release,3/24/2026,07:00:47 22 Sep 2026,9/22/2026,,,901242,9012424,22sep2026
All polls,Emerson College,,3/16/2026,3/17/2026,1000, LV,1.024286,0,,49.2,41.5,7.700001,49.09731,42.10276,6.994549,https://emersoncollegepolling.com/march-2026-national-poll-47-oppose-us-military-action-in-iran-40-support/,3/20/2026,07:00:47 22 Sep 2026,9/22/2026,,,901231,9012312,22sep2026
All polls,The Winston Group,Winning the Issues,3/15/2026,3/17/2026,1000, RV,1.019396,0,,49,40,9,49.14791,39.78886,9.359051,https://www.winningtheissues.org/wp-content/uploads/2026/04/March-2026-Winning-the-Issues-Survey.pdf,4/9/2026,07:00:47 22 Sep 2026,9/22/2026,,REP,901343,9013432,22sep2026
All polls,The Argument/Verasight,,3/12/2026,3/17/2026,1519, RV,0.7212003,0,,54,46,8,50.79607,42.69462,8.101452,https://www.theargumentmag.com/p/americans-would-trade-jobs-for-cheaper,3/23/2026,07:00:47 22 Sep 2026,9/22/2026,,,901239,9012392,22sep2026
All polls,YouGov,Economist,3/13/2026,3/16/2026,1429, RV,0.1806409,0,,43,41,2,45.15418,42.55437,2.599808,https://d3nkl3psvxxpe9.cloudfront.net/documents/econTabReport_CwWXhS2.pdf,3/17/2026,07:00:47 22 Sep 2026,9/22/2026,,,901210,9012104,22sep2026
All polls,Echelon Insights,,3/12/2026,3/16/2026,1033, LV,0.8397796,0,,49,44,5,47.87136,41.54799,6.323372,https://echelonin.wpenginepowered.com/wp-content/uploads/March-2026-Omnibus-Topline-External.pdf,3/16/2026,07:00:47 22 Sep 2026,9/22/2026,,,901208,9012082,22sep2026
All polls,Morning Consult,,3/13/2026,3/16/2026,2201, RV,0.0472156,0,,48,40,8,49.98621,39.56739,10.41882,https://pro.morningconsult.com/trackers/donald-trump-congress-policy-republicans-polling,3/17/2026,07:00:47 22 Sep 2026,9/22/2026,,,901211,9012112,22sep2026
All polls,Morning Consult,,3/10/2025,3/16/2025,26877, RV,0.1569012,0,,43.2,44.95,-1.75,45.18621,44.5174,0.6688118,https://pro.morningconsult.com/trackers/2026-midterm-election-generic-ballot-polls,12/15/2025,07:00:47 22 Sep 2026,9/22/2026,,,90840,908391,22sep2026
All polls,Morning Consult,,3/9/2026,3/15/2026,26634, RV,0.1272512,0,,45.4,41.7,3.700001,47.38621,41.2674,6.118813,https://pro.morningconsult.com/trackers/2026-midterm-election-generic-ballot-polls,3/17/2026,07:00:47 22 Sep 2026,9/22/2026,,,901212,9012121,22sep2026
All polls,Survey160,,3/9/2026,3/15/2026,1546, RV,0.7148681,0,,48,38,10,48.18543,40.09808,8.087349,https://www.survey160.com/methodological-research-blog/survey-160-tracking-poll-march-2026,3/24/2026,07:00:47 22 Sep 2026,9/22/2026,,,901243,9012432,22sep2026
All polls,Echelon Insights,,3/10/2025,3/13/2025,1007, LV,1.006631,0,,46,47,-1,44.87136,44.54799,0.3233719,https://echeloninsights.com/in-the-news/march-2025-verified-voter-omnibus-2-2-2/,3/13/2025,07:00:47 22 Sep 2026,9/22/2026,,,900276,219135,22sep2026
All polls,Change Research,,3/8/2026,3/12/2026,1540, RV,0.4309449,0,,47,41,6,48.43648,41.53911,6.897373,https://portal.changeresearch.com/portal/projects/61cdcd30-3c32-4785-9ccb-5fe82cb36389,5/5/2026,07:00:47 22 Sep 2026,9/22/2026,,,901428,9014283,22sep2026
All polls,YouGov,Yahoo News,3/12/2026,3/12/2026,1148, RV,0.164229,0,,44,40,4,46.15418,41.55437,4.599808,https://www.yahoo.com/news/politics/article/poll-66-of-americans-disapprove-of-trump-on-gas-prices-as-they-feel-effects-of-iran-war-120000483.html,3/18/2026,07:00:47 22 Sep 2026,9/22/2026,,,901216,9012163,22sep2026
All polls,Hart Research Associates/Public Opinion Strategies,NBC News,3/7/2025,3/11/2025,1000, RV,1.06479,0,,48,47,1,46.66678,45.16885,1.497929,https://www.nbcnews.com/politics/politics-news/democratic-party-hits-new-polling-low-voters-want-fight-trump-harder-rcna196161,3/11/2025,07:00:47 22 Sep 2026,9/22/2026,,,900279,219136,22sep2026
All polls,Focaldata,,3/6/2026,3/10/2026,1534, RV,0.580347,0,,48,42,6,47.19695,41.29938,5.897568,https://www.focaldata.com/blog/democrats-increase-lead-and-rubio-stock-surges-amid-iran-war,3/13/2026,07:00:47 22 Sep 2026,9/22/2026,,,901203,9012034,22sep2026
All polls,McLaughlin & Associates,Tea Party Patriots,3/10/2026,3/10/2026,1000, LV,0.3235947,0,,46.9,43.3,3.600002,48.64051,41.38037,7.260139,https://www.teapartypatriots.org/save-america-act-poll/,3/18/2026,07:00:47 22 Sep 2026,9/22/2026,,REP,901222,9012221,22sep2026
All polls,Morning Consult,,2/23/2026,3/1/2026,25404, RV,0.1220434,0,,44.7,42.1,2.600002,46.68621,41.66739,5.018822,https://pro.morningconsult.com/trackers/2026-midterm-election-generic-ballot-polls,3/12/2026,07:00:47 22 Sep 2026,9/22/2026,,,901197,9011971,22sep2026
All polls,YouGov,Economist,2/6/2026,2/9/2026,1551, RV,0.1801741,0,,44,38,6,46.15418,39.55437,6.599808,https://d3nkl3psvxxpe9.cloudfront.net/documents/econTabReport_vNnwPx2.pdf,2/10/2026,07:00:47 22 Sep 2026,9/22/2026,,,901094,9010944,22sep2026
All polls,Morning Consult,,2/6/2026,2/9/2026,2200, RV,0.045201,0,,45,41,4,46.98621,40.56739,6.418819,https://pro.morningconsult.com/trackers/donald-trump-congress-policy-republicans-polling#trump-s-performance-on-the-issues,2/9/2026,07:00:47 22 Sep 2026,9/22/2026,,,901091,9010912,22sep2026
All polls,Morning Consult,,2/3/2025,2/9/2025,26690, RV,0.2069301,0,,42.65,45.22,-2.57,44.63621,44.7874,-0.1511879,https://pro.morningconsult.com/trackers/2026-midterm-election-generic-ballot-polls,12/15/2025,07:00:47 22 Sep 2026,9/22/2026,,,90835,908341,22sep2026
All polls,Morning Consult,,2/2/2026,2/8/2026,24606, RV,0.118487,0,,44.5,42.3,2.200001,46.48621,41.86739,4.61882,https://pro.morningconsult.com/trackers/2026-midterm-election-generic-ballot-polls,2/9/2026,07:00:47 22 Sep 2026,9/22/2026,,,901093,9010931,22sep2026
All polls,Clarity Campaign Labs,,1/31/2025,2/6/2025,1102, RV,0.7783728,0,,45,44,1,43.57477,43.01666,0.5581131,https://static1.squarespace.com/static/61ae8d5e55be5c7314b4c83a/t/67aa57a7976e415c4d212706/1739216809584/Clarity+Omnibus+Overview+-+Jan_Feb+2025.pdf,2/6/2025,07:00:47 22 Sep 2026,9/22/2026,,,89553,218119,22sep2026
All polls,John Zogby Strategies,,2/4/2026,2/5/2026,1000, LV,0.7672434,0,,46.9,41.2,5.700001,46.92227,40.94205,5.980221,https://johnzogbystrategies.com/the-presidents-approval-ratings-underwater-on-overall-job-all-key-voter-issues/,2/7/2026,07:00:47 22 Sep 2026,9/22/2026,,,901087,9010872,22sep2026
All polls,Cygnal,,2/4/2025,2/5/2025,1500, LV,1.215793,0,,46.2,47.2,-1,45.22246,45.44738,-0.2249184,https://www.cygn.al/poll-trump-winning-over-black-men-dei-skeptics-and-border-hawks-as-democrats-lose-ground/,2/5/2025,07:00:47 22 Sep 2026,9/22/2026,,,89560,218218,22sep2026
All polls,Cygnal,,2/3/2026,2/4/2026,1500, LV,1.035055,0,,47.8,44.4,3.399998,46.82246,42.64738,4.175079,https://www.cygn.al/wp-content/uploads/2026/02/23572-Cygnal-National-NVT-Feb26-Deck-Public.pdf,2/11/2026,07:00:47 22 Sep 2026,9/22/2026,,,901099,9010991,22sep2026
All polls,TIPP Insights,Issues & Insights,2/24/2026,2/27/2026,1264, RV,1.235537,0,,45.5,44.2,1.299999,46.4888,44.02582,2.462978,https://tippinsights.com/americas-stalemate/,3/13/2026,07:00:47 22 Sep 2026,9/22/2026,,,901202,9012021,22sep2026
All polls,Cygnal,American Principles Project,2/24/2026,2/26/2026,1048, LV,0.897121,0,,48.3,44.6,3.700001,47.49313,42.67671,4.816422,https://act.americanprinciplesproject.org/p/protect-kids-online/results?access=press,3/6/2026,07:00:47 22 Sep 2026,9/22/2026,,REP,901177,9011771,22sep2026
All polls,HarrisX,Harvard CAPS,2/25/2026,2/26/2026,1560, LV,0.5844427,0,,50,50,0,48.82313,45.85577,2.967361,https://harvardharrispoll.com/key-results-february-2026/,3/2/2026,07:00:47 22 Sep 2026,9/22/2026,,,901161,9011615,22sep2026
All polls,YouGov,Pennsylvania State University McCourtney Institute for Democracy,2/18/2026,2/23/2026,824, RV,0.1379884,0,,42,37,5,44.15418,38.55437,5.599808,https://democracy.psu.edu/poll-report-archive/democrats-have-edge-in-congressional-generic-ballot/,3/10/2026,07:00:47 22 Sep 2026,9/22/2026,,,901191,9011911,22sep2026
All polls,YouGov,Economist,2/20/2026,2/23/2026,1402, RV,0.1718835,0,,45,41,4,47.15418,42.55437,4.599808,https://d3nkl3psvxxpe9.cloudfront.net/documents/econTabReport_5ZLQm8s.pdf,2/24/2026,07:00:47 22 Sep 2026,9/22/2026,,,901129,9011294,22sep2026
All polls,Ipsos,Reuters,2/18/2026,2/23/2026,3686, RV,0.4829522,0,,40,38,2,45.00824,41.44606,3.56218,https://www.reuters.com/world/us/most-americans-say-trump-is-growing-erratic-with-age-reutersipsos-poll-finds-2026-02-24/,2/24/2026,07:00:47 22 Sep 2026,9/22/2026,,,901130,9011303,22sep2026
All polls,Echelon Insights,,2/19/2026,2/23/2026,1002, LV,0.8725334,0,,50,46,4,48.87136,43.54799,5.323372,https://echeloninsights.com/in-the-news/february-2026-verified-voter-omnibus/,2/23/2026,07:00:47 22 Sep 2026,9/22/2026,,,901127,9011272,22sep2026
All polls,GrayHouse,America One Policies,2/20/2026,2/23/2026,1394, RV,0.8174829,0,,43,40,3,44.25644,39.83925,4.417191,https://www.americaonepolicies.com/polls/attitudes-on-iran-the-economy-and-affordability,3/5/2026,07:00:47 22 Sep 2026,9/22/2026,,REP,901173,9011731,22sep2026
All polls,Ipsos,Reuters,2/21/2025,2/23/2025,891, RV,0.5598569,0,,38,40,-2,43.00824,43.44606,-0.4378204,https://www.reuters.com/data/which-party-do-americans-want-run-congress-2025-11-05/,12/15/2025,07:00:47 22 Sep 2026,9/22/2026,,,89602,908281,22sep2026
All polls,Morning Consult,,2/17/2025,2/23/2025,27621, RV,0.1808938,0,,42.1,45.1,-3,44.0862,44.66739,-0.5811882,https://pro.morningconsult.com/trackers/2026-midterm-election-generic-ballot-polls,12/15/2025,07:00:47 22 Sep 2026,9/22/2026,,,90837,908361,22sep2026
All polls,Morning Consult,,2/20/2026,2/22/2026,2202, RV,0.0455162,0,,46,42,4,47.98621,41.56739,6.418819,https://pro.morningconsult.com/trackers/donald-trump-congress-policy-republicans-polling,2/25/2026,07:00:47 22 Sep 2026,9/22/2026,,,901137,9011372,22sep2026
All polls,Emerson College,,2/21/2026,2/22/2026,1000, LV,1.022207,0,,50.4,42.4,8,50.29731,43.00276,7.294548,https://emersoncollegepolling.com/february-2026-national-poll-trump-approval-steady-as-disapproval-rises-vance-leads-gop-field-while-democrats-hold-midterm-edge/,2/26/2026,07:00:47 22 Sep 2026,9/22/2026,,,901139,9011392,22sep2026
All polls,Morning Consult,,2/16/2026,2/22/2026,26087, RV,0.1218086,0,,44.9,42,2.900002,46.88621,41.56739,5.318821,https://pro.morningconsult.com/trackers/2026-midterm-election-generic-ballot-polls,2/26/2026,07:00:47 22 Sep 2026,9/22/2026,,,901141,9011411,22sep2026
All polls,Global Strategy Group,Campaign For A Family Friendly Economy (PAC),2/17/2026,2/22/2026,1051, LV,1.020801,0,,48,40,8,47.92521,40.54344,7.381767,https://www.semafor.com/article/03/23/2026/poll-caretaking-anecdotes-resonate-with-voters,3/24/2026,07:00:47 22 Sep 2026,9/22/2026,,,901245,9012451,22sep2026
All polls,RMG Research,Napolitan Institute,2/20/2025,2/21/2025,1000, RV,0.7005252,0,,46,48,-2,46.41032,45.50034,0.9099808,https://x.com/ScottWRasmussen/status/1894720317291114920,2/21/2025,07:00:47 22 Sep 2026,9/22/2026,,,89604,218572,22sep2026
All polls,Verasight,Strength in Numbers,2/18/2026,2/20/2026,1401, RV,0.4937717,0,,52,42,10,50.24365,41.94791,8.295738,https://www.gelliottmorris.com/p/ahead-of-state-of-the-union-address,2/24/2026,07:00:47 22 Sep 2026,9/22/2026,,,901131,9011314,22sep2026
All polls,YouGov,Economist,1/30/2026,2/2/2026,1504, RV,0.1809378,0,,44,40,4,46.15418,41.55437,4.599808,https://d3nkl3psvxxpe9.cloudfront.net/documents/econTabReport_DDIQ8jz.pdf,2/3/2026,07:00:47 22 Sep 2026,9/22/2026,,,901075,9010754,22sep2026
All polls,Morning Consult,,1/27/2025,2/2/2025,29303, RV,0.2375639,0,,42.85,43.76,-0.9099998,44.8362,43.32739,1.508812,https://pro.morningconsult.com/trackers/2026-midterm-election-generic-ballot-polls,12/15/2025,07:00:47 22 Sep 2026,9/22/2026,,,90834,908331,22sep2026
All polls,Talker Research,Scripps News,2/13/2026,2/19/2026,1000, A,0.7470228,0,,42,36,6,42.88869,37.48066,5.408031,https://www.scrippsnews.com/politics/scripps-news-talker-research-poll-high-interest-in-state-of-the-union-amid-economic-worries,2/24/2026,07:00:47 22 Sep 2026,9/22/2026,,,901134,9011342,22sep2026
All polls,YouGov,Bowling Green State University,2/13/2026,2/18/2026,1200, RV,0.1607052,0,,49,41,8,51.15418,42.55437,8.599808,https://scholarworks.bgsu.edu/cgi/viewcontent.cgi?article=1017&context=depo,2/24/2026,07:00:47 22 Sep 2026,9/22/2026,,,901133,9011332,22sep2026
All polls,Change Research,,2/5/2026,2/18/2026,1741, RV,0.4617745,0,,43,40,3,44.43648,40.53911,3.897373,https://portal.changeresearch.com/portal/projects/9c8a3c8a-70c6-47f8-80bf-596426bc3318,5/5/2026,07:00:47 22 Sep 2026,9/22/2026,,,901427,9014272,22sep2026
All polls,McLaughlin & Associates,,2/11/2025,2/18/2025,1000, LV,0.2479396,0,,41,48,-7,42.56706,46.25381,-3.686752,https://mclaughlinonline.com/pols/wp-content/uploads/2025/02/National-February-Presentation-RELEASE-02-18-25.pdf,2/18/2025,07:00:47 22 Sep 2026,9/22/2026,,,89590,218441,22sep2026
All polls,YouGov,The Economist,2/16/2025,2/18/2025,1451, RV,0.8102629,0,,42,41,1,44.15418,42.55437,1.599808,https://d3nkl3psvxxpe9.cloudfront.net/documents/econTabReport_OFVhPxp.pdf,2/18/2025,07:00:47 22 Sep 2026,9/22/2026,,,89579,218440,22sep2026
All polls,Ipsos,The Washington Post | ABC News,2/12/2026,2/17/2026,2087, RV,0.3844451,0,,47,45,2,52.00824,48.44606,3.56218,https://www.washingtonpost.com/politics/2026/02/25/poll-democrats-trump-republicans-midterms/,2/26/2026,07:00:47 22 Sep 2026,9/22/2026,,,901121,9011213,22sep2026
All polls,co/efficient,,2/15/2025,2/17/2025,2063, LV,1.185373,0,,44,46,-2,44.62472,44.94255,-0.3178291,https://coefficient.org/doge-part-2/,2/17/2025,07:00:47 22 Sep 2026,9/22/2026,,REP,89596,218564,22sep2026
All polls,McLaughlin & Associates,U.S. Chamber of Commerce,2/13/2025,2/17/2025,1600, LV,0.2992223,0,,43,47,-4,44.74051,45.08037,-0.3398628,https://www.uschamber.com/assets/documents/USCC_National-Tax-Survey_Deck_Feb-2025.pdf,2/17/2025,07:00:47 22 Sep 2026,9/22/2026,,REP,89766,219131,22sep2026
All polls,Ipsos,Reuters,2/13/2026,2/16/2026,846, RV,0.2666899,0,,41,37,4,46.00824,40.44606,5.56218,https://www.reuters.com/world/us/trumps-immigration-approval-hits-new-low-according-reutersipsos-poll-2026-02-17/,2/18/2026,07:00:47 22 Sep 2026,9/22/2026,,,901116,9011163,22sep2026
All polls,Morning Consult,,2/13/2026,2/16/2026,2200, RV,0.0452091,0,,45,41,4,46.98621,40.56739,6.418819,https://pro.morningconsult.com/trackers/donald-trump-congress-policy-republicans-polling,2/17/2026,07:00:47 22 Sep 2026,9/22/2026,,,901115,9011152,22sep2026
All polls,YouGov,Economist,2/13/2026,2/16/2026,1512, RV,0.1762925,0,,47,40,7,49.15418,41.55437,7.599808,https://d3nkl3psvxxpe9.cloudfront.net/documents/econTabReport_usZL1Jt.pdf,2/17/2026,07:00:47 22 Sep 2026,9/22/2026,,,901112,9011124,22sep2026
All polls,The Bullfinch Group,Independent Center,2/13/2026,2/16/2026,1000, RV,0.6390123,0,,46,35,11,48.58126,38.64877,9.932491,https://www.thebullfinchgroup.com/post/public-release-of-bullfinch-mainframe-q1-nationwide-survey,6/4/2026,07:00:47 22 Sep 2026,9/22/2026,,,901515,9015154,22sep2026
All polls,Morning Consult,,2/10/2025,2/16/2025,27203, RV,0.1925866,0,,42.33,45.23,-2.899998,44.31621,44.79739,-0.4811783,https://pro.morningconsult.com/trackers/2026-midterm-election-generic-ballot-polls,12/15/2025,07:00:47 22 Sep 2026,9/22/2026,,,90836,908351,22sep2026
All polls,Morning Consult,,2/9/2026,2/15/2026,24849, RV,0.1189897,0,,44.9,41.8,3.100002,46.88621,41.36739,5.518822,https://pro.morningconsult.com/trackers/2026-midterm-election-generic-ballot-polls,2/27/2026,07:00:47 22 Sep 2026,9/22/2026,,,901151,9011511,22sep2026
All polls,Echelon Insights,,2/10/2025,2/13/2025,1010, LV,1.107661,0,,46,47,-1,44.87136,44.54799,0.3233719,https://echeloninsights.com/in-the-news/feb-2025-verified-voter-omnibus-2-2/,2/13/2025,07:00:47 22 Sep 2026,9/22/2026,,,89566,218247,22sep2026
All polls,YouGov,Yahoo News,2/9/2026,2/12/2026,1149, RV,0.1589617,0,,44,41,3,46.15418,42.55437,3.599808,https://www.yahoo.com/news/politics/article/poll-trumps-approval-rating-hits-new-low-as-immigration-backlash-grows-and-ice-withdraws-from-minnesota-204723473.html,2/19/2026,07:00:47 22 Sep 2026,9/22/2026,,,901108,9011083,22sep2026
All polls,RMG Research,Napolitan News Service,2/9/2026,2/12/2026,2000, RV,0.6404142,0,,45,47,-2,45.41032,44.50034,0.9099808,https://napolitannews.org/posts/generic-ballot-gop-44-percent-dem-41-but-dems-more-enthusiastic,2/13/2026,07:00:47 22 Sep 2026,9/22/2026,,,901104,9011041,22sep2026
All polls,Focaldata,,2/10/2026,2/10/2026,957, LV,0.5549732,0,,51.1,43.6,7.5,50.29695,42.89938,7.397572,https://www.focaldata.com/blog/cost-of-living-fuelling-democrat-strength-in-new-midterms-polling,2/13/2026,07:00:47 22 Sep 2026,9/22/2026,,,901106,9011066,22sep2026
All polls,The Argument/Verasight,,2/4/2026,2/10/2026,3003, RV,0.8525737,0,,53,47,6,49.79607,43.69462,6.101452,https://www.theargumentmag.com/p/the-trans-rights-backlash-is-real,2/17/2026,07:00:47 22 Sep 2026,9/22/2026,,,901113,9011132,22sep2026
All polls,Morning Consult,,1/30/2026,2/1/2026,2201, RV,0.0452108,0,,47,42,5,48.98621,41.56739,7.418819,https://pro.morningconsult.com/trackers/donald-trump-congress-policy-republicans-polling,2/2/2026,07:00:47 22 Sep 2026,9/22/2026,,,901072,9010722,22sep2026
All polls,Morning Consult,,1/26/2026,2/1/2026,25492, RV,0.1203844,0,,44.5,42.3,2.200001,46.48621,41.86739,4.61882,https://pro.morningconsult.com/trackers/2026-midterm-election-generic-ballot-polls,2/9/2026,07:00:47 22 Sep 2026,9/22/2026,,,901092,9010921,22sep2026
All polls,"Fabrizio, Lee & Associates/Impact Research",AARP,1/27/2025,2/1/2025,3000, RV,1.015174,0,,43,43,0,43.42928,43.26755,0.1617279,https://www.aarp.org/content/dam/aarp/research/topics/voter-opinion-research/politics/federal-tax-package-legislative-priorities.doi.10.26419-2fres.00921.001.pdf,2/1/2025,07:00:47 22 Sep 2026,9/22/2026,,,89555,218160,22sep2026
All polls,Hart Research Associates/Public Opinion Strategies,CNBC,12/4/2025,12/8/2025,800, RV,0.9065882,0,,50,46,4,48.66678,44.16885,4.497929,https://fm.cnbc.com/applications/cnbc.com/resources/editorialfiles/2025/12/16/TOPLINES_250313_CNBC_AAES_Q4_2025_new.pdf,12/17/2025,07:00:47 22 Sep 2026,9/22/2026,,,900958,9009582,22sep2026
All polls,Ipsos,Reuters,12/3/2025,12/8/2025,3521, RV,0.5110547,0,,40,39,1,45.00824,42.44606,2.56218,https://www.reuters.com/data/trumps-approval-rating-2025-01-21/,12/15/2025,07:00:47 22 Sep 2026,9/22/2026,,,900932,9009324,22sep2026
All polls,GrayHouse,America One Policies,12/6/2025,12/8/2025,2058, RV,0.8931435,0,,45,41,4,46.25644,40.83925,5.417191,https://www.americaonepolicies.com/polls/selling-the-one-big-beautiful-bill,3/6/2026,07:00:47 22 Sep 2026,9/22/2026,,REP,901182,9011821,22sep2026
All polls,YouGov,Economist,12/5/2025,12/8/2025,1380, RV,0.1882515,0,,42,37,5,44.15418,38.55437,5.599808,https://d3nkl3psvxxpe9.cloudfront.net/documents/econTabReport_qLhWxpK.pdf,12/15/2025,07:00:47 22 Sep 2026,9/22/2026,,,900931,908082,22sep2026
All polls,Morning Consult,,12/5/2025,12/7/2025,2201, RV,0.0461989,0,,46,43,3,47.98621,42.56739,5.418819,https://pro.morningconsult.com/trackers/donald-trump-congress-policy-republicans-polling,12/15/2025,07:00:47 22 Sep 2026,9/22/2026,,,900929,908121,22sep2026
All polls,Morning Consult,,12/1/2025,12/7/2025,19970, RV,0.1114493,0,,44.22,42.82,1.400002,46.20621,42.38739,3.818821,https://pro.morningconsult.com/trackers/2026-midterm-election-generic-ballot-polls,12/15/2025,07:00:47 22 Sep 2026,9/22/2026,,,90878,908771,22sep2026
All polls,Cygnal,,12/5/2025,12/7/2025,1500, LV,1.177523,0,,48,44.1,3.900002,47.02246,42.34738,4.675079,https://www.cygn.al/wp-content/uploads/2025/12/23448-Cygnal-National-Dec25-NVT-Deck-Public.pdf,12/15/2025,07:00:47 22 Sep 2026,9/22/2026,,,90811,908111,22sep2026
All polls,RMG Research,Napolitan Institute,12/1/2025,12/4/2025,2000, RV,0.6809877,0,,44,48,-4,44.41032,45.50034,-1.090019,https://napolitannews.org/posts/generic-ballot-gop-45-percent-dem-41,12/15/2025,07:00:47 22 Sep 2026,9/22/2026,,,90807,908071,22sep2026
All polls,YouGov,Economist,12/26/2025,12/29/2025,1420, RV,0.1900602,0,,42,38,4,44.15418,39.55437,4.599808,https://d3nkl3psvxxpe9.cloudfront.net/documents/econTabReport_h1aYmmb.pdf,12/30/2025,07:00:47 22 Sep 2026,9/22/2026,,,900985,9009854,22sep2026
All polls,Morning Consult,,12/22/2025,12/28/2025,22258, RV,0.1164703,0,,43.8,43.5,0.2999992,45.78621,43.06739,2.718819,https://pro-assets.morningconsult.com/wp-uploads/2026/08/MCPI-PI-Weekly.html,8/24/2026,07:00:47 22 Sep 2026,9/22/2026,,,901752,9017521,22sep2026
All polls,YouGov,Economist,12/20/2025,12/22/2025,1425, RV,0.1923153,0,,43,40,3,45.15418,41.55437,3.599808,https://d3nkl3psvxxpe9.cloudfront.net/documents/econTabReport_nBgFw7w.pdf,12/23/2025,07:00:47 22 Sep 2026,9/22/2026,,,900976,9009764,22sep2026
All polls,Morning Consult,,12/19/2025,12/21/2025,2203, RV,0.0462171,0,,47,43,4,48.98621,42.56739,6.418819,https://pro.morningconsult.com/trackers/donald-trump-congress-policy-republicans-polling,12/22/2025,07:00:47 22 Sep 2026,9/22/2026,,,900973,9009732,22sep2026
All polls,Morning Consult,,12/15/2025,12/21/2025,20240, RV,0.1120802,0,,44.63,42.35,2.280003,46.61621,41.91739,4.698822,https://pro.morningconsult.com/trackers/2026-midterm-election-generic-ballot-polls,12/22/2025,07:00:47 22 Sep 2026,9/22/2026,,,900974,9009741,22sep2026
All polls,AtlasIntel,,12/15/2025,12/19/2025,2315, A,1.342132,0,,54.4,38.4,16,51.13091,39.09849,12.03242,https://www.atlasintel.org/poll/usa-national-2025-12-19,12/19/2025,07:00:47 22 Sep 2026,9/22/2026,,,900964,9009642,22sep2026
All polls,McLaughlin & Associates,,12/12/2025,12/19/2025,1000, LV,0.3829303,0,,46,45,1,47.56706,43.25381,4.313248,https://mclaughlinonline.com/2025/12/23/national-monthly-december-2025/,12/26/2025,07:00:47 22 Sep 2026,9/22/2026,,,900979,9009791,22sep2026
All polls,Fabrizio Ward,Building Americaâs Future,12/15/2025,12/17/2025,1000, RV,1.071721,0,,45,38,7,46.13863,38.33618,7.802448,https://buildingamericasfuture.com/wp-content/uploads/2025/12/AI-Federal-Preemption-National-Voter-Survey-Memo.pdf,12/22/2025,07:00:47 22 Sep 2026,9/22/2026,,REP,900970,9009701,22sep2026
All polls,Echelon Insights/GBAO,AARP,12/9/2025,12/16/2025,2023, LV,1.053675,0,,47,43,4,47.0464,42.79482,4.251579,https://www.aarp.org/content/dam/aarp/research/topics/work-finances-retirement/financial-security-retirement/shes-the-difference-financial-security-annotated-questionnaire.doi.10.26419-2fres.01033.002.pdf,2/12/2026,07:00:47 22 Sep 2026,9/22/2026,,,901102,9011022,22sep2026
All polls,McLaughlin & Associates,,12/11/2024,12/16/2024,1000, LV,0.474803,0,,42,47,-5,43.56706,45.25381,-1.686752,https://mclaughlinonline.com/2024/12/18/ma-poll-national-monthly-december-2024/,12/16/2024,07:00:47 22 Sep 2026,9/22/2026,,,89445,217185,22sep2026
All polls,Ipsos,Reuters,12/12/2025,12/15/2025,775, RV,0.2902109,0,,40,36,4,45.00824,39.44606,5.56218,https://www.reuters.com/data/which-party-do-americans-want-run-congress-2025-11-05/,12/16/2025,07:00:47 22 Sep 2026,9/22/2026,,,900951,9009512,22sep2026
All polls,Echelon Insights,,12/11/2025,12/15/2025,1011, LV,0.9524329,0,,48,45,3,46.87136,42.54799,4.323372,https://echelonin.wpenginepowered.com/wp-content/uploads/December-2025-Omnibus-Topline-External.pdf,12/16/2025,07:00:47 22 Sep 2026,9/22/2026,,,900948,9009482,22sep2026
All polls,Morning Consult,,12/12/2025,12/15/2025,2201, RV,0.0462435,0,,45,44,1,46.98621,43.56739,3.418819,https://pro.morningconsult.com/trackers/donald-trump-congress-policy-republicans-polling,12/15/2025,07:00:47 22 Sep 2026,9/22/2026,,,900945,908321,22sep2026
All polls,Emerson College,,12/14/2025,12/15/2025,1000, RV,0.8940574,0,,43.5,41.7,1.799999,43.39731,42.30276,1.094547,https://emersoncollegepolling.com/december-2025-national-poll-trumps-approval-flips-since-start-of-the-year/,12/18/2025,07:00:47 22 Sep 2026,9/22/2026,,,900960,9009602,22sep2026
All polls,YouGov,Economist,12/12/2025,12/15/2025,1453, RV,0.1937343,0,,43,39,4,45.15418,40.55437,4.599808,https://d3nkl3psvxxpe9.cloudfront.net/documents/econTabReport_FJyfDu9.pdf,12/16/2025,07:00:47 22 Sep 2026,9/22/2026,,,900947,9009474,22sep2026
All polls,Quinnipiac University,,12/11/2025,12/15/2025,1035, RV,0.9742082,0,,47,43,4,46.21408,43.81057,2.403511,https://poll.qu.edu/poll-release?releaseid=3943,12/17/2025,07:00:47 22 Sep 2026,9/22/2026,,,900955,9009552,22sep2026
All polls,Ipsos,Reuters,12/13/2024,12/15/2024,890, RV,0.7307567,0,,41,37,4,46.00824,40.44606,5.56218,https://www.reuters.com/data/which-party-do-americans-want-run-congress-2025-11-05/,12/15/2025,07:00:47 22 Sep 2026,9/22/2026,,,90831,908301,22sep2026
All polls,Morning Consult,,12/8/2025,12/14/2025,19954, RV,0.1114877,0,,44.19,42.53,1.66,46.1762,42.09739,4.078812,https://pro.morningconsult.com/trackers/2026-midterm-election-generic-ballot-polls,12/16/2025,07:00:47 22 Sep 2026,9/22/2026,,,900952,9009521,22sep2026
All polls,Clarity Campaign Labs,,12/4/2025,12/11/2025,1000, RV,0.7103853,0,,49,44,5,47.57477,43.01666,4.558113,https://www.claritycampaigns.com/clarity-omnibus-dec-2025,12/16/2025,07:00:47 22 Sep 2026,9/22/2026,,,900949,9009492,22sep2026
All polls,The Argument/Verasight,,12/5/2025,12/11/2025,1521, RV,0.7103798,0,,50.6,49.4,1.199997,47.39607,46.09462,1.301449,https://www.theargumentmag.com/p/have-democrats-lost-their-education,12/16/2025,07:00:47 22 Sep 2026,9/22/2026,,,900950,9009502,22sep2026
All polls,Cygnal,,12/9/2024,12/11/2024,1500, LV,1.407075,0,,44.6,48.4,-3.800003,43.62246,46.64738,-3.024921,https://www.cygn.al/poll-musk-most-effective-trump-surrogate-as-voters-rally-behind-doge-deportations-and-congressional-republicans/,12/11/2024,07:00:47 22 Sep 2026,9/22/2026,,,89437,217076,22sep2026
All polls,Change Research,,12/5/2025,12/10/2025,1520, RV,0.4784936,0,,43,43,0,44.43648,43.53911,0.8973732,https://portal.changeresearch.com/portal/projects/462322ed-5e5a-43bd-b4ff-43acb1d433e2,5/5/2026,07:00:47 22 Sep 2026,9/22/2026,,,901425,9014252,22sep2026
All polls,YouGov,Economist,11/28/2025,12/1/2025,1456, RV,0.1902269,0,,45,39,6,47.15418,40.55437,6.599808,https://d3nkl3psvxxpe9.cloudfront.net/documents/econTabReport_szm0BQt.pdf,12/2/2025,07:00:47 22 Sep 2026,9/22/2026,,,900913,908002,22sep2026
All polls,Morning Consult,,11/7/2025,11/9/2025,2201, RV,0.046169,0,,48,43,5,49.98621,42.56739,7.418819,https://pro.morningconsult.com/trackers/donald-trump-congress-policy-republicans-polling,11/12/2025,07:00:47 22 Sep 2026,9/22/2026,,,900862,907701,22sep2026
All polls,Morning Consult,,11/3/2025,11/9/2025,21394, RV,0.1146991,0,,43.83,42.3,1.530003,45.81621,41.86739,3.948822,https://pro.morningconsult.com/trackers/2026-midterm-election-generic-ballot-polls,12/15/2025,07:00:47 22 Sep 2026,9/22/2026,,,90874,908731,22sep2026
All polls,Cygnal,,11/5/2025,11/6/2025,1500, LV,1.198579,0,,50,44,6,49.02246,42.24738,6.775082,https://www.cygn.al/poll-voters-say-less-socialism-more-stabilityeconomic-concerns-surge-heading-into-2026/,11/14/2025,07:00:47 22 Sep 2026,9/22/2026,,,90781,907811,22sep2026
All polls,Emerson College,,11/3/2025,11/4/2025,1000, RV,0.9000256,0,,43.5,40.1,3.400002,43.39731,40.70276,2.69455,https://emersoncollegepolling.com/november-2025-national-poll/,11/12/2025,07:00:47 22 Sep 2026,9/22/2026,,,900856,907691,22sep2026
All polls,Morning Consult,,11/26/2025,11/30/2025,2200, RV,0.0460517,0,,45,41,4,46.98621,40.56739,6.418819,https://pro.morningconsult.com/trackers/donald-trump-congress-policy-republicans-polling,12/2/2025,07:00:47 22 Sep 2026,9/22/2026,,,900911,907991,22sep2026
All polls,Morning Consult,,11/24/2025,11/30/2025,21658, RV,0.1148528,0,,44,42.42,1.580002,45.98621,41.98739,3.998821,https://pro.morningconsult.com/trackers/2026-midterm-election-generic-ballot-polls,12/15/2025,07:00:47 22 Sep 2026,9/22/2026,,,90877,908761,22sep2026
All polls,YouGov,The Economist,10/31/2025,11/3/2025,1470, RV,0.1846349,0,,44,41,3,46.15418,42.55437,3.599808,https://d3nkl3psvxxpe9.cloudfront.net/documents/econTabReport_5RO6eos.pdf,11/12/2025,07:00:47 22 Sep 2026,9/22/2026,,,90768,907682,22sep2026
All polls,GBAO,Third Way,11/19/2025,11/26/2025,2000, RV,1.12634,0,,48,42,6,48.11499,42.82009,5.294899,https://uploads.thirdway.org/downloads/food-medicine-fuel-for-a-wave/Third-WayGBAO-National-Framing-Survey-Toplines-November-2025.pdf,12/26/2025,07:00:47 22 Sep 2026,9/22/2026,,,900980,9009802,22sep2026
All polls,The Bullfinch Group,,11/21/2025,11/25/2025,1000, RV,0.6282905,0,,41,35,6,43.58126,38.64877,4.932491,https://www.thebullfinchgroup.com/post/public-release-of-bullfinch-q4-nationwide-survey-3,12/2/2025,07:00:47 22 Sep 2026,9/22/2026,,,900910,907982,22sep2026
All polls,J.L. Partners,DailyMail.com,11/19/2025,11/25/2025,797, LV,0.9288057,0,,50,46,4,50.05539,47.08115,2.974239,https://jlpartners.com/nov25-rv,12/6/2025,07:00:47 22 Sep 2026,9/22/2026,,,90806,908061,22sep2026
All polls,YouGov,Economist,11/21/2025,11/24/2025,1511, RV,0.1909047,0,,44,39,5,46.15418,40.55437,5.599808,https://d3nkl3psvxxpe9.cloudfront.net/documents/econTabReport_uZaQqtv.pdf,11/25/2025,07:00:47 22 Sep 2026,9/22/2026,,,900900,907942,22sep2026
All polls,YouGov,Yahoo News,11/20/2025,11/24/2025,1131, RV,0.1699167,0,,43,40,3,45.15418,41.55437,3.599808,"https://www.scribd.com/document/955905163/Yahoo-YouGov-Politics-Poll-November-2025#content=query:election,pageNum:2,indexOnPage:0,bestMatch:false",11/28/2025,07:00:47 22 Sep 2026,9/22/2026,,,900905,907961,22sep2026
All polls,McLaughlin & Associates,,11/17/2025,11/24/2025,1000, LV,0.3746423,0,,45,44,1,46.56706,42.25381,4.313248,https://mclaughlinonline.com/pols/wp-content/uploads/2025/11/National-November-Presentation-RELEASE-11-25-25-1.pdf,11/28/2025,07:00:47 22 Sep 2026,9/22/2026,,,90797,907971,22sep2026
All polls,Rasmussen Reports,,11/18/2025,11/23/2025,2410, LV,1.250664,0,,45,42,3,46.2056,41.84968,4.355919,https://www.rasmussenreports.com/public_content/politics/mood_of_america/generic_congressional_ballot_dec03,12/3/2025,07:00:47 22 Sep 2026,9/22/2026,,REP,90801,908011,22sep2026
All polls,Morning Consult,,11/21/2025,11/23/2025,2200, RV,0.0460281,0,,45,43,2,46.98621,42.56739,4.418819,https://pro.morningconsult.com/trackers/donald-trump-congress-policy-republicans-polling,11/25/2025,07:00:47 22 Sep 2026,9/22/2026,,,900898,907921,22sep2026
All polls,Morning Consult,,11/17/2025,11/23/2025,19675, RV,0.1103924,0,,43.7,42.11,1.59,45.68621,41.67739,4.00882,https://pro.morningconsult.com/trackers/2026-midterm-election-generic-ballot-polls,12/15/2025,07:00:47 22 Sep 2026,9/22/2026,,,90876,908751,22sep2026
All polls,Morning Consult,,10/31/2025,11/2/2025,2202, RV,0.046549,0,,45,42,3,46.98621,41.56739,5.418819,https://pro.morningconsult.com/trackers/donald-trump-congress-policy-republicans-polling,11/12/2025,07:00:47 22 Sep 2026,9/22/2026,,,900848,907671,22sep2026
All polls,Morning Consult,,10/26/2025,11/2/2025,22207, RV,0.1175398,0,,43.25,42.9,0.3499985,45.23621,42.4674,2.76881,https://pro.morningconsult.com/trackers/2026-midterm-election-generic-ballot-polls,12/15/2025,07:00:47 22 Sep 2026,9/22/2026,,,90873,908721,22sep2026
All polls,The Argument/Verasight,,11/10/2025,11/17/2025,1508, RV,0.6865417,0,,53,47,6,49.79607,43.69462,6.101452,https://www.theargumentmag.com/p/2026-is-looking-terrible-for-republicans#footnote-1-179372962,11/19/2025,07:00:47 22 Sep 2026,9/22/2026,,,900888,907881,22sep2026
All polls,YouGov,Economist,11/15/2025,11/17/2025,1382, RV,0.1835257,0,,43,40,3,45.15418,41.55437,3.599808,https://d3nkl3psvxxpe9.cloudfront.net/documents/econTabReport_Hb6uOe2.pdf,11/18/2025,07:00:47 22 Sep 2026,9/22/2026,,,900879,907832,22sep2026
All polls,The Winston Group,Winning the Issues,11/15/2025,11/17/2025,1000, RV,0.8928603,0,,47,42,5,47.14791,41.78886,5.359051,https://www.winningtheissues.org/2025/12/31/2025-winning-the-issues-research/,2/27/2026,07:00:47 22 Sep 2026,9/22/2026,,REP,901149,9011492,22sep2026
All polls,Ipsos,Reuters,11/14/2025,11/17/2025,818, RV,0.2625837,0,,40,39,1,45.00824,42.44606,2.56218,https://www.reuters.com/data/which-party-do-americans-want-run-congress-2025-11-05/,12/15/2025,07:00:47 22 Sep 2026,9/22/2026,,,900883,908141,22sep2026
All polls,Echelon Insights,,11/13/2025,11/17/2025,1051, LV,0.9378861,0,,49,45,4,47.87136,42.54799,5.323372,https://echelonin.wpenginepowered.com/wp-content/uploads/November-2025-Voter-Omnibus-Topline-External.pdf,11/18/2025,07:00:47 22 Sep 2026,9/22/2026,,,900880,907841,22sep2026
All polls,Morning Consult,,11/14/2025,11/16/2025,2201, RV,0.0460215,0,,46,44,2,47.98621,43.56739,4.418819,https://pro.morningconsult.com/trackers/donald-trump-congress-policy-republicans-polling,11/17/2025,07:00:47 22 Sep 2026,9/22/2026,,,900877,907821,22sep2026
All polls,Morning Consult,,11/10/2025,11/16/2025,21313, RV,0.1140335,0,,43.93,42.52,1.41,45.91621,42.08739,3.828819,https://pro.morningconsult.com/trackers/2026-midterm-election-generic-ballot-polls,12/15/2025,07:00:47 22 Sep 2026,9/22/2026,,,90875,908741,22sep2026
All polls,High Point University Survey Research Center,,11/10/2025,11/14/2025,837, RV,0.8533396,0,,48,39,9,47.75917,39.7474,8.011772,https://www.highpoint.edu/src/files/2023/08/HPUPoll-115-and-116-Registered-Voters.pdf,12/15/2025,07:00:47 22 Sep 2026,9/22/2026,,,900901,908101,22sep2026
All polls,Verasight,Strength in Numbers,11/12/2025,11/14/2025,860, LV,0.5305996,0,,49,45,4,47.24365,44.94791,2.295738,https://www.gelliottmorris.com/p/new-poll-democrats-lead-the-2026,11/18/2025,07:00:47 22 Sep 2026,9/22/2026,,,900881,907853,22sep2026
All polls,Marist University,NPR | PBS News,11/10/2025,11/13/2025,1291, RV,1.208359,0,,55,41,14,52.42213,40.89233,11.5298,https://maristpoll.marist.edu/polls/a-look-to-the-2026-midterms-november-2025/,11/19/2025,07:00:47 22 Sep 2026,9/22/2026,,,900884,907861,22sep2026
All polls,Marquette University Law School,,11/5/2025,11/12/2025,602, LV,1.258381,0,,53,44,9,50.55407,42.53866,8.015411,https://law.marquette.edu/poll/2025/11/18/detailed-results-of-the-marquette-law-school-supreme-court-poll-nov-5-12-2025-national-issues/,11/19/2025,07:00:47 22 Sep 2026,9/22/2026,,,900885,907873,22sep2026
All polls,Ipsos,Reuters,11/7/2025,11/12/2025,938, RV,0.2738039,0,,38,36,2,43.00824,39.44606,3.56218,https://www.reuters.com/data/which-party-do-americans-want-run-congress-2025-11-05/,12/15/2025,07:00:47 22 Sep 2026,9/22/2026,,,900870,908151,22sep2026
All polls,Yale University Institution for Social and Policy Studies,,10/29/2025,11/11/2025,3426, RV,1.031361,0,,45,43,2,45.94157,42.95166,2.98991,https://youthpoll.yale.edu/fall-2025-results,12/15/2025,07:00:47 22 Sep 2026,9/22/2026,,,900924,908091,22sep2026
All polls,YouGov Blue,,11/7/2025,11/10/2025,517, RV,0.6907277,0,,48,45,3,47.78127,44.50016,3.281109,https://www.the-downballot.com/p/new-poll-shows-democrats-best-path,11/13/2025,07:00:47 22 Sep 2026,9/22/2026,,,90776,907761,22sep2026
All polls,YouGov,The Economist,11/7/2025,11/10/2025,1499, RV,0.1879188,0,,46,39,7,48.15418,40.55437,7.599808,https://d3nkl3psvxxpe9.cloudfront.net/documents/econTabReport_EAdEA3C.pdf,11/12/2025,07:00:47 22 Sep 2026,9/22/2026,,,90771,907712,22sep2026
All polls,Survey160,,11/6/2025,11/10/2025,1513, RV,0.8171551,0,,46,39,7,46.18543,41.09808,5.087349,https://www.survey160.com/methodological-research-blog/survey-160-tracking-poll-november-2025-update,12/5/2025,07:00:47 22 Sep 2026,9/22/2026,,,900920,908051,22sep2026
All polls,Change Research,,11/6/2025,11/10/2025,1572, RV,0.489607,0,,47,43,4,48.43648,43.53911,4.897373,https://portal.changeresearch.com/portal/projects/f8ad986a-d2e5-4fb6-a21f-63b6b92c2998,5/5/2026,07:00:47 22 Sep 2026,9/22/2026,,,901424,9014242,22sep2026
All polls,Cygnal,,10/7/2025,10/8/2025,1500, LV,1.223237,0,,47.5,45.3,2.200001,46.52246,43.54738,2.975082,https://www.cygn.al/poll-42-of-liberals-approve-of-law-breaking-in-response-to-disagreeing-with-a-government-action/,11/12/2025,07:00:47 22 Sep 2026,9/22/2026,,,90748,907481,22sep2026
All polls,Ipsos,Reuters,10/3/2025,10/7/2025,864, RV,0.2843603,0,,41,38,3,46.00824,41.44606,4.56218,https://www.reuters.com/data/which-party-do-americans-want-run-congress-2025-11-05/,12/15/2025,07:00:47 22 Sep 2026,9/22/2026,,,900784,908181,22sep2026
All polls,Noble Predictive Insights,Center Square,10/2/2025,10/6/2025,2565, RV,1.454739,0,,45,43,2,45.94491,42.9215,3.023407,https://www.thecentersquare.com/image_f6c02a7b-df0a-426c-b38e-7825e2b1cec6.html,11/13/2025,07:00:47 22 Sep 2026,9/22/2026,,,900793,907731,22sep2026
All polls,YouGov,The Economist,10/4/2025,10/6/2025,1490, RV,0.1848564,0,,44,39,5,46.15418,40.55437,5.599808,https://today.yougov.com/politics/articles/53131-government-shutdown-2026-congressional-election-donald-trump-job-approval-the-economy-october-4-6-2025-economist-yougov-poll,10/6/2025,07:00:47 22 Sep 2026,9/22/2026,,,90747,223055,22sep2026
All polls,Change Research,,9/28/2025,10/6/2025,1596, RV,0.506948,0,,46,42,4,47.43648,42.53911,4.897373,https://portal.changeresearch.com/portal/projects/0326caf4-1de0-4774-8b12-23385ba6d752,5/5/2026,07:00:47 22 Sep 2026,9/22/2026,,,901423,9014232,22sep2026
All polls,Morning Consult,,9/29/2025,10/5/2025,21493, RV,0.1234758,0,,43.89,43.29,0.5999985,45.87621,42.8574,3.01881,https://pro.morningconsult.com/trackers/2026-midterm-election-generic-ballot-polls,12/15/2025,07:00:47 22 Sep 2026,9/22/2026,,,90869,908681,22sep2026
All polls,Morning Consult,,10/3/2025,10/5/2025,2200, RV,0.0494075,0,,46,43,3,47.98621,42.56739,5.418819,https://pro.morningconsult.com/analysis/government-shutdown-polling-october-2025,10/5/2025,07:00:47 22 Sep 2026,9/22/2026,,,900777,223046,22sep2026
All polls,CNN/SSRS,,10/27/2025,10/30/2025,954, RV,0.634336,0,,47,42,5,46.80582,41.75293,5.052891,https://s3.documentcloud.org/documents/26211915/cnn-poll-trump-midterms-east-wing-parties.pdf,11/13/2025,07:00:47 22 Sep 2026,9/22/2026,,,900846,907751,22sep2026
All polls,RMG Research,Napolitan Institute,10/27/2025,10/30/2025,2000, RV,0.6892818,0,,42,43,-1,42.41032,40.50034,1.909981,https://napolitannews.org/posts/generic-ballot-gop-43-percent-dem-42,11/12/2025,07:00:47 22 Sep 2026,9/22/2026,,,90766,907661,22sep2026
All polls,Verasight,Strength In Numbers,10/24/2025,10/29/2025,1352, RV,0.5022969,0,,49,41,8,47.24365,40.94791,6.295738,https://www.gelliottmorris.com/p/new-poll-voters-want-democrats-to,11/12/2025,07:00:47 22 Sep 2026,9/22/2026,,,90765,9076511,22sep2026
All polls,NewsNation,,10/27/2025,10/29/2025,1158, LV,1.02405,0,,47,47,0,47.03207,46.67769,0.3543816,https://www.newsnationnow.com/polls/full-poll-results-newsnation-national-survey-trump/,11/12/2025,07:00:47 22 Sep 2026,9/22/2026,,,900843,907642,22sep2026
All polls,Ipsos,The Washington Post | ABC News,10/24/2025,10/28/2025,2203, RV,0.3755651,0,,46,44,2,51.00824,47.44606,3.56218,https://www.washingtonpost.com/documents/1d305cca-df33-44a8-ba8d-c98790a67f99.pdf?itid=lk_inline_manual_4,11/12/2025,07:00:47 22 Sep 2026,9/22/2026,,,900842,907632,22sep2026
All polls,Hart Research Associates/Public Opinion Strategies,NBC News,10/24/2025,10/28/2025,1000, RV,0.9381177,0,,50,42,8,48.66678,40.16885,8.497929,https://pos.org/wp-content/uploads/2025/11/NBC-News-October-2025-Poll-11-02-2025-Release.pdf,11/22/2025,07:00:47 22 Sep 2026,9/22/2026,,,900841,907911,22sep2026
All polls,YouGov,Yahoo News,10/23/2025,10/27/2025,1197, RV,0.1681205,0,,45,40,5,47.15418,41.55437,5.599808,https://www.scribd.com/document/940273112/Yahoo-YouGov-Shutdown-Poll-October-2025,11/12/2025,07:00:47 22 Sep 2026,9/22/2026,,,900830,907612,22sep2026
All polls,YouGov,The Economist,10/24/2025,10/27/2025,1472, RV,0.1827361,0,,43,40,3,45.15418,41.55437,3.599808,https://d3nkl3psvxxpe9.cloudfront.net/documents/econTabReport_0AkNOQp.pdf,11/12/2025,07:00:47 22 Sep 2026,9/22/2026,,,90762,907622,22sep2026
All polls,McLaughlin & Associates,,10/21/2025,10/27/2025,1000, RV,0.3166469,0,,44,46,-2,45.56706,44.25381,1.313248,https://mclaughlinonline.com/pols/wp-content/uploads/2025/10/National-October-Presentation-RELEASE.pdf,11/12/2025,07:00:47 22 Sep 2026,9/22/2026,,,90760,907601,22sep2026
All polls,Manhattan Institute,,10/15/2025,10/26/2025,500, RV,0.6818506,0,,47,44,3,47.16063,43.49995,3.660679,https://manhattan.institute/article/the-new-gop-survey-analysis-of-americans-overall-todays-republican-coalition-and-the-minorities-of-maga,12/4/2025,07:00:47 22 Sep 2026,9/22/2026,,,90803,908031,22sep2026
All polls,The Winston Group,Winning the Issues,10/15/2025,10/26/2025,1000, RV,0.8905156,0,,47,43,4,47.14791,42.78886,4.359051,https://www.winningtheissues.org/2025/12/31/2025-winning-the-issues-research/,2/27/2026,07:00:47 22 Sep 2026,9/22/2026,,REP,901148,9011482,22sep2026
All polls,Morning Consult,,10/24/2025,10/26/2025,2202, RV,0.0471286,0,,45,42,3,46.98621,41.56739,5.418819,https://pro.morningconsult.com/trackers/donald-trump-congress-policy-republicans-polling,11/12/2025,07:00:47 22 Sep 2026,9/22/2026,,,900826,907591,22sep2026
All polls,Ipsos,Reuters,10/24/2025,10/26/2025,805, RV,0.249689,0,,41,40,1,46.00824,43.44606,2.56218,https://www.reuters.com/data/which-party-do-americans-want-run-congress-2025-11-05/,12/15/2025,07:00:47 22 Sep 2026,9/22/2026,,,900831,908161,22sep2026
All polls,Morning Consult,,10/20/2025,10/26/2025,21290, RV,0.1171112,0,,43.71,41.77,1.939999,45.69621,41.33739,4.358818,https://pro.morningconsult.com/trackers/2026-midterm-election-generic-ballot-polls,12/15/2025,07:00:47 22 Sep 2026,9/22/2026,,,90872,908711,22sep2026
All polls,Clarity Campaign Labs,,10/16/2025,10/23/2025,1047, RV,0.7168939,0,,47,46,1,45.57477,45.01666,0.5581131,https://www.claritycampaigns.com/clarity-omnibus-oct-2025,11/12/2025,07:00:47 22 Sep 2026,9/22/2026,,,900836,907581,22sep2026
All polls,YouGov,The Economist,10/17/2025,10/20/2025,1447, RV,0.1808608,0,,45,40,5,47.15418,41.55437,5.599808,https://d3nkl3psvxxpe9.cloudfront.net/documents/econTabReport_yAo1neA.pdf,11/12/2025,07:00:47 22 Sep 2026,9/22/2026,,,90757,907572,22sep2026
All polls,Echelon Insights,,10/16/2025,10/20/2025,1010, LV,0.8942636,0,,47,46,1,45.87136,43.54799,2.323372,https://echeloninsights.com/in-the-news/october-2025-verified-voter-omnibus-2/,11/12/2025,07:00:47 22 Sep 2026,9/22/2026,,,900810,907561,22sep2026
All polls,YouGov,University of Massachusetts Lowell,10/16/2025,10/20/2025,1000, A,0.1274014,0,,38,35,3,40.15418,36.55437,3.599808,https://www.uml.edu/docs/2025-National-Oct-Highlights_tcm18-411272.pdf,11/12/2025,07:00:47 22 Sep 2026,9/22/2026,,,900834,907551,22sep2026
All polls,Quinnipiac University,,10/16/2025,10/20/2025,1327, RV,1.088786,0,,50,41,9,49.21408,41.81057,7.403511,https://poll.qu.edu/poll-release?releaseid=3938,11/22/2025,07:00:47 22 Sep 2026,9/22/2026,,,900817,907891,22sep2026
All polls,Ipsos,Reuters,10/15/2025,10/20/2025,3439, RV,0.4612963,0,,39,39,0,44.00824,42.44606,1.56218,https://www.reuters.com/data/which-party-do-americans-want-run-congress-2025-11-05/,12/15/2025,07:00:47 22 Sep 2026,9/22/2026,,,900812,908171,22sep2026
All polls,Morning Consult,,10/17/2025,10/19/2025,2200, RV,0.0477484,0,,46,43,3,47.98621,42.56739,5.418819,https://pro.morningconsult.com/trackers/donald-trump-congress-policy-republicans-polling,11/12/2025,07:00:47 22 Sep 2026,9/22/2026,,,900806,907541,22sep2026
All polls,Morning Consult,,10/13/2025,10/19/2025,21829, RV,0.1198902,0,,44.49,42.4,2.09,46.47621,41.9674,4.508812,https://pro.morningconsult.com/trackers/2026-midterm-election-generic-ballot-polls,12/15/2025,07:00:47 22 Sep 2026,9/22/2026,,,90871,908701,22sep2026
All polls,The Argument/Verasight,,10/10/2025,10/16/2025,1530, RV,0.7132258,0,,44,43,1,40.79607,39.69462,1.101452,https://www.theargumentmag.com/p/the-immigration-problem-is-a-crime,11/12/2025,07:00:47 22 Sep 2026,9/22/2026,,,90753,907531,22sep2026
All polls,J.L. Partners,DailyMail.com,10/14/2025,10/15/2025,1005, RV,0.8367792,0,,43,37,6,43.05539,38.08115,4.974239,https://jlpartners.com/trump-tracker-october-2025,11/12/2025,07:00:47 22 Sep 2026,9/22/2026,,,90752,907521,22sep2026
All polls,Emerson College,,10/13/2025,10/14/2025,1000, RV,0.9134874,0,,43.9,42.5,1.400002,43.79731,43.10276,0.6945496,https://emersoncollegepolling.com/october-2025-poll/,11/12/2025,07:00:47 22 Sep 2026,9/22/2026,,,900800,907511,22sep2026
All polls,YouGov,The Economist,10/10/2025,10/13/2025,1466, RV,0.1825656,0,,43,40,3,45.15418,41.55437,3.599808,https://d3nkl3psvxxpe9.cloudfront.net/documents/econTabReport_GAAzhe0.pdf,11/12/2025,07:00:47 22 Sep 2026,9/22/2026,,,90750,907502,22sep2026
All polls,Hart Research Associates/Public Opinion Strategies,CNBC,10/8/2025,10/12/2025,800, RV,0.8672947,0,,48,47,1,46.66678,45.16885,1.497929,https://fm.cnbc.com/applications/cnbc.com/resources/editorialfiles/2025/10/17/CNBC_All-America_Economic_Survey_Q3_2025.pdf,11/22/2025,07:00:47 22 Sep 2026,9/22/2026,,,900802,907901,22sep2026
All polls,Morning Consult,,10/6/2025,10/12/2025,21246, RV,0.1205411,0,,44.39,42.71,1.68,46.37621,42.27739,4.09882,https://pro.morningconsult.com/trackers/2026-midterm-election-generic-ballot-polls,12/15/2025,07:00:47 22 Sep 2026,9/22/2026,,,90870,908691,22sep2026
All polls,Morning Consult,,10/10/2025,10/12/2025,2202, RV,0.0485117,0,,46,43,3,47.98621,42.56739,5.418819,https://pro.morningconsult.com/trackers/donald-trump-congress-policy-republicans-polling,11/12/2025,07:00:47 22 Sep 2026,9/22/2026,,,900790,907491,22sep2026
All polls,RMG Research,Napolitan News Service,1/5/2026,1/8/2026,2000, RV,0.6722823,0,,47,46,1,47.41032,43.50034,3.909981,https://napolitannews.org/posts/generic-ballot-gop-43-percent-dem-44,1/12/2026,07:00:47 22 Sep 2026,9/22/2026,,,901006,9010061,22sep2026
All polls,Cygnal,,1/7/2026,1/8/2026,1500, LV,1.095173,0,,48.2,44.6,3.600002,47.22246,42.84738,4.37508,https://www.cygn.al/polls/january-2026-national-voter-trends-nvt-poll/,1/15/2026,07:00:47 22 Sep 2026,9/22/2026,,,901019,9010192,22sep2026
All polls,YouGov,Economist,1/2/2026,1/5/2026,1389, RV,0.1850905,0,,45,39,6,47.15418,40.55437,6.599808,https://d3nkl3psvxxpe9.cloudfront.net/documents/econTabReport_aY8mpiN.pdf,1/6/2026,07:00:47 22 Sep 2026,9/22/2026,,,900996,9009964,22sep2026
All polls,Morning Consult,,1/2/2026,1/4/2026,2201, RV,0.0459474,0,,45,42,3,46.98621,41.56739,5.418819,https://pro.morningconsult.com/trackers/donald-trump-congress-policy-republicans-polling,1/6/2026,07:00:47 22 Sep 2026,9/22/2026,,,900995,9009952,22sep2026
All polls,Morning Consult,,12/29/2025,1/4/2026,22709, A,0.0980671,0,,44,42,2,45.98621,41.56739,4.418819,https://pro.morningconsult.com/trackers/2026-midterm-election-generic-ballot-polls,1/5/2026,07:00:47 22 Sep 2026,9/22/2026,,,900993,9009931,22sep2026
All polls,Public Policy Polling,,1/29/2026,1/30/2026,652, RV,0.7478946,0,,48,41,7,47.54845,41.22415,6.324299,https://e1.nmcdn.io/assets/ppp/wp-content/uploads/2026/01/January2026NationalSurvey.pdf,2/1/2026,07:00:47 22 Sep 2026,9/22/2026,,,901066,9010662,22sep2026
All polls,TIPP Insights,Issues & Insights,1/27/2026,1/29/2026,1126, RV,1.191634,0,,45,42,3,45.9888,41.82582,4.162979,https://issuesinsights.com/2026/02/16/who-leads-in-2028-presidential-race-and-in-2026-midterm-elections-ii-tipp-poll/,2/16/2026,07:00:47 22 Sep 2026,9/22/2026,,,901111,9011111,22sep2026
All polls,HarrisX,Harvard CAPS,1/28/2026,1/29/2026,1508, LV,0.6952086,0,,49.5,46,3.5,48.32313,41.85577,6.467361,https://harvardharrispoll.com/key-results-january-6/,2/2/2026,07:00:47 22 Sep 2026,9/22/2026,*,,901071,9010716,22sep2026
All polls,Marquette University Law School,,1/21/2026,1/28/2026,577, LV,1.209028,0,,52,45,7,49.55407,43.53866,6.015411,https://law.marquette.edu/poll/2026/02/04/detailed-results-of-the-marquette-law-school-supreme-court-poll-jan-21-28-2025-national-issues/,2/4/2026,07:00:47 22 Sep 2026,9/22/2026,,,901078,9010785,22sep2026
All polls,Cygnal,,1/27/2026,1/28/2026,1004, LV,0.8921397,0,,48,44,4,47.02246,42.24738,4.775082,https://www.cygn.al/wp-content/uploads/2026/02/Cygnal-Deportation-Poll-Data.pdf,2/2/2026,07:00:47 22 Sep 2026,9/22/2026,,,901070,9010701,22sep2026
All polls,McLaughlin & Associates,,1/21/2026,1/27/2026,1000, LV,0.3896137,0,,46,44,2,47.56706,42.25381,5.313248,https://mclaughlinonline.com/pols/wp-content/uploads/2026/02/National-January-2026-Presentation-RELEASE-1-1.pdf,2/4/2026,07:00:47 22 Sep 2026,9/22/2026,,,901081,9010811,22sep2026
All polls,The Argument/Verasight,,1/26/2026,1/27/2026,1515, RV,0.6625282,0,,52,48,4,48.79607,44.69462,4.101452,https://www.theargumentmag.com/p/immigration-is-turning-into-a-disaster,1/29/2026,07:00:47 22 Sep 2026,9/22/2026,,,901061,9010612,22sep2026
All polls,McLaughlin & Associates,,1/22/2025,1/27/2025,1000, LV,0.2878084,0,,40,48,-8,41.56706,46.25381,-4.686752,https://mclaughlinonline.com/pols/wp-content/uploads/2025/01/National-January-Presentation-RELEASE-01-28-25.pdf,1/27/2025,07:00:47 22 Sep 2026,9/22/2026,,,89530,217902,22sep2026
All polls,Beacon Research/Shaw & Company Research,FOX News,1/23/2026,1/26/2026,1005, RV,1.134222,0,,52,46,6,50.1203,44.54278,5.577518,https://www.foxnews.com/politics/fox-news-poll-early-look-2026-midterms,1/29/2026,07:00:47 22 Sep 2026,9/22/2026,,,901058,9010582,22sep2026
All polls,YouGov,Economist,1/23/2026,1/26/2026,1520, RV,0.1842941,0,,43,38,5,45.15418,39.55437,5.599808,https://d3nkl3psvxxpe9.cloudfront.net/documents/econTabReport_8FWGyNz.pdf,1/27/2026,07:00:47 22 Sep 2026,9/22/2026,,,901051,9010514,22sep2026
All polls,Echelon Insights,,1/22/2026,1/26/2026,1029, LV,0.9369453,0,,49,44,5,47.87136,41.54799,6.323372,https://echelonin.wpenginepowered.com/wp-content/uploads/January-2026-Voter-Omnibus-Topline.pdf,1/26/2026,07:00:47 22 Sep 2026,9/22/2026,,,901048,9010482,22sep2026
All polls,Focaldata,,1/23/2026,1/26/2026,1709, LV,0.7486621,0,,50,45,5,49.19695,44.29938,4.897568,https://www.focaldata.com/blog/cost-of-living-fuelling-democrat-strength-in-new-midterms-polling,2/16/2026,07:00:47 22 Sep 2026,9/22/2026,,,901105,9011056,22sep2026
All polls,Morning Consult,,1/20/2025,1/26/2025,33299, RV,0.2850552,0,,41.86,44.78,-2.919998,43.84621,44.34739,-0.5011787,https://pro.morningconsult.com/trackers/2026-midterm-election-generic-ballot-polls,12/15/2025,07:00:47 22 Sep 2026,9/22/2026,,,90833,908321,22sep2026
All polls,Ipsos,Reuters,1/24/2025,1/26/2025,902, RV,0.6029822,0,,35,37,-2,40.00824,40.44606,-0.4378204,https://www.reuters.com/data/which-party-do-americans-want-run-congress-2025-11-05/,12/15/2025,07:00:47 22 Sep 2026,9/22/2026,,,89522,908291,22sep2026
All polls,Morning Consult,,1/23/2026,1/25/2026,2204, RV,0.0453936,0,,45,43,2,46.98621,42.56739,4.418819,https://pro.morningconsult.com/trackers/donald-trump-congress-policy-republicans-polling,1/27/2026,07:00:47 22 Sep 2026,9/22/2026,,,901053,9010532,22sep2026
All polls,Morning Consult,,1/19/2026,1/25/2026,24675, RV,0.1192214,0,,43.9,42.8,1.100002,45.88621,42.36739,3.518822,https://pro.morningconsult.com/trackers/2026-midterm-election-generic-ballot-polls,1/28/2026,07:00:47 22 Sep 2026,9/22/2026,,,901059,9010591,22sep2026
All polls,Ipsos,Reuters,1/23/2026,1/25/2026,1139, A,0.2794003,0,,41,37,4,46.00824,40.44606,5.56218,https://www.reuters.com/data/trumps-approval-rating-2025-01-21/,1/26/2026,07:00:47 22 Sep 2026,9/22/2026,,,901049,9010492,22sep2026
All polls,Clarity Campaign Labs,,1/15/2026,1/22/2026,1147, LV,0.9311304,0,,51,42,9,49.57477,41.01666,8.558113,https://www.claritycampaigns.com/clarity-omnibus-jan-2026,1/28/2026,07:00:47 22 Sep 2026,9/22/2026,,,901057,9010572,22sep2026
All polls,KFF,,1/13/2026,1/20/2026,1141, RV,1.01866,0,,49,42,7,49.60958,43.41357,6.196011,https://www.kff.org/public-opinion/kff-health-tracking-poll-health-care-costs-expiring-aca-tax-credits-and-the-2026-midterms/,1/29/2026,07:00:47 22 Sep 2026,9/22/2026,,,901062,9010621,22sep2026
All polls,Verasight,Strength in Numbers,1/14/2026,1/20/2026,1057, LV,0.5884699,0,,55,42,13,53.24365,41.94791,11.29574,https://www.gelliottmorris.com/p/new-poll-trump-slips-on-immigration,1/21/2026,07:00:47 22 Sep 2026,9/22/2026,,,901037,9010375,22sep2026
All polls,YouGov,Economist,1/16/2026,1/19/2026,1549, RV,0.188498,0,,43,39,4,45.15418,40.55437,4.599808,https://d3nkl3psvxxpe9.cloudfront.net/documents/econTabReport_z9wtNZI.pdf,1/20/2026,07:00:47 22 Sep 2026,9/22/2026,,,901032,9010324,22sep2026
All polls,Emerson College,,1/17/2026,1/19/2026,1000, LV,1.054693,0,,48.1,41.7,6.399998,47.99731,42.30276,5.69455,https://emersoncollegepolling.com/january-2026-national-poll/,1/22/2026,07:00:47 22 Sep 2026,9/22/2026,,,901039,9010392,22sep2026
All polls,Change Research,,1/13/2026,1/19/2026,1348, RV,0.4434077,0,,46,43,3,47.43648,43.53911,3.897373,https://portal.changeresearch.com/portal/projects/45449a2d-6c0e-412f-a3e1-a053b39f12b0,5/5/2026,07:00:47 22 Sep 2026,9/22/2026,,,901426,9014262,22sep2026
All polls,Morning Consult,,1/16/2026,1/18/2026,2201, RV,0.0454921,0,,45,43,2,46.98621,42.56739,4.418819,https://pro.morningconsult.com/trackers/donald-trump-congress-policy-republicans-polling,1/20/2026,07:00:47 22 Sep 2026,9/22/2026,,,901029,9010292,22sep2026
All polls,Morning Consult,,1/12/2026,1/18/2026,23758, RV,0.1177767,0,,44,42.6,1.400002,45.98621,42.16739,3.818821,https://pro.morningconsult.com/trackers/2026-midterm-election-generic-ballot-polls,1/19/2026,07:00:47 22 Sep 2026,9/22/2026,,,901030,9010301,22sep2026
All polls,The New York Times/Siena College,,1/12/2026,1/17/2026,1625, RV,1.442314,0,,48,43,5,47.31787,42.72572,4.592152,https://www.nytimes.com/interactive/2026/01/22/polls/times-siena-national-poll-toplines.html,1/22/2026,07:00:47 22 Sep 2026,9/22/2026,,,901038,9010382,22sep2026
All polls,RMG Research,Napolitan Institute,1/15/2025,1/16/2025,1000, RV,0.7688288,0,,44,51,-7,44.41032,48.50034,-4.090019,https://napolitannews.org/posts/generic-ballot-gop-51-percent-dem-44,1/16/2025,07:00:47 22 Sep 2026,9/22/2026,,,89497,217652,22sep2026
All polls,Research Co.,,1/13/2026,1/15/2026,1002, A,0.8673273,0,,42,36,6,44.48009,38.38001,6.100082,https://researchco.ca/2026/01/26/amendment/,1/26/2026,07:00:47 22 Sep 2026,9/22/2026,,,901047,9010472,22sep2026
All polls,Rasmussen Reports,,1/7/2026,1/14/2026,2273, LV,1.16437,0,,47,41,6,48.2056,40.84968,7.355919,https://www.rasmussenreports.com/public_content/archive/mood_of_america_archive/generic_congressional_ballot/democrats_increase_advantage_in_midterm_forecast,1/19/2026,07:00:47 22 Sep 2026,9/22/2026,,REP,901028,901028,22sep2026
All polls,Public Policy Polling,Progress Action Fund (hybrid PAC),1/13/2026,1/14/2026,597, RV,0.7154305,0,,50,42,8,48.98689,42.78571,6.20118,https://drive.google.com/file/d/1iHoieThBdqtE4vH3gDLGzOI334wGWU6_/view,2/3/2026,07:00:47 22 Sep 2026,9/22/2026,,DEM,901074,9010742,22sep2026
All polls,Ipsos,Reuters,1/12/2026,1/13/2026,941, RV,0.3207052,0,,40,38,2,45.00824,41.44606,3.56218,https://www.reuters.com/data/which-party-do-americans-want-run-congress-2025-11-05/,1/14/2026,07:00:47 22 Sep 2026,9/22/2026,,,901016,9010163,22sep2026
All polls,Impact Research/National Research ,Wall Street Journal,1/8/2026,1/13/2026,1500, RV,0.9126564,0,,47,43,4,47.07961,43.14673,3.93288,https://www.wsj.com/politics/elections/trump-approval-rating-economy-poll-b3a62e57,1/17/2026,07:00:47 22 Sep 2026,9/22/2026,,,901024,9010242,22sep2026
All polls,YouGov,Economist,1/9/2026,1/12/2026,1437, RV,0.1844967,0,,44,40,4,46.15418,41.55437,4.599808,https://d3nkl3psvxxpe9.cloudfront.net/documents/econTabReport_qsNv5iE.pdf,1/13/2026,07:00:47 22 Sep 2026,9/22/2026,,,901009,9010094,22sep2026
All polls,CNN/SSRS,,1/9/2026,1/12/2026,968, RV,0.6471591,0,,46,41,5,45.80582,40.75293,5.052891,https://www.cnn.com/2026/01/18/politics/cnn-poll-democrats-are-deeply-motivated-for-the-midterms-despite-having-dismal-views-of-party-leaders,1/18/2026,07:00:47 22 Sep 2026,9/22/2026,,,901022,9010223,22sep2026
All polls,Morning Consult,,1/9/2026,1/12/2026,2201, RV,0.045693,0,,46,43,3,47.98621,42.56739,5.418819,https://pro.morningconsult.com/trackers/donald-trump-congress-policy-republicans-polling,1/12/2026,07:00:47 22 Sep 2026,9/22/2026,,,901007,9010072,22sep2026
All polls,The Winston Group,Winning the Issues,1/8/2026,1/12/2026,1000, RV,0.9613449,0,,46,43,3,46.14791,42.78886,3.359051,https://www.winningtheissues.org/2026/01/27/2026-winning-the-issues-research/,2/27/2026,07:00:47 22 Sep 2026,9/22/2026,,REP,901150,9011502,22sep2026
All polls,YouGov,Yahoo News,1/8/2026,1/12/2026,1149, RV,0.169022,0,,45,40,5,47.15418,41.55437,5.599808,https://www.yahoo.com/news/world/article/poll-most-americans-dont-want-the-us-to-be-in-charge-of-venezuela-154611401.html?guccounter=1&guce_referrer=aHR0cHM6Ly9maWZ0eXBsdXNvbmUubmV3cy8&guce_referrer_sig=AQAAADuswAe9tXhPxz19FPFnpXDmszH_5A1WoB4vOY-7U0IjGPU3fLrwbmCyUwF8ynb_I9N0n4Rc39un9yZA5xjnYbwG42YEmutuZQ25dTi16lYuweaJ1AIGD79NFwnTA60flTfUA5IlNW9zxaBJiRd0rgTmTKbyUDqhKc0Wx3s0etNG,1/15/2026,07:00:47 22 Sep 2026,9/22/2026,,,901012,9010123,22sep2026
All polls,Cygnal,,1/9/2025,1/12/2025,1500, LV,1.266514,0,,44.6,46.8,-2.200001,43.62246,45.04738,-1.424919,https://www.cygn.al/voters-back-kingmaker-trumps-policies-on-economy-energy-and-health/,1/12/2025,07:00:47 22 Sep 2026,9/22/2026,,,89491,217594,22sep2026
All polls,Morning Consult,,1/5/2026,1/11/2026,22835, RV,0.1164501,0,,44.1,42.5,1.599998,46.0862,42.06739,4.01881,https://pro.morningconsult.com/trackers/2026-midterm-election-generic-ballot-polls,1/13/2026,07:00:47 22 Sep 2026,9/22/2026,,,901010,9010101,22sep2026
All polls,The Bullfinch Group,Independent Center,12/30/2025,1/1/2026,1000, RV,0.5845166,0,,44,33,11,46.58126,36.64877,9.932491,https://independentcentervoice.com/insights/2026-tune-in-as-america-approaches-its-250th-voters-declare-the-status-quo-broken-and-demand-new-options,1/2/2026,07:00:47 22 Sep 2026,9/22/2026,,,900988,9009884,22sep2026