subgroup,pollster,sponsors,startdate,enddate,samplesize,population,weight,influence,tracking,dem,rep,net,adjusted_dem,adjusted_rep,adjusted_net,url,createddate,timestamp,modeldate,multiversions,partisan,poll_id,question_id,date
All polls,Cygnal,,8/6/2026,8/7/2026,1500, LV,1.476649,1.31698,,48.8,41.9,6.899998,47.88506,40.13012,7.75494,https://www.cygn.al/wp-content/uploads/2026/08/24265-Cygnal-National-Aug26-NVT-Deck-Public.pdf,8/14/2026,15:00:58 19 Aug 2026,8/19/2026,,,901722,9017221,19aug2026
All polls,Marquette University Law School,,7/22/2026,7/29/2026,572, LV,1.181704,0.8910899,,51,45,6,48.72448,43.32834,5.396141,https://law.marquette.edu/assets/community/poll/MLSPSC34/MLSPSC34Toplines_NationalItems.html#iran-war-cost,8/7/2026,15:00:58 19 Aug 2026,8/19/2026,,,901706,9017066,19aug2026
All polls,The Argument/Verasight,,7/20/2026,7/26/2026,3000, RV,1.190796,0.8448544,,54,46,8,50.82795,42.74614,8.08181,https://www.theargumentmag.com/p/americans-know-who-the-real-elite,7/29/2026,15:00:58 19 Aug 2026,8/19/2026,,,901684,9016842,19aug2026
All polls,Emerson College,,7/19/2026,7/20/2026,1000, LV,1.201531,0.8092023,,52.9,41.5,11.4,52.93246,42.27551,10.65695,https://emersoncollegepolling.com/july-2026-national-poll-democrats-with-11-point-generic-ballot-advantage/,7/23/2026,15:00:58 19 Aug 2026,8/19/2026,,,901662,9016622,19aug2026
All polls,John Zogby Strategies,,8/4/2026,8/5/2026,1000, LV,0.9070156,0.7874031,,50.6,39.6,11,50.38377,39.35523,11.02854,https://johnzogbystrategies.com/lowest-trump-approval-ratings-maga-numbers-spell-major-trouble-for-midterm-prospects/,8/11/2026,15:00:58 19 Aug 2026,8/19/2026,,,901715,9017152,19aug2026
All polls,Beacon Research/Shaw & Company Research,FOX News,7/17/2026,7/20/2026,1003, RV,1.140426,0.7709348,,53,46,7,51.01414,44.59692,6.417221,https://www.foxnews.com/politics/fox-news-poll-voters-want-major-change-amid-economic-political-discontent,7/23/2026,15:00:58 19 Aug 2026,8/19/2026,,,901663,9016632,19aug2026
All polls,Pew Research Center,,7/6/2026,7/12/2026,2779, RV,1.36022,0.7688559,,43,37,6,44.41894,38.303,6.11594,https://www.pewresearch.org/politics/2026/07/23/as-the-2026-midterms-approach-economy-is-front-and-center/,7/23/2026,15:00:58 19 Aug 2026,8/19/2026,,,901668,9016683,19aug2026
All polls,Focaldata,Financial Times,8/7/2026,8/11/2026,1857, LV,0.815784,0.744557,,51,45,6,50.3651,44.54081,5.824291,https://www.focaldata.com/blog/democrats-maintain-lead-three-months-out-from-midterms,8/16/2026,15:00:58 19 Aug 2026,8/19/2026,,,901724,9017246,19aug2026
All polls,Quinnipiac University,,7/23/2026,7/27/2026,963, RV,0.9042002,0.6655623,,48,41,7,47.1162,41.58134,5.534859,https://poll.qu.edu/poll-release?releaseid=3964,7/29/2026,15:00:58 19 Aug 2026,8/19/2026,,,901686,9016863,19aug2026
All polls,RMG Research,Napolitan News Service,7/28/2026,8/4/2026,2000, RV,0.8060586,0.6578919,,47,45,2,47.60815,42.61016,4.99799,https://napolitannews.org/posts/dems-continue-to-lead-on-generic-ballot-strong-enthusiasm-edge,8/11/2026,15:00:58 19 Aug 2026,8/19/2026,,,901712,9017121,19aug2026
All polls,Clarity Campaign Labs,,7/17/2026,7/22/2026,1000, LV,0.9570835,0.644246,,52,42,10,50.6091,41.07001,9.539089,https://www.claritycampaigns.com/clarity-omnibus-2026-july,7/29/2026,15:00:58 19 Aug 2026,8/19/2026,,,901687,9016873,19aug2026
All polls,Quantus Insights,,8/3/2026,8/4/2026,1048, LV,0.7058306,0.5979794,,49,42.6,6.400002,49.45275,42.33176,7.120991,https://quantusinsights.org/polling/f/latest-survey-democrats-hold-the-midterm-edge,8/7/2026,15:00:58 19 Aug 2026,8/19/2026,,,901707,9017072,19aug2026
All polls,J.L. Partners,Daily Mail,7/17/2026,7/20/2026,626, LV,0.8480929,0.571134,,50,41,9,50.08195,42.12576,7.956192,https://www.dailymail.com/news/us-politics/article-15991575/americans-brutal-verdict-trump-iran-war.html,7/23/2026,15:00:58 19 Aug 2026,8/19/2026,,,901665,9016652,19aug2026
All polls,Hart Research Associates/Public Opinion Strategies,CNBC,7/8/2026,7/12/2026,1000, RV,1.003145,0.5611337,,49,45,4,47.68138,43.41261,4.268772,https://www.cnbc.com/2026/07/17/democratic-socialists-top-maga-candidates-all-america-poll.html,7/17/2026,15:00:58 19 Aug 2026,8/19/2026,,,901645,9016452,19aug2026
All polls,Cygnal,,6/30/2026,7/1/2026,1500, LV,1.283695,0.5593626,,49.9,43.8,6.100002,48.98506,42.03012,6.954941,https://www.cygn.al/wp-content/uploads/2026/07/24136-Cygnal-National-Jul-26-NVT-Deck-Public-1.pdf,7/8/2026,15:00:58 19 Aug 2026,8/19/2026,,,901621,9016211,19aug2026
All polls,Survey160,,7/14/2026,7/20/2026,1518, RV,0.8615363,0.5557023,,48,38,10,48.21133,40.14129,8.070042,https://www.survey160.com/methodological-research-blog/july-2026-survey-160-tracking-poll,8/12/2026,15:00:58 19 Aug 2026,8/19/2026,,,901720,9017203,19aug2026
All polls,Echelon Insights,,7/9/2026,7/13/2026,1004, LV,0.9935203,0.5556987,,50,44,6,48.91322,41.6309,7.282318,https://echeloninsights.com/hubfs/_Media%20for%20Insights%20Blog/July%202026%20Voter%20Omnibus%20Topline%20-%20External.pdf,7/15/2026,15:00:58 19 Aug 2026,8/19/2026,,,901636,9016362,19aug2026
All polls,CNN/SSRS,,7/23/2026,7/27/2026,914, RV,0.7117869,0.5250284,,47,39,8,46.82885,38.79492,8.033928,https://www.cnn.com/2026/07/30/politics/cnn-poll-midterm-generic-ballot-democrats-republicans-change,7/30/2026,15:00:58 19 Aug 2026,8/19/2026,,,901685,9016853,19aug2026
All polls,AlphaROC,Independent Center,8/8/2026,8/10/2026,1000, A,0.5614492,0.5134987,,41,37.3,3.700001,43.49873,39.21845,4.280281,https://independentcentervoice.com/insights/august-2026-national-survey-on-independent-candidates-and-the-2026-midterms-wave-3,8/14/2026,15:00:58 19 Aug 2026,8/19/2026,,,901723,9017232,19aug2026
All polls,Ipsos,Reuters,7/29/2026,8/3/2026,3542, RV,0.632017,0.510429,,42,37,5,46.99319,40.42639,6.566799,https://www.ipsos.com/en-us/reutersipsos-august-2026-poll,8/4/2026,15:00:58 19 Aug 2026,8/19/2026,,,901701,9017014,19aug2026
All polls,Zogby Analytics,,7/1/2026,7/4/2026,1003, LV,1.01932,0.5061924,,41.5,36.4,5.099998,43.16068,37.7404,5.42028,https://zogbyanalytics.com/images/ZA070626/Crosstabs%20Zogby%20Likely%20Voters%20070626.pdf,7/12/2026,15:00:58 19 Aug 2026,8/19/2026,,,901629,9016292,19aug2026
All polls,Manhattan Institute,,7/1/2026,7/6/2026,1221, LV,0.9914868,0.5037138,,47,43,4,47.17448,42.53178,4.6427,https://manhattan.institute/article/american-attitudes-on-welfare-waste-crime-and-the-political-environment,7/27/2026,15:00:58 19 Aug 2026,8/19/2026,,,901676,9016762,19aug2026
All polls,Rasmussen Reports,,6/24/2026,7/1/2026,2224, LV,1.212513,0.4961295,,46,42,4,47.12323,41.90679,5.216438,https://www.rasmussenreports.com/public_content/politics/mood_of_america/generic_congressional_ballot_july07?utm_campaign=RR07072026DN&utm_source=criticalimpact&utm_medium=email,7/8/2026,15:00:58 19 Aug 2026,8/19/2026,,REP,901620,9016201,19aug2026
All polls,Ipsos,Reuters,8/14/2026,8/17/2026,876, RV,0.4481208,0.4481208,,41,36,5,45.99319,39.42639,6.566799,https://www.ipsos.com/en-us/reutersipsos-august-2026-poll-0,8/18/2026,15:00:58 19 Aug 2026,8/19/2026,,,901733,9017335,19aug2026
All polls,Talker Research,Scripps News,6/25/2026,7/2/2026,2000, RV,0.9773859,0.4373057,,48,39,9,48.90172,40.51338,8.38834,https://www.scrippsnews.com/politics/scripps-news-poll-americans-excited-to-celebrate-july-4-but-divided-on-trumps-role,7/3/2026,15:00:58 19 Aug 2026,8/19/2026,,,901606,9016062,19aug2026
All polls,RMG Research,Napolitan News Service,7/13/2026,7/14/2026,2000, RV,0.740646,0.4365673,,47,45,2,47.60815,42.61016,4.99799,https://napolitannews.org/posts/generic-ballot-dem-47-percent-gop-45-dems-still-have-healthy-enthusiasm-edge,7/15/2026,15:00:58 19 Aug 2026,8/19/2026,,,901638,9016381,19aug2026
All polls,Change Research,,7/13/2026,7/17/2026,2006, RV,0.670154,0.4016214,,46,38,8,47.4683,38.59066,8.87764,https://portal.changeresearch.com/portal/projects/0bc92362-5cbd-4cb3-9ec4-8690c0780aad,7/23/2026,15:00:58 19 Aug 2026,8/19/2026,,,901667,9016672,19aug2026
All polls,Marquette University Law School,,6/9/2026,6/15/2026,827, LV,1.286733,0.4008011,,53,45,8,50.72448,43.32834,7.396141,https://law.marquette.edu/poll/2026/06/24/detailed-results-of-the-marquette-law-school-supreme-court-poll-july-9-15-2026/,6/25/2026,15:00:58 19 Aug 2026,8/19/2026,,,901579,9015795,19aug2026
All polls,YouGov,Economist,8/14/2026,8/17/2026,1450, RV,0.3937466,0.3937466,,46,39,7,48.47596,40.70036,7.7756,https://d3nkl3psvxxpe9.cloudfront.net/documents/econTabReport_ZMy1Zxu.pdf,8/18/2026,15:00:58 19 Aug 2026,8/19/2026,,,901729,9017294,19aug2026
All polls,Hart Research Associates/Public Opinion Strategies,NBC News,5/29/2026,6/7/2026,3000, RV,1.444144,0.3699336,,49,44,5,47.68138,42.41261,5.268772,https://www.nbcnews.com/politics/2026-election/poll-democrats-maintain-edge-fight-congress-trump-gets-poor-marks-rcna348913,6/14/2026,15:00:58 19 Aug 2026,8/19/2026,,,901548,9015484,19aug2026
All polls,Morning Consult,,8/10/2026,8/16/2026,29719, RV,0.3712425,0.3560848,,46,42,4,48.05877,41.72128,6.33749,https://pro-assets.morningconsult.com/wp-uploads/2026/08/MCPI-PI-Weekly.html,8/18/2026,15:00:58 19 Aug 2026,8/19/2026,,,901734,9017341,19aug2026
All polls,Verasight,Strength in Numbers,7/14/2026,7/17/2026,1432, RV,0.584349,0.3535016,,50,43,7,48.17176,43.07751,5.09425,https://www.gelliottmorris.com/p/poll,7/21/2026,15:00:58 19 Aug 2026,8/19/2026,,,901660,9016604,19aug2026
All polls,J.L. Partners,Daily Mail,6/24/2026,6/26/2026,625, LV,0.8542064,0.3352025,,50,42,8,50.08195,43.12576,6.956192,https://www.dailymail.com/news/article-15945873/The-scorching-midterm-election-poll-shows-blue-wave-cresting-Republicans.html?ico=authors_pagination_desktop,7/6/2026,15:00:58 19 Aug 2026,8/19/2026,,,901612,9016121,19aug2026
All polls,Focaldata,,7/14/2026,7/20/2026,2064, A,0.4995993,0.3124308,,44,36,8,43.3651,35.54081,7.824291,https://www.focaldata.com/blog/focaldata---coinbase---clarity-act-and-crypto-attitudes-poll---july-2026,8/3/2026,15:00:58 19 Aug 2026,8/19/2026,,,901698,9016981,19aug2026
All polls,TIPP Insights,Issues & Insights,5/26/2026,5/28/2026,1332, RV,1.335038,0.3115509,,46,41,5,47.00702,40.85783,6.149189,https://issuesinsights.com/2026/06/15/does-either-party-have-an-edge-in-2026-midterms-and-2028-presidential-election-ii-tipp-poll/,6/15/2026,15:00:58 19 Aug 2026,8/19/2026,,,901553,9015531,19aug2026
All polls,YouGov,Economist,8/7/2026,8/10/2026,1420, RV,0.3389321,0.3076427,,46,40,6,48.47596,41.70036,6.7756,https://d3nkl3psvxxpe9.cloudfront.net/documents/econTabReport_pKJG0WT.pdf,8/11/2026,15:00:58 19 Aug 2026,8/19/2026,,,901716,9017164,19aug2026
All polls,Emerson College,,6/7/2026,6/8/2026,1200, LV,1.110778,0.3042767,,50.3,39.5,10.8,50.33246,40.27551,10.05695,https://emersoncollegepolling.com/june-2026/,6/11/2026,15:00:58 19 Aug 2026,8/19/2026,,,901541,9015412,19aug2026
All polls,McLaughlin & Associates,,7/15/2026,7/21/2026,1000, LV,0.4866187,0.3037334,,46,44,2,47.67063,42.27132,5.399311,https://mclaughlinonline.com/2026/07/24/national-monthly-july-2026/,7/24/2026,15:00:58 19 Aug 2026,8/19/2026,,,901672,9016721,19aug2026
All polls,Quinnipiac University,,6/18/2026,6/22/2026,1165, RV,0.8979701,0.3002955,,49,42,7,48.1162,42.58134,5.534859,https://poll.qu.edu/poll-release?releaseid=3961,6/24/2026,15:00:58 19 Aug 2026,8/19/2026,,,901581,9015813,19aug2026
All polls,AlphaROC,Independent Center,7/13/2026,7/14/2026,1000, A,0.4812005,0.2939239,,42.1,37.3,4.799999,44.59873,39.21845,5.38028,https://independentcentervoice.com/insights/republicans-move-sharply-toward-independents-and-the-overall-market-holds,7/16/2026,15:00:58 19 Aug 2026,8/19/2026,,,901639,9016392,19aug2026
All polls,HarrisX,Harvard CAPS,7/11/2026,7/12/2026,, LV,0.5269274,0.2892796,,51,49,2,49.6767,45.33487,4.341831,https://harvardharrispoll.com/key-results-july-2026/,7/15/2026,15:00:58 19 Aug 2026,8/19/2026,,,901637,9016376,19aug2026
All polls,Echelon Insights,,6/18/2026,6/22/2026,1003, LV,0.88186,0.2861444,,51,45,6,49.91322,42.6309,7.282318,https://echeloninsights.com/hubfs/_Media%20for%20Insights%20Blog/Echelon%20Insights%20America%20250%20Survey%20Topline%20-%20External.pdf,6/24/2026,15:00:58 19 Aug 2026,8/19/2026,,,901578,9015782,19aug2026
All polls,Cygnal,,6/2/2026,6/3/2026,1500, LV,1.173832,0.2831377,,49,44,5,48.08506,42.23012,5.854939,https://www.cygn.al/news/poll-independents-arent-who-you-think-they-are-the-left-americas-250-and-who-trump-has-lost-since-the-inauguration/,6/11/2026,15:00:58 19 Aug 2026,8/19/2026,,,901540,9015401,19aug2026
All polls,Data for Progress,,5/15/2026,6/21/2026,5809, LV,1.03428,0.2803863,,51,44,7,49.72847,43.17694,6.551529,https://www.dataforprogress.org/blog/2026/7/9/midterms-swing-voter-report-1,7/9/2026,15:00:58 19 Aug 2026,8/19/2026,,,901624,9016242,19aug2026
All polls,Morning Consult,,8/3/2026,8/9/2026,29719, RV,0.3222994,0.2787369,,47,42,5,49.05877,41.72128,7.33749,https://pro-assets.morningconsult.com/wp-uploads/2026/08/MCPI-Midterm-Ballot.html,8/18/2026,15:00:58 19 Aug 2026,8/19/2026,,,901732,9017321,19aug2026
All polls,The Winston Group,Winning the Issues,5/30/2026,6/2/2026,1000, RV,1.07212,0.2750067,,48,41,7,47.85358,41.15709,6.696491,https://www.winningtheissues.org/2026/06/13/may-2026-winning-the-issues-survey/,7/1/2026,15:00:58 19 Aug 2026,8/19/2026,,,901598,9015982,19aug2026
All polls,Quantus Insights,,7/3/2026,7/7/2026,1140, LV,0.5621678,0.2670159,,47.1,42.3,4.799999,47.55275,42.03176,5.520988,https://quantusinsights.org/polling/f/trump-approval-and-wrong-track-majority-gives-democrats-2026-edge,7/9/2026,15:00:58 19 Aug 2026,8/19/2026,,,901623,9016232,19aug2026
All polls,Ipsos,Reuters,7/24/2026,7/26/2026,1003, RV,0.3614075,0.2587924,,40,38,2,44.99319,41.42639,3.566799,https://www.ipsos.com/en-us/americans-unimpressed-ideas-both-major-parties,7/28/2026,15:00:58 19 Aug 2026,8/19/2026,,,901677,9016775,19aug2026
All polls,AlphaROC,Independent Center,6/27/2026,6/28/2026,1000, RV,0.6160221,0.2564127,,43.1,36.5,6.599998,45.59873,38.41845,7.180279,https://independentcentervoice.com/insights/june-2026-national-survey-on-independent-candidates,7/3/2026,15:00:58 19 Aug 2026,8/19/2026,,,901605,9016052,19aug2026
All polls,Echelon Insights,,6/11/2026,6/14/2026,1012, LV,0.8745056,0.2511206,,50,44,6,48.91322,41.6309,7.282318,https://echeloninsights.com/hubfs/_Media%20for%20Insights%20Blog/June%202026%20Voter%20Omnibus%20Topline%20-%20External.pdf,6/17/2026,15:00:58 19 Aug 2026,8/19/2026,,,901559,9015593,19aug2026
All polls,YouGov,Economist,7/31/2026,8/3/2026,1473, RV,0.3058366,0.249745,,46,42,4,48.47596,43.70036,4.7756,https://d3nkl3psvxxpe9.cloudfront.net/documents/econTabReport_mjKhx0z.pdf,8/4/2026,15:00:58 19 Aug 2026,8/19/2026,,,901700,9017004,19aug2026
All polls,HarrisX,2Way,7/9/2026,7/10/2026,787, LV,0.4688546,0.2457349,,51,49,2,49.6767,45.33487,4.341831,https://www.harrisx.com/content/july-2026-nato-summit-survey-findings-crosstabs,7/11/2026,15:00:58 19 Aug 2026,8/19/2026,,,901628,9016288,19aug2026
All polls,Research Co.,,6/4/2026,6/6/2026,1001, A,0.8606199,0.245672,,38,33,5,40.49399,35.40366,5.090332,https://researchco.ca/2026/06/15/uspoli-june2026/,6/15/2026,15:00:58 19 Aug 2026,8/19/2026,,,901554,9015542,19aug2026
All polls,The Argument/Verasight,,5/29/2026,6/3/2026,3008, RV,1.049377,0.2370964,,53,47,6,49.82795,43.74614,6.08181,https://www.theargumentmag.com/p/the-biggest-issue-in-american-politics,6/10/2026,15:00:58 19 Aug 2026,8/19/2026,,,901533,9015332,19aug2026
All polls,Ipsos,The Washington Post,7/8/2026,7/13/2026,2092, RV,0.4444808,0.2361246,,48,45,3,52.99319,48.42639,4.566799,https://www.washingtonpost.com/politics/2026/07/18/democrats-have-slim-lead-race-house-washington-post-ipsos-poll-finds/,7/20/2026,15:00:58 19 Aug 2026,8/19/2026,,,901640,9016404,19aug2026
All polls,Marquette University Law School,,5/20/2026,5/26/2026,576, LV,1.110906,0.2331033,,49,48,1,46.72448,46.32834,0.3961411,https://law.marquette.edu/poll/2026/06/03/detailed-results-of-the-marquette-law-school-supreme-court-poll-may-20-26-2026-national-issues/,6/3/2026,15:00:58 19 Aug 2026,8/19/2026,,,901511,9015115,19aug2026
All polls,The New York Times/Siena College,,5/11/2026,5/15/2026,1507, RV,1.416832,0.2316502,,50,39,11,49.4258,38.86081,10.56499,https://www.nytimes.com/interactive/2026/05/18/polls/times-siena-national-poll-toplines.html,5/18/2026,15:00:58 19 Aug 2026,8/19/2026,,,901463,9014633,19aug2026
All polls,Clarity Campaign Labs,,5/28/2026,6/5/2026,1045, LV,0.8883518,0.2101562,,48,45,3,46.6091,44.07001,2.539089,https://www.claritycampaigns.com/clarity-omnibus-2026-may,6/13/2026,15:00:58 19 Aug 2026,8/19/2026,,,901547,9015473,19aug2026
All polls,Focaldata,Financial Times,6/26/2026,6/30/2026,1795, RV,0.5559124,0.2091306,,49,42,7,48.3651,41.54081,6.824291,https://www.focaldata.com/blog/ossoffism-and-the-gops-elite-problem,7/6/2026,15:00:58 19 Aug 2026,8/19/2026,,,901610,9016104,19aug2026
All polls,Emerson College,,5/24/2026,5/25/2026,1000, LV,1.003899,0.2068796,,49.8,41.3,8.5,49.83246,42.07551,7.75695,https://emersoncollegepolling.com/may-2026-national-poll/,5/28/2026,15:00:58 19 Aug 2026,8/19/2026,,,901495,9014952,19aug2026
All polls,Bedrock Polling,Third Way,5/20/2026,5/24/2026,1776, RV,0.9660645,0.2063596,,46,41,5,46.50938,41.17711,5.332272,https://www.thirdway.org/memo/americans-blame-the-government-for-high-health-costs-and-want-it-to-rein-in-the-industry,8/11/2026,15:00:58 19 Aug 2026,8/19/2026,,,901714,9017142,19aug2026
All polls,Morning Consult,,7/27/2026,8/2/2026,24000, RV,0.2632867,0.2031543,,46.2,42.1,4.100002,48.25877,41.82128,6.437489,https://pro-assets.morningconsult.com/wp-uploads/2026/08/MCPI-Midterm-Ballot.html,8/6/2026,15:00:58 19 Aug 2026,8/19/2026,,,901705,9017051,19aug2026
All polls,YouGov,Economist,7/25/2026,7/27/2026,1407, RV,0.2732405,0.1983117,,46,42,4,48.47596,43.70036,4.7756,https://d3nkl3psvxxpe9.cloudfront.net/documents/econTabReport_0t0YpHo.pdf,7/28/2026,15:00:58 19 Aug 2026,8/19/2026,,,901678,9016786,19aug2026
All polls,The Bullfinch Group,Independent Center,6/12/2026,6/16/2026,1000, RV,0.5997337,0.1929775,,44,36,8,46.20786,39.69843,6.50943,https://independentcentervoice.com/insights/the-local-antidote-how-stepping-away-from-national-screens-unites-americans,6/19/2026,15:00:58 19 Aug 2026,8/19/2026,,,901569,9015696,19aug2026
All polls,YouGov,CBS News,7/22/2026,7/24/2026,1474, RV,0.2694625,0.1850204,,47,40,7,49.47596,41.70036,7.7756,https://www.cbsnews.com/news/cbs-poll-analysis-cost-of-living-democrats-republicans/,7/31/2026,15:00:58 19 Aug 2026,8/19/2026,,,901693,9016931,19aug2026
All polls,The Rainey Center,,5/17/2026,5/18/2026,1000, LV,0.9496727,0.1828462,,45,43,2,45.75532,42.6707,3.084621,https://www.raineycenter.org/polling/data-centers-voters-are-persuadable-but-they-want-accountability-and-clean-energy,6/19/2026,15:00:58 19 Aug 2026,8/19/2026,,,901568,9015681,19aug2026
All polls,Rasmussen Reports,,5/13/2026,5/20/2026,2161, LV,1.150586,0.1804,,47,41,6,48.12323,40.90679,7.216438,https://www.rasmussenreports.com/public_content/politics/mood_of_america/generic_congressional_ballot_may25,6/10/2026,15:00:58 19 Aug 2026,8/19/2026,,REP,901534,9015341,19aug2026
All polls,AtlasIntel,,5/4/2026,5/7/2026,2069, A,1.315043,0.1683039,,54.6,40.1,14.5,51.36071,40.83691,10.5238,https://www.atlasintel.org/poll/usa-national-2026-05-11,5/12/2026,15:00:58 19 Aug 2026,8/19/2026,,,901449,9014493,19aug2026
All polls,YouGov,Economist,7/17/2026,7/20/2026,1432, RV,0.2584069,0.1636723,,46,41,5,48.47596,42.70036,5.7756,https://d3nkl3psvxxpe9.cloudfront.net/documents/econTabReport_ESdiNMa.pdf,7/21/2026,15:00:58 19 Aug 2026,8/19/2026,,,901658,9016586,19aug2026
All polls,Morning Consult,,7/20/2026,7/26/2026,24000, RV,0.2401218,0.1628813,,45.7,42.7,3,47.75877,42.42128,5.33749,https://pro-assets.morningconsult.com/wp-uploads/2026/07/MCPI-Midterm-Ballot_260727.html,7/29/2026,15:00:58 19 Aug 2026,8/19/2026,,,901682,9016821,19aug2026
All polls,Verasight,Strength in Numbers,6/17/2026,6/22/2026,1896, RV,0.5369082,0.1624438,,50,43,7,48.17176,43.07751,5.09425,https://www.gelliottmorris.com/p/2026-06-24-june-strength-in-numbers-verasight-poll,6/24/2026,15:00:58 19 Aug 2026,8/19/2026,,,901580,9015804,19aug2026
All polls,RMG Research,Napolitan News Service,6/1/2026,6/4/2026,2000, RV,0.7226086,0.1561256,,49,45,4,49.60815,42.61016,6.99799,https://napolitannews.org/posts/generic-ballot-dem-49-percent-gop-45-dems-more-enthusiastic,6/5/2026,15:00:58 19 Aug 2026,8/19/2026,,,901520,9015201,19aug2026
All polls,Quantus Insights,,6/16/2026,6/17/2026,1000, LV,0.5137961,0.1500543,,47,43,4,47.45275,42.73177,4.720982,https://polls.quantusinsights.org/polls/national-approval-june-17?tab=toplines,6/19/2026,15:00:58 19 Aug 2026,8/19/2026,,,901566,9015662,19aug2026
All polls,The Bullfinch Group,Independent Center,5/29/2026,6/2/2026,1000, RV,0.5960003,0.1468657,,42,36,6,44.20786,39.69843,4.50943,https://www.thebullfinchgroup.com/post/public-release-of-bullfinch-q2-nationwide-survey-4,6/4/2026,15:00:58 19 Aug 2026,8/19/2026,,,901514,9015144,19aug2026
All polls,Quinnipiac University,,5/14/2026,5/18/2026,1106, RV,0.9114119,0.1462301,,50,39,11,49.1162,39.58134,9.534859,https://poll.qu.edu/poll-release?releaseid=3959,5/21/2026,15:00:58 19 Aug 2026,8/19/2026,,,901477,9014773,19aug2026
All polls,Change Research,,6/10/2026,6/17/2026,1714, RV,0.5553575,0.1461872,,43,38,5,44.4683,38.59066,5.87764,https://portal.changeresearch.com/portal/projects/92fca10b-bc07-4b9c-9d7b-f281ec087a74,7/23/2026,15:00:58 19 Aug 2026,8/19/2026,,,901666,9016662,19aug2026
All polls,Impact Research/National Research ,Wall Street Journal,5/7/2026,5/18/2026,1500, RV,0.9035828,0.1438361,,48,40,8,48.09621,40.17228,7.923931,https://www.wsj.com/politics/policy/trump-republican-congress-control-98a13bd9,5/24/2026,15:00:58 19 Aug 2026,8/19/2026,,,901486,9014864,19aug2026
All polls,YouGov,Economist,7/10/2026,7/13/2026,1450, RV,0.2507138,0.1348509,,46,42,4,48.47596,43.70036,4.7756,https://d3nkl3psvxxpe9.cloudfront.net/documents/econTabReport_ie0SzVb.pdf,7/14/2026,15:00:58 19 Aug 2026,8/19/2026,,,901633,9016335,19aug2026
All polls,Echelon Insights,,5/14/2026,5/18/2026,1008, LV,0.8581508,0.1286248,,51,43,8,49.91322,40.6309,9.282318,https://echeloninsights.com/insights/may-2026-verified-voter-omnibus,5/19/2026,15:00:58 19 Aug 2026,8/19/2026,,,901468,9014682,19aug2026
All polls,John Zogby Strategies,,5/21/2026,5/22/2026,1000, LV,0.7065538,0.1252828,,49.2,42,7.200001,48.98377,41.75523,7.228539,https://johnzogbystrategies.com/the-latest-zogby-political-poll-trump-economic-concerns-war-trends-05-22-26/,5/22/2026,15:00:58 19 Aug 2026,8/19/2026,,,901484,9014842,19aug2026
All polls,Quantus Insights,,6/1/2026,6/2/2026,1050, LV,0.5386131,0.118561,,47,42.3,4.700001,47.45275,42.03176,5.42099,https://quantusinsights.org/f/quantus-insights-trump-underwater-democrats-hold-edge,6/4/2026,15:00:58 19 Aug 2026,8/19/2026,,,901513,9015132,19aug2026
All polls,Cygnal,Conservative Energy Network,5/4/2026,5/7/2026,1500, LV,1.094602,0.1172485,,48,41,7,47.259,39.05618,8.20282,https://conservativeenergynetwork.org/new-national-poll-americans-demand-action-on-rising-energy-costs-support-modernizing-the-grid-and-expanding-domestic-energy-production/,5/27/2026,15:00:58 19 Aug 2026,8/19/2026,,REP,901493,9014931,19aug2026
All polls,Cygnal,,5/5/2026,5/6/2026,1500, LV,1.094602,0.1172485,,48.5,42.4,6.099998,47.58506,40.63012,6.954941,https://www.cygn.al/polls/may-2026-national-voter-trends-nvt-poll/,5/13/2026,15:00:58 19 Aug 2026,8/19/2026,,,901455,9014552,19aug2026
All polls,McLaughlin & Associates,,6/17/2026,6/23/2026,1000, LV,0.3943801,0.1121895,,46,43,3,47.67063,41.27132,6.399311,https://mclaughlinonline.com/pols/wp-content/uploads/2026/06/National-June-Presentation-RELEASE-June-2026.pdf,6/26/2026,15:00:58 19 Aug 2026,8/19/2026,,,901590,9015901,19aug2026
All polls,Public Opinion Strategies,CoinDesk,4/21/2026,4/27/2026,1000, RV,1.202772,0.1116497,,44,41,3,44.89045,40.81695,4.073498,https://www.coindesk.com/policy/2026/05/03/crypto-is-at-the-bottom-of-u-s-voters-priorities-heading-into-the-midterm-coindesk-survey-shows,5/4/2026,15:00:58 19 Aug 2026,8/19/2026,,,901419,9014191,19aug2026
All polls,Focaldata,Financial Times,5/29/2026,6/1/2026,1537, RV,0.5345061,0.1091921,,48,43,5,47.3651,42.54081,4.824291,https://www.focaldata.com/blog/trump-inflation-approval-crashes-to-record-low,6/7/2026,15:00:58 19 Aug 2026,8/19/2026,,,901521,9015214,19aug2026
All polls,Marist University,NPR | PBS News,4/27/2026,4/30/2026,1155, RV,1.104741,0.1077883,,52,42,10,49.44095,41.92122,7.51973,https://maristpoll.marist.edu/polls/president-trump-while-at-war-may-2026/,5/6/2026,15:00:58 19 Aug 2026,8/19/2026,,,901433,9014334,19aug2026
All polls,YouGov,Economist,7/3/2026,7/6/2026,1443, RV,0.2446877,0.1076017,,46,43,3,48.47596,44.70036,3.7756,https://d3nkl3psvxxpe9.cloudfront.net/documents/econTabReport_Qxo6bev.pdf,7/7/2026,15:00:58 19 Aug 2026,8/19/2026,,,901614,9016144,19aug2026
All polls,Ipsos,Reuters,6/3/2026,6/8/2026,3578, RV,0.4921606,0.1065676,,41,37,4,45.99319,40.42639,5.566799,https://www.ipsos.com/en-us/reutersipsos-june-2026-poll,6/8/2026,15:00:58 19 Aug 2026,8/19/2026,,,901524,9015245,19aug2026
All polls,Data for Progress,,5/15/2026,5/18/2026,1149, LV,0.5775459,0.1028193,,51,43,8,49.72847,42.17694,7.551529,https://www.dataforprogress.org/blog/2026/5/21/democrats-lead-the-generic-ballot-by-8-points-as-midterms-approach,5/21/2026,15:00:58 19 Aug 2026,8/19/2026,,,901478,90147813,19aug2026
All polls,Beacon Research/Shaw & Company Research,FOX News,4/17/2026,4/20/2026,1001, RV,1.122746,0.087137,,52,47,5,50.01414,45.59692,4.417221,https://www.foxnews.com/politics/fox-news-poll-economic-gloom-trump-ratings-signal-tough-gop-midterm-path,4/23/2026,15:00:58 19 Aug 2026,8/19/2026,,,901387,9013872,19aug2026
All polls,HarrisX,Forbes,5/20/2026,6/7/2026,1137, LV,0.4213265,0.0842998,,46,45,1,44.6767,41.33487,3.341831,https://www.harrisx.com/content/forbes-harrisx-american-confidence-tracker-june-2026,6/12/2026,15:00:58 19 Aug 2026,8/19/2026,,,901545,9015456,19aug2026
All polls,Ipsos,Reuters,6/18/2026,6/22/2026,978, RV,0.3144037,0.0836732,,41,36,5,45.99319,39.42639,6.566799,https://www.ipsos.com/en-us/few-expect-us-iran-preliminary-agreement-bring-lasting-peace,6/24/2026,15:00:58 19 Aug 2026,8/19/2026,,,901577,9015774,19aug2026
All polls,HarrisX/Harris Poll,Harvard CAPS,5/29/2026,5/31/2026,, LV,0.4030475,0.0821083,,52,48,4,50.6767,44.33487,6.341831,https://harvardharrispoll.com/key-results-may-2026/,6/2/2026,15:00:58 19 Aug 2026,8/19/2026,,,901509,9015095,19aug2026
All polls,YouGov,Economist,6/26/2026,6/29/2026,1428, RV,0.240059,0.0815886,,45,42,3,47.47596,43.70036,3.7756,https://d3nkl3psvxxpe9.cloudfront.net/documents/econTabReport_1tbbxVr.pdf,6/30/2026,15:00:58 19 Aug 2026,8/19/2026,,,901596,9015966,19aug2026
All polls,Ipsos,Reuters,6/12/2026,6/15/2026,1195, RV,0.3303177,0.0806333,,41,38,3,45.99319,41.42639,4.566799,https://www.ipsos.com/en-us/reutersipsos-june-2026-poll-0,6/15/2026,15:00:58 19 Aug 2026,8/19/2026,,,901555,9015554,19aug2026
All polls,Emerson College,,4/24/2026,4/26/2026,1000, LV,1.033731,0.0804871,,50.3,40.2,10.1,50.33246,40.97551,9.356949,https://emersoncollegepolling.com/april-2026-national-poll/,4/29/2026,15:00:58 19 Aug 2026,8/19/2026,,,901405,9014052,19aug2026
All polls,Morning Consult,Cato Institute,6/29/2026,7/5/2026,24000, RV,0.2018443,0.079332,,45.4,42.1,3.300003,47.45877,41.82128,5.637489,https://pro-assets.morningconsult.com/wp-uploads/2026/07/MCPI-Midterm-Ballot_260706.html,7/7/2026,15:00:58 19 Aug 2026,8/19/2026,,,901617,9016171,19aug2026
All polls,GBAO,Third Way,4/8/2026,4/15/2026,2000, RV,1.12634,0.0740648,,48,40,8,47.80408,40.4432,7.360882,https://www.thirdway.org/memo/the-cost-of-misplaced-priorities-trumps-coalition-frays,5/12/2026,15:00:58 19 Aug 2026,8/19/2026,,,901453,9014532,19aug2026
All polls,KFF,,4/14/2026,4/19/2026,1107, RV,1.009139,0.0738637,,43,34,9,43.62521,35.43788,8.187328,https://www.kff.org/public-opinion/kff-health-tracking-poll-health-care-costs-and-the-midterms/,4/29/2026,15:00:58 19 Aug 2026,8/19/2026,,,901407,9014071,19aug2026
All polls,Marquette University Law School,,4/8/2026,4/16/2026,576, LV,1.164264,0.0733354,,53,43,10,50.72448,41.32834,9.396141,https://law.marquette.edu/poll/2026/04/22/detailed-results-of-the-marquette-law-school-supreme-court-poll-april-8-16-2026-national-issues/,4/22/2026,15:00:58 19 Aug 2026,8/19/2026,,,901385,9013855,19aug2026
All polls,Verasight,Strength in Numbers,5/18/2026,5/19/2026,1413, RV,0.4245336,0.0676053,,51,43,8,49.17176,43.07751,6.09425,https://www.gelliottmorris.com/p/2026-05-26-may-strength-in-numbers-verasight-poll,5/26/2026,15:00:58 19 Aug 2026,8/19/2026,,,901490,9014904,19aug2026
All polls,Hart Research Associates/Public Opinion Strategies,CNBC,4/15/2026,4/19/2026,1000, RV,0.9908994,0.0673482,,49,45,4,47.68138,43.41261,4.268772,https://www.cnbc.com/2026/04/23/trumps-approval-rating-on-economy-and-overall-falls-to-lowest-of-his-two-terms-cnbc-survey-shows.html,4/23/2026,15:00:58 19 Aug 2026,8/19/2026,,,901388,9013882,19aug2026
All polls,Verasight/Morris Predictive Insights,Unite Here,5/18/2026,5/20/2026,2000, A,0.4090108,0.0651334,,52,41,11,50.17176,41.07751,9.09425,https://www.politico.com/newsletters/playbook/2026/05/22/pod-save-nobody-00933436,5/22/2026,15:00:58 19 Aug 2026,8/19/2026,,,901483,9014832,19aug2026
All polls,Clarity Campaign Labs,,4/15/2026,4/24/2026,1000, LV,0.915647,0.0629052,,50,45,5,48.6091,44.07001,4.539089,https://www.claritycampaigns.com/clarity-omnibus-2026-april,5/5/2026,15:00:58 19 Aug 2026,8/19/2026,,,901432,9014322,19aug2026
All polls,YouGov,Economist,6/19/2026,6/22/2026,1517, RV,0.2426469,0.0628243,,45,43,2,47.47596,44.70036,2.7756,https://d3nkl3psvxxpe9.cloudfront.net/documents/econTabReport_v8p0Pe8.pdf,6/23/2026,15:00:58 19 Aug 2026,8/19/2026,,,901575,9015755,19aug2026
All polls,RMG Research,Napolitan News Service,5/4/2026,5/6/2026,2000, RV,0.6749167,0.0622477,,50,41,9,50.60815,38.61016,11.99799,https://napolitannews.org/posts/generic-ballot-dem-50-percent-gop-41-dems-also-more-enthusiastic,5/8/2026,15:00:58 19 Aug 2026,8/19/2026,,,901441,9014411,19aug2026
All polls,CNN/SSRS,,4/30/2026,5/4/2026,1156, RV,0.6420226,0.0592024,,45,42,3,44.82885,41.79492,3.033928,https://www.cnn.com/2026/05/12/politics/cnn-poll-midterms-affordability-politics-impact,5/12/2026,15:00:58 19 Aug 2026,8/19/2026,,,901448,9014483,19aug2026
All polls,Focaldata,Financial Times,5/1/2026,5/5/2026,3167, RV,0.7569599,0.0586271,,49,42,7,48.3651,41.54081,6.824291,https://www.focaldata.com/blog/democrats-lead-economy-focaldata-financial-times-poll,5/11/2026,15:00:58 19 Aug 2026,8/19/2026,,,901444,9014444,19aug2026
All polls,Morning Consult,,6/22/2026,6/28/2026,24000, RV,0.1945681,0.0573674,,45.5,42.4,3.099998,47.55877,42.12128,5.437489,https://pro-assets.morningconsult.com/wp-uploads/2026/07/MCPI-Midterm-Ballot_260701.html,7/2/2026,15:00:58 19 Aug 2026,8/19/2026,,,901600,9016001,19aug2026
All polls,Change Research,,5/5/2026,5/10/2026,2244, RV,0.5590022,0.0564387,,45,42,3,46.4683,42.59066,3.87764,https://portal.changeresearch.com/portal/projects/07dc6ff6-bb96-4bc5-a138-90b0ab3b22db,6/15/2026,15:00:58 19 Aug 2026,8/19/2026,,,901552,9015522,19aug2026
All polls,Echelon Insights,NetChoice,4/3/2026,4/9/2026,2880, LV,1.224187,0.0550715,,50,45,5,48.91322,42.6309,6.282318,https://netchoice.org/wp-content/uploads/2026/04/NetChoice-Apr-2026-National-Antitrust-Survey-Topline.pdf,4/21/2026,15:00:58 19 Aug 2026,8/19/2026,,,901377,9013772,19aug2026
All polls,Echelon Insights,,4/17/2026,4/20/2026,1012, LV,0.8186526,0.0545526,,50,44,6,48.91322,41.6309,7.282318,https://echeloninsights.com/insights/april-2026-verified-voter-omnibus,4/21/2026,15:00:58 19 Aug 2026,8/19/2026,,,901381,9013813,19aug2026
All polls,Morning Consult,,7/17/2026,7/19/2026,2200, RV,0.0883715,0.0539531,,46,43,3,48.05877,42.72128,5.33749,https://intel.morningconsult.com/mc-content/trackers/donald-trump-congress-policy-republicans-polling,7/21/2026,15:00:58 19 Aug 2026,8/19/2026,,,901657,9016572,19aug2026
All polls,YouGov,Economist,6/13/2026,6/15/2026,1403, RV,0.2288262,0.0528754,,46,44,2,48.47596,45.70036,2.7756,https://d3nkl3psvxxpe9.cloudfront.net/documents/econTabReport_GpnDRNm.pdf,6/16/2026,15:00:58 19 Aug 2026,8/19/2026,,,901557,9015575,19aug2026
All polls,The Argument/Verasight,,4/20/2026,4/23/2026,1516, RV,0.7792228,0.051834,,53,47,6,49.82795,43.74614,6.08181,https://www.theargumentmag.com/p/why-democrats-cant-win-more-trump,4/29/2026,15:00:58 19 Aug 2026,8/19/2026,,,901406,9014062,19aug2026
All polls,Morning Consult,,6/15/2026,6/21/2026,29540, RV,0.2093936,0.0505161,,45.6,42,3.599998,47.65877,41.72128,5.937492,https://pro-assets.morningconsult.com/wp-uploads/2026/06/MCPI-Midterm-Ballot_260622.html,6/25/2026,15:00:58 19 Aug 2026,8/19/2026,,,901585,9015851,19aug2026
All polls,McLaughlin & Associates,America's New Majority Project,5/14/2026,5/18/2026,2000, RV,0.3457793,0.0489152,,39,36,3,40.84715,34.0948,6.75235,https://www.americasnewmajorityproject.net/p/democrat-lawmakers-are-taking-positions,6/17/2026,15:00:58 19 Aug 2026,8/19/2026,,REP,901560,9015601,19aug2026
All polls,Tavern Research,,4/6/2026,4/9/2026,502, LV,0.8057504,0.0475971,,44,43,1,44.86461,42.76188,2.10273,https://www.tavernresearch.com/research-and-writings/cutting-room-floor-april-10-2026,5/12/2026,15:00:58 19 Aug 2026,8/19/2026,,,901452,9014521,19aug2026
All polls,Quantus Insights,,4/21/2026,4/23/2026,1452, LV,0.6944149,0.0474454,,46.5,42.3,4.200001,46.95275,42.03176,4.92099,https://quantusinsights.org/f/quantus-survey-a-divided-electorate-a-narrow-democratic-edge,4/24/2026,15:00:58 19 Aug 2026,8/19/2026,,,901394,9013942,19aug2026
All polls,YouGov,Economist,6/5/2026,6/8/2026,1438, RV,0.2223572,0.0459149,,45,41,4,47.47596,42.70036,4.7756,https://d3nkl3psvxxpe9.cloudfront.net/documents/econTabReport_nvajahp.pdf,6/9/2026,15:00:58 19 Aug 2026,8/19/2026,,,901525,9015254,19aug2026
All polls,Morning Consult,,7/10/2026,7/13/2026,2200, RV,0.0839257,0.0444236,,46,43,3,48.05877,42.72128,5.33749,https://drive.google.com/file/d/1cggsijQl76RMmlpuDL991Z3uyHfXfiZh/view,7/14/2026,15:00:58 19 Aug 2026,8/19/2026,,,901634,9016342,19aug2026
All polls,McLaughlin & Associates,,5/12/2026,5/18/2026,1000, LV,0.3196535,0.0437046,,46,42,4,47.67063,40.27132,7.399311,https://mclaughlinonline.com/2026/05/22/national-monthly-may-2026/,5/23/2026,15:00:58 19 Aug 2026,8/19/2026,,,901485,9014851,19aug2026
All polls,Survey160,,4/9/2026,4/12/2026,1539, RV,0.7204021,0.0435351,,47,37,10,47.21133,39.14129,8.070042,https://www.survey160.com/methodological-research-blog/survey-160-tracking-poll-april-2026,4/23/2026,15:00:58 19 Aug 2026,8/19/2026,,,901389,9013892,19aug2026
All polls,John Zogby Strategies,,4/17/2026,4/18/2026,1001, LV,0.6438755,0.0424625,,48.3,44.4,3.899998,48.08377,44.15524,3.928532,https://johnzogbystrategies.com/wp-content/uploads/2026/04/Brand-New-Zogby-Poll-Amid-War-Confusion-04.20.26.html,4/21/2026,15:00:58 19 Aug 2026,8/19/2026,,,901370,9013702,19aug2026
All polls,Cygnal,,4/2/2026,4/3/2026,1500, LV,1.097585,0.0423725,,48.8,43.3,5.5,47.88506,41.53012,6.354939,https://www.cygn.al/wp-content/uploads/2026/04/23738-Cygnal-National-Apr26-NVT-Deck-Public.pdf,4/8/2026,15:00:58 19 Aug 2026,8/19/2026,,,901340,9013402,19aug2026
All polls,HarrisX,Forbes,4/29/2026,5/5/2026,1891, LV,0.4879561,0.0410859,,48,42,6,46.6767,38.33487,8.341831,https://www.harrisx.com/posts/forbes-and-harrisx-partner-on-new-american-confidence-survey-as-gallup-ends-approval-polling,5/5/2026,15:00:58 19 Aug 2026,8/19/2026,,,901435,9014356,19aug2026
All polls,Morning Consult,,6/8/2026,6/14/2026,24000, RV,0.1899289,0.0400883,,45.8,41.9,3.899998,47.85877,41.62128,6.237488,https://pro-assets.morningconsult.com/wp-uploads/2026/06/MCPI-Midterm-Ballot_260622.html,6/25/2026,15:00:58 19 Aug 2026,8/19/2026,,,901584,9015841,19aug2026
All polls,YouGov,Economist,5/29/2026,6/1/2026,1453, RV,0.2154378,0.0390564,,46,42,4,48.47596,43.70036,4.7756,https://d3nkl3psvxxpe9.cloudfront.net/documents/econTabReport_AvLU7vY.pdf,6/2/2026,15:00:58 19 Aug 2026,8/19/2026,,,901508,9015085,19aug2026
All polls,Ipsos,Reuters,5/15/2026,5/18/2026,984, RV,0.2808252,0.038394,,39,38,1,43.99319,41.42639,2.566799,https://www.ipsos.com/en-us/americas-frustration-cost-living-continues-rise,5/19/2026,15:00:58 19 Aug 2026,8/19/2026,,,901469,9014695,19aug2026
All polls,Morning Consult,,6/1/2026,6/7/2026,29264, RV,0.2021731,0.0370424,,46,42,4,48.05877,41.72128,6.33749,https://intel.morningconsult.com/mc-content/trackers/2026-midterm-election-generic-ballot-polls,6/10/2026,15:00:58 19 Aug 2026,8/19/2026,,,901537,9015371,19aug2026
All polls,HarrisX,Harvard CAPS,4/23/2026,4/26/2026,1963, LV,0.5035129,0.0364125,,50,50,0,48.6767,46.33487,2.341831,https://harvardharrispoll.com/key-results-april-2026/,4/28/2026,15:00:58 19 Aug 2026,8/19/2026,,,901402,9014026,19aug2026
All polls,YouGov,Economist,5/22/2026,5/26/2026,1397, RV,0.2052118,0.0318356,,46,41,5,48.47596,42.70036,5.7756,https://d3nkl3psvxxpe9.cloudfront.net/documents/econTabReport_aWdgoE7.pdf,5/27/2026,15:00:58 19 Aug 2026,8/19/2026,,,901492,9014924,19aug2026
All polls,Ipsos,Reuters,5/8/2026,5/11/2026,993, RV,0.2818314,0.0299704,,41,35,6,45.99319,38.42639,7.566799,https://www.ipsos.com/en-us/two-thirds-say-rising-gas-prices-have-affected-their-household-finances,5/11/2026,15:00:58 19 Aug 2026,8/19/2026,,,901445,9014455,19aug2026
All polls,RMG Research,Napolitan News Service,4/6/2026,4/9/2026,2000, RV,0.6660589,0.0290154,,49,44,5,49.60815,41.61016,7.99799,https://napolitannews.org/posts/generic-ballot-dem-45-percent-gop-42-dems-also-more-enthusiastic,4/10/2026,15:00:58 19 Aug 2026,8/19/2026,,,901349,9013491,19aug2026
All polls,YouGov,CBS News,5/13/2026,5/15/2026,1397, LV,0.2444323,0.028106,,45,40,5,47.47596,41.70036,5.7756,https://www.cbsnews.com/news/redistricting-elections-opinion-poll-19-may-2026/,5/20/2026,15:00:58 19 Aug 2026,8/19/2026,,,901460,9014603,19aug2026
All polls,YouGov,Economist,5/15/2026,5/18/2026,1380, RV,0.2004626,0.0255014,,46,43,3,48.47596,44.70036,3.7756,https://d3nkl3psvxxpe9.cloudfront.net/documents/econTabReport_YTE4G2g.pdf,5/19/2026,15:00:58 19 Aug 2026,8/19/2026,,,901467,9014675,19aug2026
All polls,YouGov,Pennsylvania State University McCourtney Institute for Democracy,5/19/2026,5/26/2026,862, RV,0.1680124,0.025402,,41,37,4,43.47596,38.70036,4.7756,https://democracy.psu.edu/poll-report-archive/fewer-than-four-in-ten-americans-think-president-trump-is-doing-a-good-job/,6/4/2026,15:00:58 19 Aug 2026,8/19/2026,,,901516,9015161,19aug2026
All polls,Ipsos,Reuters,4/15/2026,4/20/2026,3577, RV,0.4646374,0.0253186,,41,38,3,45.99319,41.42639,4.566799,https://www.ipsos.com/en-us/americans-remain-skeptical-trumps-handling-inflation,4/21/2026,15:00:58 19 Aug 2026,8/19/2026,,,901376,9013764,19aug2026
All polls,Ipsos,The Washington Post | ABC News,4/24/2026,4/28/2026,2059, RV,0.3662921,0.0243239,,49,44,5,53.99319,47.42639,6.566799,https://www.washingtonpost.com/politics/2026/05/03/trump-approval-ratings-poll/ ,5/4/2026,15:00:58 19 Aug 2026,8/19/2026,,,901417,9014174,19aug2026
All polls,Morning Consult,,5/18/2026,5/24/2026,24849, RV,0.1885273,0.0237637,,46,42,4,48.05877,41.72128,6.33749,https://intel.morningconsult.com/mc-content/trackers/2026-midterm-election-generic-ballot-polls,5/31/2026,15:00:58 19 Aug 2026,8/19/2026,,,901503,9015031,19aug2026
All polls,Morning Consult,,6/26/2026,6/28/2026,2002, RV,0.0725775,0.0234822,,46,42,4,48.05877,41.72128,6.33749,https://drive.google.com/file/d/1r9X_-vXE-Kkv1lXR5cu1KtWd-LAEMSJW/view,6/29/2026,15:00:58 19 Aug 2026,8/19/2026,,,901594,9015942,19aug2026
All polls,Verasight,Strength in Numbers,4/10/2026,4/14/2026,1386, RV,0.4638788,0.0222874,,50,43,7,48.17176,43.07751,5.09425,https://www.gelliottmorris.com/p/2026-04-21-april-strength-in-numbers-verasight-poll,4/21/2026,15:00:58 19 Aug 2026,8/19/2026,,,901375,9013754,19aug2026
All polls,Change Research,,4/3/2026,4/7/2026,2702, RV,0.5463405,0.021064,,47,42,5,48.4683,42.59066,5.87764,https://changeresearch.com/who-do-voters-want-in-2028/,5/14/2026,15:00:58 19 Aug 2026,8/19/2026,,,901415,9014153,19aug2026
All polls,Quantus Insights,,3/25/2026,3/26/2026,1472, LV,0.7794808,0.0203823,,47,41.3,5.700001,47.45275,41.03176,6.42099,https://quantusinsights.org/f/new-quantus-survey-a-sour-national-mood-and-a-midterm-warning,4/6/2026,15:00:58 19 Aug 2026,8/19/2026,,,901332,9013322,19aug2026
All polls,YouGov,Economist,5/9/2026,5/11/2026,1410, RV,0.2011232,0.019758,,45,40,5,47.47596,41.70036,5.7756,https://d3nkl3psvxxpe9.cloudfront.net/documents/econTabReport_ONiR6Nb.pdf,5/12/2026,15:00:58 19 Aug 2026,8/19/2026,,,901447,9014475,19aug2026
All polls,Morning Consult,,5/11/2026,5/17/2026,28525, RV,0.1980191,0.0196892,,46,42,4,48.05877,41.72128,6.33749,https://intel.morningconsult.com/mc-content/trackers/2026-midterm-election-generic-ballot-polls,5/22/2026,15:00:58 19 Aug 2026,8/19/2026,,,901481,9014811,19aug2026
All polls,Morning Consult,Cato Institute,6/25/2026,6/26/2026,2253, A,0.0635074,0.0196455,,45,39,6,47.05877,38.72128,8.33749,https://www.cato.org/sites/cato.org/files/2026-07/Cato%20Fourth%20of%20July%202026%20Survey%20Toplines.pdf,7/2/2026,15:00:58 19 Aug 2026,8/19/2026,,,901602,9016022,19aug2026
All polls,Quinnipiac University,,3/19/2026,3/23/2026,1191, RV,1.016783,0.0185876,,51,40,11,50.1162,40.58134,9.534859,https://poll.qu.edu/poll-release?releaseid=3953,3/25/2026,15:00:58 19 Aug 2026,8/19/2026,,,901302,9013023,19aug2026
All polls,Ipsos,Reuters,4/24/2026,4/27/2026,1014, RV,0.2759133,0.0183222,,41,37,4,45.99319,40.42639,5.566799,https://www.ipsos.com/en-us/americans-increasingly-feel-economy-wrong-track,4/28/2026,15:00:58 19 Aug 2026,8/19/2026,,,901403,9014035,19aug2026
All polls,CNN/SSRS,,3/26/2026,3/30/2026,951, RV,0.5890754,0.0180118,,48,42,6,47.82885,41.79492,6.033928,https://www.documentcloud.org/documents/27964261-cnn-poll-conducted-by-ssrs-trump-approval-economy/,4/3/2026,15:00:58 19 Aug 2026,8/19/2026,,,901318,9013184,19aug2026
All polls,McLaughlin & Associates,,4/8/2026,4/15/2026,1000, LV,0.3303414,0.0155695,,47,43,4,48.67063,41.27132,7.399311,https://mclaughlinonline.com/pols/wp-content/uploads/2026/04/National-April-Release-Presentation-4-16-26.pdf,4/17/2026,15:00:58 19 Aug 2026,8/19/2026,,,901365,9013651,19aug2026
All polls,YouGov,Economist,5/1/2026,5/4/2026,1409, RV,0.2007299,0.0138819,,44,41,3,46.47596,42.70036,3.7756,https://d3nkl3psvxxpe9.cloudfront.net/documents/econTabReport_i4K4elJ.pdf,5/5/2026,15:00:58 19 Aug 2026,8/19/2026,,,901429,9014295,19aug2026
All polls,Rasmussen Reports,,3/16/2026,3/19/2026,2222, LV,1.171124,0.0135356,,45,42,3,46.12323,41.90679,4.216438,https://www.rasmussenreports.com/platinum/political_tracking_crosstabs/march_2026/crosstabs_generic_congressional_ballot_march_16_19_and_22_23_2026#google_vignette,3/26/2026,15:00:58 19 Aug 2026,8/19/2026,,REP,901306,9013061,19aug2026
All polls,YouGov,Economist,4/24/2026,4/27/2026,1647, RV,0.2117996,0.0124549,,46,41,5,48.47596,42.70036,5.7756,https://d3nkl3psvxxpe9.cloudfront.net/documents/econTabReport_Ty7ikPd.pdf,4/28/2026,15:00:58 19 Aug 2026,8/19/2026,,,901399,9013995,19aug2026
All polls,HarrisX,Harvard CAPS,3/25/2026,3/26/2026,1475, LV,0.5103771,0.0120436,,52,48,4,50.6767,44.33487,6.341831,https://harvardharrispoll.com/wp-content/uploads/2026/03/HHP_Mar2026_KeyResults.pdf,3/30/2026,15:00:58 19 Aug 2026,8/19/2026,,,901313,9013137,19aug2026
All polls,Emerson College,,3/16/2026,3/17/2026,1000, LV,1.024286,0.0107407,,49.2,41.5,7.700001,49.23246,42.27551,6.956951,https://emersoncollegepolling.com/march-2026-national-poll-47-oppose-us-military-action-in-iran-40-support/,3/20/2026,15:00:58 19 Aug 2026,8/19/2026,,,901231,9012312,19aug2026
All polls,Yale University Institution for Social and Policy Studies,,3/9/2026,3/23/2026,3429, RV,1.03154,0.0102845,,46,43.7,2.299999,46.96408,43.68708,3.277,https://youthpoll.yale.edu/spring-2026-results,4/13/2026,15:00:58 19 Aug 2026,8/19/2026,,,901353,9013532,19aug2026
All polls,YouGov,Economist,4/17/2026,4/20/2026,1553, RV,0.2054819,0.0102448,,45,40,5,47.47596,41.70036,5.7756,https://d3nkl3psvxxpe9.cloudfront.net/documents/econTabReport_I24AWdp.pdf,4/21/2026,15:00:58 19 Aug 2026,8/19/2026,,,901380,9013805,19aug2026
All polls,The Winston Group,Winning the Issues,3/15/2026,3/17/2026,1000, RV,1.019396,0.0094702,,49,40,9,49.17838,39.8323,9.346081,https://www.winningtheissues.org/wp-content/uploads/2026/04/March-2026-Winning-the-Issues-Survey.pdf,4/9/2026,15:00:58 19 Aug 2026,8/19/2026,,REP,901343,9013432,19aug2026
All polls,Morning Consult,,4/20/2026,4/26/2026,28235, RV,0.176765,0.008807,,45,42,3,47.05877,41.72128,5.33749,https://pro.morningconsult.com/trackers/2026-midterm-election-generic-ballot-polls,4/28/2026,15:00:58 19 Aug 2026,8/19/2026,,,901401,9014011,19aug2026
All polls,YouGov,Economist,4/10/2026,4/13/2026,1573, RV,0.2048714,0.0084074,,45,40,5,47.47596,41.70036,5.7756,https://d3nkl3psvxxpe9.cloudfront.net/documents/econTabReport_G1zNgZq.pdf,4/14/2026,15:00:58 19 Aug 2026,8/19/2026,,,901355,9013555,19aug2026
All polls,John Zogby Strategies,,3/17/2026,3/18/2026,1000, LV,0.6573441,0.0081365,,46.3,45.8,0.5,46.08377,45.55523,0.5285416,https://x.com/zogbystrategies/status/2036096236139245673/photo/1,3/23/2026,15:00:58 19 Aug 2026,8/19/2026,,,901240,9012401,19aug2026
All polls,Morning Consult,,5/25/2026,5/31/2026,, RV,0.0525415,0.0080625,,45,42,3,47.05877,41.72128,5.33749,https://intel.morningconsult.com/mc-content/trackers/2026-midterm-election-generic-ballot-polls,6/10/2026,15:00:58 19 Aug 2026,8/19/2026,,,901538,9015381,19aug2026
All polls,Impact Research/BSP Research,"Third Way, UnidosUS",3/10/2026,3/20/2026,1000, LV,0.9496727,0.0080141,,45,41,4,45.71099,41.27681,4.434181,https://www.thirdway.org/memo/president-trumps-immigration-problem,4/16/2026,15:00:58 19 Aug 2026,8/19/2026,,,901360,9013601,19aug2026
All polls,Morning Consult,,5/15/2026,5/17/2026,2203, RV,0.0715061,0.0076195,,47,41,6,49.05877,40.72128,8.33749,https://intel.morningconsult.com/mc-content/trackers/donald-trump-congress-policy-republicans-polling,5/22/2026,15:00:58 19 Aug 2026,8/19/2026,,,901480,9014802,19aug2026
All polls,Morning Consult,,4/13/2026,4/19/2026,27869, RV,0.1682651,0.0072156,,45,42,3,47.05877,41.72128,5.33749,https://pro.morningconsult.com/trackers/2026-midterm-election-generic-ballot-polls,4/21/2026,15:00:58 19 Aug 2026,8/19/2026,,,901374,9013741,19aug2026
All polls,YouGov,Economist,4/3/2026,4/6/2026,1560, RV,0.200953,0.0065257,,44,42,2,46.47596,43.70036,2.7756,https://d3nkl3psvxxpe9.cloudfront.net/documents/econTabReport_SVRZJH8.pdf,4/7/2026,15:00:58 19 Aug 2026,8/19/2026,,,901334,9013345,19aug2026
All polls,The Argument/Verasight,,3/12/2026,3/17/2026,1519, RV,0.7212003,0.0046309,,54,46,8,50.82795,42.74614,8.08181,https://www.theargumentmag.com/p/americans-would-trade-jobs-for-cheaper,3/23/2026,15:00:58 19 Aug 2026,8/19/2026,,,901239,9012392,19aug2026
All polls,YouGov,Economist,3/27/2026,3/30/2026,1505, RV,0.1929172,0.0046046,,45,39,6,47.47596,40.70036,6.7756,https://d3nkl3psvxxpe9.cloudfront.net/documents/econTabReport_3wplfYX.pdf,3/31/2026,15:00:58 19 Aug 2026,8/19/2026,,,901315,9013155,19aug2026
All polls,Ipsos,Reuters,3/20/2026,3/23/2026,985, RV,0.2914544,0.0045127,,40,38,2,44.99319,41.42639,3.566799,https://www.ipsos.com/en-us/economy-and-foreign-conflicts-now-publics-top-two-issue-concerns,3/24/2026,15:00:58 19 Aug 2026,8/19/2026,,,901296,9012964,19aug2026
All polls,Echelon Insights,,3/12/2026,3/16/2026,1033, LV,0.8397796,0.0043081,,49,44,5,47.91322,41.6309,6.282318,https://echelonin.wpenginepowered.com/wp-content/uploads/March-2026-Omnibus-Topline-External.pdf,3/16/2026,15:00:58 19 Aug 2026,8/19/2026,,,901208,9012082,19aug2026
All polls,Verasight,Strength in Numbers,3/16/2026,3/18/2026,1370, RV,0.4647343,0.0042391,,49,43,6,47.17176,43.07751,4.09425,https://www.gelliottmorris.com/p/2026-03-24-march-sin-verasight-poll-main-release,3/24/2026,15:00:58 19 Aug 2026,8/19/2026,,,901242,9012424,19aug2026
All polls,Morning Consult,,4/30/2026,5/3/2026,2200, RV,0.0682945,0.003938,,46,43,3,48.05877,42.72128,5.33749,https://pro.morningconsult.com/trackers/donald-trump-congress-policy-republicans-polling,5/5/2026,15:00:58 19 Aug 2026,8/19/2026,,,901431,9014312,19aug2026
All polls,Morning Consult,,4/24/2026,4/27/2026,2201, RV,0.0653177,0.0034246,,45,43,2,47.05877,42.72128,4.33749,https://pro.morningconsult.com/trackers/donald-trump-congress-policy-republicans-polling,4/27/2026,15:00:58 19 Aug 2026,8/19/2026,,,901397,9013972,19aug2026
All polls,Morning Consult,,3/30/2026,4/5/2026,12505, RV,0.1129729,0.0031117,,45,42,3,47.05877,41.72128,5.33749,https://pro.morningconsult.com/trackers/2026-midterm-election-generic-ballot-polls,4/21/2026,15:00:58 19 Aug 2026,8/19/2026,,,901372,9013721,19aug2026
All polls,Ipsos,Reuters,3/17/2026,3/19/2026,1206, RV,0.3161119,0.0031024,,40,37,3,44.99319,40.42639,4.566799,https://www.reuters.com/world/middle-east/americans-believe-trump-will-send-troops-into-iran-dont-like-idea-reutersipsos-2026-03-19/,3/20/2026,15:00:58 19 Aug 2026,8/19/2026,,,901227,9012273,19aug2026
All polls,YouGov,University of Massachusetts Lowell,3/26/2026,3/30/2026,1000, A,0.1333311,0.0030104,,38,35,3,40.47596,36.70036,3.7756,https://www.uml.edu/Research/public-opinion/polls/default.aspx,4/9/2026,15:00:58 19 Aug 2026,8/19/2026,,,901342,9013423,19aug2026
All polls,Morning Consult,,4/17/2026,4/20/2026,2203, RV,0.0622149,0.0028528,,45,42,3,47.05877,41.72128,5.33749,https://pro.morningconsult.com/trackers/donald-trump-congress-policy-republicans-polling,4/20/2026,15:00:58 19 Aug 2026,8/19/2026,,,901369,9013692,19aug2026
All polls,Morning Consult,Gambling Is Not Investing,3/23/2026,3/29/2026,26725, RV,0.1466181,0.0028204,,45,42,3,47.05877,41.72128,5.33749,https://pro.morningconsult.com/trackers/2026-midterm-election-generic-ballot-polls,4/3/2026,15:00:58 19 Aug 2026,8/19/2026,,,901328,9013281,19aug2026
All polls,YouGov,Economist,3/20/2026,3/23/2026,1502, RV,0.1885008,0.0027825,,45,42,3,47.47596,43.70036,3.7756,https://d3nkl3psvxxpe9.cloudfront.net/documents/econTabReport_o84FoNw.pdf,3/24/2026,15:00:58 19 Aug 2026,8/19/2026,,,901244,9012444,19aug2026
All polls,Morning Consult,,4/6/2026,4/9/2026,2200, RV,0.0584607,0.0020007,,46,42,4,48.05877,41.72128,6.33749,https://pro.morningconsult.com/trackers/donald-trump-congress-policy-republicans-polling,4/15/2026,15:00:58 19 Aug 2026,8/19/2026,,,901357,9013572,19aug2026
All polls,Morning Consult,,4/3/2026,4/5/2026,2200, RV,0.0571155,0.0017012,,45,42,3,47.05877,41.72128,5.33749,https://pro.morningconsult.com/trackers/donald-trump-congress-policy-republicans-polling,4/7/2026,15:00:58 19 Aug 2026,8/19/2026,,,901336,9013362,19aug2026
All polls,Morning Consult,,3/16/2026,3/22/2026,26406, RV,0.139764,0.0014669,,45,42,3,47.05877,41.72128,5.33749,https://pro.morningconsult.com/trackers/2026-midterm-election-generic-ballot-polls,3/24/2026,15:00:58 19 Aug 2026,8/19/2026,,,901298,9012981,19aug2026
All polls,Survey160,,3/9/2026,3/15/2026,1546, RV,0.7148681,0.0013645,,48,38,10,48.21133,40.14129,8.070042,https://www.survey160.com/methodological-research-blog/survey-160-tracking-poll-march-2026,3/24/2026,15:00:58 19 Aug 2026,8/19/2026,,,901243,9012432,19aug2026
All polls,Morning Consult,Gambling Is Not Investing,3/17/2026,3/22/2026,15029, A,0.0940232,0.0011075,,47,42,5,49.05877,41.72128,7.33749,https://www.gamblingisnotinvesting.com/morning-consult-poll-reveals-americans-concerns-with-prediction-markets/,4/2/2026,15:00:58 19 Aug 2026,8/19/2026,,,901322,9013221,19aug2026
All polls,YouGov,Economist,3/13/2026,3/16/2026,1429, RV,0.1806061,0.0009807,,43,41,2,45.47596,42.70036,2.7756,https://d3nkl3psvxxpe9.cloudfront.net/documents/econTabReport_CwWXhS2.pdf,3/17/2026,15:00:58 19 Aug 2026,8/19/2026,,,901210,9012104,19aug2026
All polls,Morning Consult,,3/13/2026,3/16/2026,2201, RV,0.0510068,0.0002688,,48,40,8,50.05877,39.72128,10.33749,https://pro.morningconsult.com/trackers/donald-trump-congress-policy-republicans-polling,3/17/2026,15:00:58 19 Aug 2026,8/19/2026,,,901211,9012112,19aug2026
All polls,YouGov,Yahoo News,3/12/2026,3/12/2026,1148, RV,0.1642211,0.0002235,,44,40,4,46.47596,41.70036,4.7756,https://www.yahoo.com/news/politics/article/poll-66-of-americans-disapprove-of-trump-on-gas-prices-as-they-feel-effects-of-iran-war-120000483.html,3/18/2026,15:00:58 19 Aug 2026,8/19/2026,,,901216,9012163,19aug2026
All polls,Morning Consult,,3/9/2026,3/15/2026,26634, RV,0.1367702,0.0001807,,45,42,3,47.05877,41.72128,5.33749,https://pro.morningconsult.com/trackers/2026-midterm-election-generic-ballot-polls,3/17/2026,15:00:58 19 Aug 2026,8/19/2026,,,901212,9012121,19aug2026
All polls,Public Religion Research Institute,"Brookings Institute, Carnegie Corporation of New York, Ford Foundation, Unitarian Universalist Veatch Program at Shelter Rock",8/15/2025,9/8/2025,5543, A,1.49832,0,,33,30,3,36.70063,33.58462,3.116009,https://prri.org/research/trumps-unprecedented-actions-deepen-asymmetric-divides/,11/13/2025,15:00:58 19 Aug 2026,8/19/2026,,,900816,907721,19aug2026
All polls,YouGov,The Economist,9/5/2025,9/8/2025,1487, RV,0.1912931,0,,44,40,4,46.47596,41.70036,4.7756,https://d3nkl3psvxxpe9.cloudfront.net/documents/econtoplines_7flqP0S.pdf,9/8/2025,15:00:58 19 Aug 2026,8/19/2026,,,90614,222533,19aug2026
All polls,Echelon Insights,Internet for Growth,9/5/2025,9/7/2025,1030, LV,0.8509964,0,,45,44,1,43.91322,41.6309,2.282318,https://internetforgrowth.com/voter-insights/,12/17/2025,15:00:58 19 Aug 2026,8/19/2026,,,900956,9009561,19aug2026
All polls,Morning Consult,,9/1/2025,9/7/2025,25541, RV,0.136664,0,,44.22,42.09,2.130001,46.27877,41.81128,4.467491,https://pro.morningconsult.com/trackers/2026-midterm-election-generic-ballot-polls,12/15/2025,15:00:58 19 Aug 2026,8/19/2026,,,90865,908641,19aug2026
All polls,Cygnal,,9/2/2025,9/3/2025,1500, LV,1.213082,0,,47.6,45.2,2.399998,46.68506,43.43012,3.25494,https://www.cygn.al/poll-optimism-drops-while-trump-gop-maintain-issue-trust-with-midterm-voters-including-on-inflation-crime/,9/3/2025,15:00:58 19 Aug 2026,8/19/2026,,,90617,222552,19aug2026
All polls,YouGov,Yahoo News,9/25/2025,9/29/2025,1126, RV,0.1662328,0,,44,40,4,46.47596,41.70036,4.7756,https://www.yahoo.com/entertainment/tv/article/poll-americans-approve-of-jimmy-kimmels-return-to-tv-by-a-more-than-2-to-1-margin-183746388.html,9/29/2025,15:00:58 19 Aug 2026,8/19/2026,,,900765,222949,19aug2026
All polls,YouGov,The Economist,9/26/2025,9/29/2025,1518, RV,0.1871284,0,,44,41,3,46.47596,42.70036,3.7756,https://today.yougov.com/politics/articles/53094-donald-trump-approval-rebound-government-shutdown-chances-james-comey-flu-covid-vaccines-economy-september-26-29-2025-economist-yougov-poll,9/29/2025,15:00:58 19 Aug 2026,8/19/2026,,,90709,222917,19aug2026
All polls,Morning Consult,,9/22/2025,9/28/2025,21732, RV,0.1214103,0,,43.37,42.96,0.4099998,45.42877,42.68128,2.74749,https://pro.morningconsult.com/trackers/2026-midterm-election-generic-ballot-polls,12/15/2025,15:00:58 19 Aug 2026,8/19/2026,,,90868,908671,19aug2026
All polls,The New York Times/Siena College,,9/22/2025,9/27/2025,1313, RV,1.348304,0,,47,45,2,46.4258,44.86081,1.564991,https://www.nytimes.com/2025/09/30/polls/trump-approval-poll.html,9/27/2025,15:00:58 19 Aug 2026,8/19/2026,,,900759,222890,19aug2026
All polls,RMG Research,Napolitan Institute,9/22/2025,9/24/2025,2000, RV,0.6829158,0,,45,46,-1,45.60815,43.61016,1.99799,https://napolitannews.org/posts/generic-ballot-gop-43-percent-dem-41,9/24/2025,15:00:58 19 Aug 2026,8/19/2026,,,90710,222918,19aug2026
All polls,McLaughlin & Associates,,9/17/2025,9/22/2025,1000, LV,0.3560773,0,,41,47,-6,42.67063,45.27132,-2.600689,https://mclaughlinonline.com/2025/09/30/national-monthly-september-2025/,9/22/2025,15:00:58 19 Aug 2026,8/19/2026,,,90717,222950,19aug2026
All polls,YouGov,The Economist,9/19/2025,9/22/2025,1392, RV,0.1828606,0,,45,42,3,47.47596,43.70036,3.7756,https://d3nkl3psvxxpe9.cloudfront.net/documents/econtoplines_EYduduY.pdf,9/22/2025,15:00:58 19 Aug 2026,8/19/2026,,,90674,222805,19aug2026
All polls,Echelon Insights,,9/18/2025,9/22/2025,1071, LV,0.8717161,0,,47,46,1,45.91322,43.6309,2.282318,https://echeloninsights.com/in-the-news/september-2025-verified-voter-omnibus/,9/22/2025,15:00:58 19 Aug 2026,8/19/2026,,,900739,222766,19aug2026
All polls,Morning Consult,,9/15/2025,9/21/2025,21386, RV,0.1231925,0,,43.87,42.74,1.129997,45.92877,42.46128,3.467487,https://pro.morningconsult.com/trackers/2026-midterm-election-generic-ballot-polls,12/15/2025,15:00:58 19 Aug 2026,8/19/2026,,,90867,908661,19aug2026
All polls,Ipsos,Reuters,9/19/2025,9/21/2025,799, RV,0.2985452,0,,40,38,2,44.99319,41.42639,3.566799,https://www.reuters.com/data/which-party-do-americans-want-run-congress-2025-11-05/,12/15/2025,15:00:58 19 Aug 2026,8/19/2026,,,900746,908191,19aug2026
All polls,YouGov,Yahoo News,8/29/2025,9/2/2025,1136, RV,0.1727752,0,,44,40,4,46.47596,41.70036,4.7756,https://www.scribd.com/document/911899946/Yahoo-YouGov-Newsom-Poll-August-2025,9/2/2025,15:00:58 19 Aug 2026,8/19/2026,,,900698,222441,19aug2026
All polls,YouGov,The Economist,8/29/2025,9/2/2025,1549, RV,0.1955918,0,,43,39,4,45.47596,40.70036,4.7756,https://d3nkl3psvxxpe9.cloudfront.net/documents/econtoplines_yFjgYJq.pdf,9/2/2025,15:00:58 19 Aug 2026,8/19/2026,,,90539,222397,19aug2026
All polls,Verasight,Strength In Numbers,9/15/2025,9/19/2025,1268, RV,0.5114151,0,,50,45,5,48.17176,45.07751,3.09425,https://www.gelliottmorris.com/p/new-poll-voters-to-blame-republicans-for-shutdown,9/19/2025,15:00:58 19 Aug 2026,8/19/2026,,,90675,2228031,19aug2026
All polls,The Argument/Verasight,,9/15/2025,9/18/2025,1541, RV,0.7463055,0,,53,47,6,49.82795,43.74614,6.08181,https://www.theargumentmag.com/p/chatgpt-and-the-end-of-learning,9/18/2025,15:00:58 19 Aug 2026,8/19/2026,,,90714,222929,19aug2026
All polls,AtlasIntel,,9/12/2025,9/16/2025,1066, A,0.9429561,0,,51.8,43.5,8.299999,48.56071,44.23691,4.323799,https://atlasintel.org/poll/usa-national-2025-09-19,9/16/2025,15:00:58 19 Aug 2026,8/19/2026,,,900736,222715,19aug2026
All polls,"Normington, Petts & Associates",Third Way,9/11/2025,9/16/2025,800, LV,0.8875322,0,,40,40,0,40.2566,39.35347,0.9031296,https://www.thirdway.org/memo/americans-caught-between-trumps-cruelty-and-democrats-chaos,11/13/2025,15:00:58 19 Aug 2026,8/19/2026,,,900827,907741,19aug2026
All polls,YouGov,The Economist,9/12/2025,9/15/2025,1420, RV,0.1863821,0,,43,41,2,45.47596,42.70036,2.7756,https://d3nkl3psvxxpe9.cloudfront.net/documents/econtoplines_XBYs983.pdf,9/15/2025,15:00:58 19 Aug 2026,8/19/2026,,,90645,222648,19aug2026
All polls,Morning Consult,,9/8/2025,9/14/2025,23465, RV,0.1301173,0,,43.89,42.44,1.450001,45.94877,42.16128,3.787487,https://pro.morningconsult.com/trackers/2026-midterm-election-generic-ballot-polls,12/15/2025,15:00:58 19 Aug 2026,8/19/2026,,,90866,908651,19aug2026
All polls,NAIP,,9/6/2025,9/13/2025,2071, LV,1.102736,0,,45,43,2,45.88559,42.28197,3.603619,https://www.realclearpolitics.com/articles/2025/09/19/generic_ballot_tracking_poll_republicans_narrow_dems_lead.html,12/15/2025,15:00:58 19 Aug 2026,8/19/2026,,REP,90813,908131,19aug2026
All polls,i360,Americans for Prosperity,9/10/2025,9/12/2025,577, RV,0.7193716,0,,35,32,3,37.86482,33.44617,4.418648,https://www.politico.com/news/2025/12/03/obamacare-subsidies-expire-this-month-many-republicans-are-shrugging-00672949,12/3/2025,15:00:58 19 Aug 2026,8/19/2026,,REP,90802,908021,19aug2026
All polls,Clarity Campaign Labs,,9/4/2025,9/11/2025,1001, RV,0.6969455,0,,50,44,6,48.6091,43.07001,5.539089,https://www.claritycampaigns.com/clarity-omnibus-september-2025,9/11/2025,15:00:58 19 Aug 2026,8/19/2026,,,900731,222678,19aug2026
All polls,Change Research,,9/5/2025,9/10/2025,2223, RV,0.6411889,0,,45,43,2,46.4683,43.59066,2.87764,https://portal.changeresearch.com/portal/projects/9b77cc10-feae-4dd6-b303-1b83ee015192,5/5/2026,15:00:58 19 Aug 2026,8/19/2026,,,901422,9014222,19aug2026
All polls,The Winston Group,Winning the Issues,8/30/2025,9/1/2025,1000, RV,0.9599504,0,,47,43,4,47.17838,42.8323,4.346081,https://www.winningtheissues.org/2025/12/31/2025-winning-the-issues-research/,2/27/2026,15:00:58 19 Aug 2026,8/19/2026,,REP,901147,9011473,19aug2026
All polls,Survey160,,8/26/2025,9/1/2025,1437, RV,0.8235024,0,,46,39,7,46.21133,41.14129,5.070042,https://www.survey160.com/methodological-research-blog/introducing-the-survey-160-tracking-poll,12/5/2025,15:00:58 19 Aug 2026,8/19/2026,,,900919,908041,19aug2026
All polls,CNN/SSRS,,8/21/2025,9/1/2025,1768, RV,0.8077916,0,,52,48,4,51.82885,47.79492,4.033928,https://www.cnn.com/2025/09/26/politics/us-politics-negative-sentiment-republicans-democrats,9/1/2025,15:00:58 19 Aug 2026,8/19/2026,,,90692,222840,19aug2026
All polls,Cygnal,,8/7/2025,8/9/2025,1500, LV,1.200493,0,,47.4,46.4,1,46.48506,44.63012,1.854942,https://www.cygn.al/national-poll-69-percent-of-americans-reject-race-based-redistricting-views-on-the-american-dream-on-life-support-and-the-fed-gets-low-marks-on-handling-of-interest-rates/,8/9/2025,15:00:58 19 Aug 2026,8/19/2026,,,90410,221956,19aug2026
All polls,YouGov,The Economist,8/1/2025,8/4/2025,1528, RV,0.2045883,0,,43.7,38.4,5.299999,46.17596,40.10036,6.0756,https://today.yougov.com/topics/politics/trackers/congressional-ballot-voting-intention,8/4/2025,15:00:58 19 Aug 2026,8/19/2026,,,90388,221810,19aug2026
All polls,Morning Consult,,8/29/2025,8/31/2025,2202, RV,0.0518602,0,,45,41,4,47.05877,40.72128,6.33749,https://links.morningconsult.com/s/vb/zpOJTp1fd-BIR_rEUoDVVpbxjXadg6zyKojmasnqASm1Hp621kq0xaatdElmOwOyNR5BxVXYL1h85IVSEMQ-rZTd-Yz0U-hjJgu1WfIkrldD66UKOSCLbrYHiSzLtKjUuUOD33LEK9wVgTQl22Ic8BUrAP0z3AlRWdSJsA/dAaqMr_Kzp13zZAl6CKc8AYgFM7Csr5U/12,8/31/2025,15:00:58 19 Aug 2026,8/19/2026,,,900696,222387,19aug2026
All polls,Morning Consult,,8/25/2025,8/31/2025,26531, RV,0.1407303,0,,43.81,42.4,1.41,45.86877,42.12128,3.74749,https://pro.morningconsult.com/trackers/2026-midterm-election-generic-ballot-polls,12/15/2025,15:00:58 19 Aug 2026,8/19/2026,,,90864,908631,19aug2026
All polls,Morning Consult,,7/28/2025,8/3/2025,27432, RV,0.148015,0,,43.68,42.53,1.150002,45.73877,42.25128,3.487488,https://pro.morningconsult.com/trackers/2026-midterm-election-generic-ballot-polls,12/15/2025,15:00:58 19 Aug 2026,8/19/2026,,,90860,908591,19aug2026
All polls,Hart Research Associates/Public Opinion Strategies,CNBC,7/29/2025,8/3/2025,800, RV,0.9796585,0,,49,44,5,47.68138,42.41261,5.268772,https://www.cnbc.com/video/2025/08/07/cnbc-all-america-economic-survey-45-percent-approve-of-pres-trumps-handling-of-the-economy.html,8/3/2025,15:00:58 19 Aug 2026,8/19/2026,,,900640,221845,19aug2026
All polls,McLaughlin & Associates,,8/21/2025,8/26/2025,1000, LV,0.3095384,0,,45,47,-2,46.67063,45.27132,1.399311,https://mclaughlinonline.com/2025/09/02/national-monthly-august-2025/?utm_source=rss&utm_medium=rss&utm_campaign=national-monthly-august-2025,8/26/2025,15:00:58 19 Aug 2026,8/19/2026,,,90537,222383,19aug2026
All polls,Emerson College,,8/25/2025,8/26/2025,1000, RV,0.9405274,0,,43.3,43,0.2999992,43.33246,43.77551,-0.4430504,https://emersoncollegepolling.com/august-2025-national/,8/26/2025,15:00:58 19 Aug 2026,8/19/2026,,,900689,222344,19aug2026
All polls,YouGov,The Economist,8/22/2025,8/25/2025,1377, RV,0.1891856,0,,43,41,2,45.47596,42.70036,2.7756,https://d3nkl3psvxxpe9.cloudfront.net/documents/econtoplines_ziFpJLd.pdf,8/25/2025,15:00:58 19 Aug 2026,8/19/2026,,,90501,222186,19aug2026
All polls,Morning Consult,,8/18/2025,8/24/2025,27673, RV,0.1455167,0,,44.05,42.24,1.809998,46.10877,41.96128,4.147488,https://pro.morningconsult.com/trackers/2026-midterm-election-generic-ballot-polls,12/15/2025,15:00:58 19 Aug 2026,8/19/2026,,,90863,908621,19aug2026
All polls,Ipsos,Reuters,8/22/2025,8/24/2025,895, RV,0.3468601,0,,36,39,-3,40.99319,42.42639,-1.433201,https://www.reuters.com/data/which-party-do-americans-want-run-congress-2025-11-05/,12/15/2025,15:00:58 19 Aug 2026,8/19/2026,,,900680,908202,19aug2026
All polls,RMG Research,Napolitan Institute,8/18/2025,8/21/2025,2000, RV,0.668799,0,,47,47,0,47.60815,44.61016,2.99799,https://napolitannews.org/posts/generic-ballot-gop-44-percent-dem-44,8/21/2025,15:00:58 19 Aug 2026,8/19/2026,,,90497,222124,19aug2026
All polls,Verasight,Strength In Numbers,8/18/2025,8/21/2025,1500, A,0.4658435,0,,49,41,8,47.17176,41.07751,6.09425,https://www.gelliottmorris.com/p/democrats-lead-the-us-house-generic,8/21/2025,15:00:58 19 Aug 2026,8/19/2026,,,90502,222184,19aug2026
All polls,Ipsos,Reuters,8/13/2025,8/18/2025,3516, RV,0.6072351,0,,42,37,5,46.99319,40.42639,6.566799,https://www.reuters.com/data/which-party-do-americans-want-run-congress-2025-11-05/,12/15/2025,15:00:58 19 Aug 2026,8/19/2026,,,900665,908211,19aug2026
All polls,YouGov,The Economist,8/15/2025,8/18/2025,1408, RV,0.1931294,0,,44,39,5,46.47596,40.70036,5.7756,https://d3nkl3psvxxpe9.cloudfront.net/documents/econtoplines_ep7WXyn.pdf,8/18/2025,15:00:58 19 Aug 2026,8/19/2026,,,90480,222093,19aug2026
All polls,Echelon Insights,,8/14/2025,8/18/2025,1057, LV,0.8740035,0,,47,46,1,45.91322,43.6309,2.282318,https://echeloninsights.com/in-the-news/august-2025-verified-voter-omnibus/,8/18/2025,15:00:58 19 Aug 2026,8/19/2026,,,90476,222042,19aug2026
All polls,Morning Consult,,8/11/2025,8/17/2025,27248, RV,0.146277,0,,43.93,42.88,1.049999,45.98877,42.60128,3.387489,https://pro.morningconsult.com/trackers/2026-midterm-election-generic-ballot-polls,12/15/2025,15:00:58 19 Aug 2026,8/19/2026,,,90862,908611,19aug2026
All polls,The Argument/Verasight,,8/8/2025,8/17/2025,1562, RV,0.8770283,0,,50.7,49.3,1.400002,47.52795,46.04614,1.481812,https://www.theargumentmag.com/p/when-americans-bite-their-tongues,8/17/2025,15:00:58 19 Aug 2026,8/19/2026,,,90521,222313,19aug2026
All polls,YouGov,The Economist,8/9/2025,8/11/2025,1474, RV,0.1992659,0,,42,40,2,44.47596,41.70036,2.7756,https://d3nkl3psvxxpe9.cloudfront.net/documents/econtoplines_V8D6b4L.pdf,8/11/2025,15:00:58 19 Aug 2026,8/19/2026,,,90405,221952,19aug2026
All polls,Morning Consult,,8/4/2025,8/10/2025,26631, RV,0.145654,0,,43.79,42.66,1.130001,45.84877,42.38128,3.467491,https://pro.morningconsult.com/trackers/2026-midterm-election-generic-ballot-polls,12/15/2025,15:00:58 19 Aug 2026,8/19/2026,,,90861,908601,19aug2026
All polls,YouGov,The Economist,7/4/2025,7/7/2025,1389, RV,0.2141197,0,,43,40,3,45.47596,41.70036,3.7756,https://today.yougov.com/topics/politics/trackers/congressional-ballot-voting-intention,7/7/2025,15:00:58 19 Aug 2026,8/19/2026,,,90241,221735,19aug2026
All polls,Morning Consult,,6/30/2025,7/6/2025,27913, RV,0.1519047,0,,44.36,42.51,1.850002,46.41877,42.23128,4.187489,https://pro.morningconsult.com/trackers/2026-midterm-election-generic-ballot-polls,12/15/2025,15:00:58 19 Aug 2026,8/19/2026,,,90856,908551,19aug2026
All polls,Clarity Campaign Labs,,7/24/2025,7/31/2025,1018, RV,0.7210499,0,,51,43,8,49.6091,42.07001,7.539089,https://static1.squarespace.com/static/61ae8d5e55be5c7314b4c83a/t/68936b40c111f97bb04773dd/1754491714447/Clarity+Omnibus+Overview+-+July+2025+%5BPUBLIC%5D.pdf,7/31/2025,15:00:58 19 Aug 2026,8/19/2026,,,900639,221844,19aug2026
All polls,GrayHouse,America One Policies,7/27/2025,7/29/2025,2000, RV,0.9684486,0,,47,44,3,48.2806,43.87118,4.40942,https://www.americaonepolicies.com/polls/selling-the-one-big-beautiful-bill,3/6/2026,15:00:58 19 Aug 2026,8/19/2026,,REP,901181,9011812,19aug2026
All polls,YouGov,The Economist,7/25/2025,7/28/2025,1610, RV,0.2109963,0,,43,41,2,45.47596,42.70036,2.7756,https://today.yougov.com/topics/politics/trackers/congressional-ballot-voting-intention,7/28/2025,15:00:58 19 Aug 2026,8/19/2026,,,90363,221738,19aug2026
All polls,YouGov,Yahoo News,7/24/2025,7/28/2025,1167, RV,0.1860078,0,,46,39,7,48.47596,40.70036,7.7756,https://d3nkl3psvxxpe9.cloudfront.net/documents/20250728_yahoo.pdf,7/28/2025,15:00:58 19 Aug 2026,8/19/2026,,,900643,221899,19aug2026
All polls,Morning Consult,,7/21/2025,7/27/2025,28524, RV,0.1510388,0,,44.07,42.19,1.880001,46.12877,41.91128,4.217487,https://pro.morningconsult.com/trackers/2026-midterm-election-generic-ballot-polls,12/15/2025,15:00:58 19 Aug 2026,8/19/2026,,,90859,908581,19aug2026
All polls,Ipsos,Reuters,7/25/2025,7/27/2025,884, RV,0.3756978,0,,40,39,1,44.99319,42.42639,2.566799,https://www.reuters.com/data/which-party-do-americans-want-run-congress-2025-11-05/,12/15/2025,15:00:58 19 Aug 2026,8/19/2026,,,900621,908221,19aug2026
All polls,McLaughlin & Associates,America's New Majority Project,7/21/2025,7/24/2025,1633, LV,0.3011802,0,,48,43.9,4.099998,49.84715,41.9948,7.852348,https://americasnewmajorityproject.com/winning-with-one-big-beautiful-bill/,7/24/2025,15:00:58 19 Aug 2026,8/19/2026,,REP,900618,221687,19aug2026
All polls,Emerson College,Nexstar,7/21/2025,7/22/2025,1400, RV,1.072233,0,,44,41.5,2.5,44.03246,42.27551,1.75695,https://www.conchovalleyhomepage.com/news/majority-disapprove-of-trumps-handling-of-epstein-files-emerson-college-polling-survey/,7/22/2025,15:00:58 19 Aug 2026,8/19/2026,,,900612,221656,19aug2026
All polls,YouGov,The Economist,7/18/2025,7/21/2025,1551, RV,0.2129302,0,,44,41,3,46.47596,42.70036,3.7756,https://today.yougov.com/topics/politics/trackers/congressional-ballot-voting-intention,7/21/2025,15:00:58 19 Aug 2026,8/19/2026,,,90338,221737,19aug2026
All polls,Morning Consult,,7/14/2025,7/20/2025,28190, RV,0.1511525,0,,44.32,42.59,1.73,46.37877,42.31128,4.06749,https://pro.morningconsult.com/trackers/2026-midterm-election-generic-ballot-polls,12/15/2025,15:00:58 19 Aug 2026,8/19/2026,,,90858,908571,19aug2026
All polls,"Fabrizio, Lee & Associates/Impact Research",The Wall Street Journal,7/16/2025,7/20/2025,1500, RV,0.9407095,0,,46,43,3,46.45829,43.30269,3.155602,https://www.wsj.com/politics/elections/trump-approval-rating-poll-july-2025-745b0f5f,7/20/2025,15:00:58 19 Aug 2026,8/19/2026,,,90353,221660,19aug2026
All polls,Cygnal,,7/1/2025,7/2/2025,1500, LV,1.149007,0,,47.1,45.7,1.399998,46.18506,43.93012,2.25494,https://www.cygn.al/poll-karens-freak-out-over-ice-raids-as-hispanic-support-for-deportations-surges/,7/2/2025,15:00:58 19 Aug 2026,8/19/2026,,,90244,221241,19aug2026
All polls,AtlasIntel,,7/13/2025,7/18/2025,1935, A,1.158618,0,,51.3,42.7,8.599998,48.06071,43.43691,4.623802,https://atlasintel.org/poll/usa-national-2025-07-18,7/18/2025,15:00:58 19 Aug 2026,8/19/2026,,,900590,221520,19aug2026
All polls,Rasmussen Reports,,7/13/2025,7/17/2025,2288, LV,1.321881,0,,46,42,4,47.12323,41.90679,5.216438,https://www.rasmussenreports.com/public_content/politics/mood_of_america/generic_congressional_ballot_july22,11/13/2025,15:00:58 19 Aug 2026,8/19/2026,,REP,90780,907801,19aug2026
All polls,Verasight,Strength In Numbers,7/14/2025,7/16/2025,1500, A,0.500186,0,,47,43,4,45.17176,43.07751,2.09425,https://www.gelliottmorris.com/p/new-poll-dems-lead-house-generic,7/16/2025,15:00:58 19 Aug 2026,8/19/2026,,,90336,221563,19aug2026
All polls,RMG Research,Napolitan Institute,7/14/2025,7/16/2025,2000, RV,0.6378598,0,,45,49,-4,45.60815,46.61016,-1.00201,https://napolitannews.org/posts/generic-ballot-july-2025-republicans-46-percent-democrats-42,7/16/2025,15:00:58 19 Aug 2026,8/19/2026,,,90334,221547,19aug2026
All polls,YouGov,The Economist,7/11/2025,7/14/2025,1506, RV,0.2162586,0,,43,39,4,45.47596,40.70036,4.7756,https://today.yougov.com/topics/politics/trackers/congressional-ballot-voting-intention,7/14/2025,15:00:58 19 Aug 2026,8/19/2026,,,90311,221736,19aug2026
All polls,McLaughlin & Associates,,7/9/2025,7/14/2025,1000, LV,0.2288187,0,,42,47,-5,43.67063,45.27132,-1.600689,https://mclaughlinonline.com/2025/07/17/ma-poll-national-monthly-july-2025/,7/14/2025,15:00:58 19 Aug 2026,8/19/2026,,,90321,221484,19aug2026
All polls,Echelon Insights,,7/10/2025,7/14/2025,1084, LV,0.878176,0,,47,48,-1,45.91322,45.6309,0.2823181,https://echeloninsights.com/in-the-news/july-2025-verified-voter-omnibus-2-2-2-2-2-2-2/,7/14/2025,15:00:58 19 Aug 2026,8/19/2026,,,900575,221405,19aug2026
All polls,Morning Consult,,7/7/2025,7/13/2025,28276, RV,0.1521908,0,,44.72,42.75,1.970001,46.77877,42.47128,4.307491,https://pro.morningconsult.com/trackers/2026-midterm-election-generic-ballot-polls,12/15/2025,15:00:58 19 Aug 2026,8/19/2026,,,90857,908561,19aug2026
All polls,RMG Research,Napolitan Institute,6/9/2025,6/9/2025,1000, RV,0.4773994,0,,35,35,0,35.60815,32.61016,2.99799,https://napolitannews.org/posts/musk-3rd-party-would-get-8-percent-of-voters,6/9/2025,15:00:58 19 Aug 2026,8/19/2026,,,90063,219708,19aug2026
All polls,YouGov,The Economist,6/6/2025,6/9/2025,1397, RV,0.2464521,0,,44,43,1,46.47596,44.70036,1.7756,https://today.yougov.com/topics/politics/trackers/congressional-ballot-voting-intention,6/9/2025,15:00:58 19 Aug 2026,8/19/2026,,,90053,221731,19aug2026
All polls,Morning Consult,,6/2/2025,6/8/2025,28551, RV,0.1543784,0,,42.98,45.28,-2.299999,45.03877,45.00128,0.037487,https://pro.morningconsult.com/trackers/2026-midterm-election-generic-ballot-polls,12/15/2025,15:00:58 19 Aug 2026,8/19/2026,,,90852,908511,19aug2026
All polls,J.L. Partners,DailyMail.com,6/6/2025,6/6/2025,1006, RV,0.9842626,0,,42,35,7,42.08195,36.12576,5.956192,https://www.dailymail.co.uk/news/article-14796175/polling-donald-trump-2024-election-elon-musk.html,6/6/2025,15:00:58 19 Aug 2026,8/19/2026,,,90057,219706,19aug2026
All polls,Cygnal,,6/3/2025,6/4/2025,1500, LV,1.139432,0,,47.2,46.9,0.2999992,46.28506,45.13012,1.154942,https://www.cygn.al/national-poll-record-number-say-nation-is-on-right-track-voters-back-trumps-one-big-beautiful-bill-for-tax-relief-and-border-security/,6/4/2025,15:00:58 19 Aug 2026,8/19/2026,,,90056,219697,19aug2026
All polls,YouGov,The Economist,6/27/2025,6/30/2025,1491, RV,0.224976,0,,44,40,4,46.47596,41.70036,4.7756,https://today.yougov.com/topics/politics/trackers/congressional-ballot-voting-intention,6/30/2025,15:00:58 19 Aug 2026,8/19/2026,,,90219,221734,19aug2026
All polls,Morning Consult,,6/23/2025,6/29/2025,27694, RV,0.1517282,0,,43.58,43.34,0.2400017,45.63877,43.06128,2.577492,https://pro.morningconsult.com/trackers/2026-midterm-election-generic-ballot-polls,12/15/2025,15:00:58 19 Aug 2026,8/19/2026,,,90855,908541,19aug2026
All polls,American Pulse Research & Polling,,6/23/2025,6/25/2025,633, RV,0.7365844,0,,46.6,42.4,4.199997,46.43764,42.50468,3.932961,https://www.americanpulse.us/thankyou-pollresults-publicopinion-post-landscape-shaping-events-2,6/25/2025,15:00:58 19 Aug 2026,8/19/2026,,,900534,221029,19aug2026
All polls,Emerson College,,6/24/2025,6/25/2025,1000, RV,0.9920143,0,,42.5,39.8,2.700001,42.53246,40.57551,1.956951,https://emersoncollegepolling.com/june-national-poll/,6/25/2025,15:00:58 19 Aug 2026,8/19/2026,,,900538,221051,19aug2026
All polls,YouGov,The Economist,6/20/2025,6/23/2025,1455, RV,0.2296183,0,,44,40,4,46.47596,41.70036,4.7756,https://today.yougov.com/topics/politics/trackers/congressional-ballot-voting-intention,6/23/2025,15:00:58 19 Aug 2026,8/19/2026,,,90183,221733,19aug2026
All polls,Ipsos,Reuters,6/20/2025,6/23/2025,994, RV,0.4187194,0,,40,36,4,44.99319,39.42639,5.566799,https://www.reuters.com/data/which-party-do-americans-want-run-congress-2025-11-05/,12/15/2025,15:00:58 19 Aug 2026,8/19/2026,,,90824,908231,19aug2026
All polls,Morning Consult,,6/16/2025,6/22/2025,28021, RV,0.1526053,0,,43.99,43.73,0.2600021,46.04877,43.45128,2.597492,https://pro.morningconsult.com/trackers/2026-midterm-election-generic-ballot-polls,12/15/2025,15:00:58 19 Aug 2026,8/19/2026,,,90854,908531,19aug2026
All polls,Cygnal,,6/19/2025,6/21/2025,800, LV,0.8855824,0,,48.4,46,2.400002,47.48506,44.23012,3.25494,https://www.cygn.al/poll-bitcoin-owners-lean-republican-emerging-as-sought-after-voting-bloc-in-2026-elections/,6/21/2025,15:00:58 19 Aug 2026,8/19/2026,,,90186,221001,19aug2026
All polls,YouGov,The Economist,5/30/2025,6/2/2025,1436, RV,0.2637599,0,,44,42,2,46.47596,43.70036,2.7756,https://d3nkl3psvxxpe9.cloudfront.net/documents/econtoplines_uOptfZ9.pdf,6/2/2025,15:00:58 19 Aug 2026,8/19/2026,,,90039,219670,19aug2026
All polls,RMG Research,Napolitan Institute,6/18/2025,6/19/2025,1000, RV,0.470074,0,,44,52,-8,44.60815,49.61016,-5.00201,https://napolitannews.org/posts/generic-ballot-gop-holds-largest-lead-of-the-year,6/19/2025,15:00:58 19 Aug 2026,8/19/2026,,,90180,220954,19aug2026
All polls,Echelon Insights,,6/17/2025,6/18/2025,1002, LV,0.8336412,0,,47,48,-1,45.91322,45.6309,0.2823181,https://echeloninsights.com/in-the-news/middle-east-update/,6/18/2025,15:00:58 19 Aug 2026,8/19/2026,,,900514,220920,19aug2026
All polls,Echelon Insights,,6/12/2025,6/17/2025,982, LV,0.8288878,0,,47,48,-1,45.91322,45.6309,0.2823181,https://echeloninsights.com/in-the-news/june-2025-verified-voter-omnibus-2-2-2-2-2-2/,6/17/2025,15:00:58 19 Aug 2026,8/19/2026,,,900510,220836,19aug2026
All polls,YouGov,The Economist,6/13/2025,6/16/2025,1351, RV,0.2318537,0,,44,41,3,46.47596,42.70036,3.7756,https://today.yougov.com/topics/politics/trackers/congressional-ballot-voting-intention,6/16/2025,15:00:58 19 Aug 2026,8/19/2026,,,90083,221732,19aug2026
All polls,co/efficient,,6/12/2025,6/16/2025,1035, LV,0.8761247,0,,46,46,0,46.65431,44.97897,1.675339,https://coefficient.org/one-big-beautiful-bill/,6/16/2025,15:00:58 19 Aug 2026,8/19/2026,,REP,90166,220929,19aug2026
All polls,Ipsos,Reuters,6/11/2025,6/16/2025,3458, RV,0.6857741,0,,40,38,2,44.99319,41.42639,3.566799,https://www.reuters.com/data/which-party-do-americans-want-run-congress-2025-11-05/,12/15/2025,15:00:58 19 Aug 2026,8/19/2026,,,900505,908241,19aug2026
All polls,McLaughlin & Associates,America's New Majority Project,6/12/2025,6/15/2025,1637, LV,0.2438385,0,,47.2,46.4,0.7999992,49.04715,44.4948,4.552349,https://americasnewmajorityproject.com/how-to-talk-about-taxes-and-the-budget-bill-what-voters-respond-to-best/,6/15/2025,15:00:58 19 Aug 2026,8/19/2026,,REP,900524,220937,19aug2026
All polls,Morning Consult,,6/9/2025,6/15/2025,28058, RV,0.1529363,0,,43.68,44.94,-1.259998,45.73877,44.66128,1.077488,https://pro.morningconsult.com/trackers/2026-midterm-election-generic-ballot-polls,12/15/2025,15:00:58 19 Aug 2026,8/19/2026,,,90853,908521,19aug2026
All polls,McLaughlin & Associates,,6/10/2025,6/15/2025,1000, LV,0.199854,0,,42,47,-5,43.67063,45.27132,-1.600689,https://mclaughlinonline.com/pols/wp-content/uploads/2025/06/National-June-Presentation-RELEASE-6-16-25.pdf,6/15/2025,15:00:58 19 Aug 2026,8/19/2026,,,90161,220909,19aug2026
All polls,Clarity Campaign Labs,,6/5/2025,6/14/2025,1000, RV,0.7412483,0,,50,45,5,48.6091,44.07001,4.539089,https://static1.squarespace.com/static/61ae8d5e55be5c7314b4c83a/t/6852fc5a3ac4c05449fc450e/1750269023826/Clarity+Omnibus+Overview+-+June+2025+%5BPUBLIC%5D.pdf,6/14/2025,15:00:58 19 Aug 2026,8/19/2026,,,900513,220899,19aug2026
All polls,The Winston Group,Winning the Issues,6/12/2025,6/14/2025,1000, RV,1.014024,0,,46,42,4,46.17838,41.8323,4.346081,https://www.winningtheissues.org/2025/06/30/winning-the-issues-june-2025-national-survey/,6/14/2025,15:00:58 19 Aug 2026,8/19/2026,,REP,900568,221307,19aug2026
All polls,Verasight,Strength In Numbers,6/6/2025,6/12/2025,1500, A,0.5413883,0,,45,37,8,43.17176,37.07751,6.09425,https://www.gelliottmorris.com/p/trump-approval-at-42-democrats-up,6/12/2025,15:00:58 19 Aug 2026,8/19/2026,,,90074,219731,19aug2026
All polls,McLaughlin & Associates,Club for Growth (PAC),6/9/2025,6/11/2025,1000, LV,0.2013118,0,,44,46,-2,45.84715,44.0948,1.75235,https://www.clubforgrowth.org/icymi-new-cfg-poll-finds-vast-majority-of-republicans-democrats-support-school-freedom-bills/,6/11/2025,15:00:58 19 Aug 2026,8/19/2026,,REP,90076,219733,19aug2026
All polls,Morning Consult,,5/26/2025,6/1/2025,29002, RV,0.1558435,0,,43.67,44.28,-0.6100006,45.72877,44.00128,1.727489,https://pro.morningconsult.com/trackers/2026-midterm-election-generic-ballot-polls,12/15/2025,15:00:58 19 Aug 2026,8/19/2026,,,90851,908501,19aug2026
All polls,co/efficient,,5/7/2025,5/9/2025,1462, LV,0.9393271,0,,45,42,3,45.65431,40.97897,4.675339,https://coefficient.org/national-approval-study/,5/9/2025,15:00:58 19 Aug 2026,8/19/2026,,REP,900429,219403,19aug2026
All polls,Cygnal,,5/6/2025,5/8/2025,1500, LV,1.18613,0,,47.1,46.6,0.5,46.18506,44.83012,1.354939,https://www.cygn.al/poll-aoc-more-popular-than-schumer-trump-image-improving-republicans-decimating-democrats-on-key-issue-trust-and-more/,5/8/2025,15:00:58 19 Aug 2026,8/19/2026,,,89881,219394,19aug2026
All polls,Verasight,Strength In Numbers,5/1/2025,5/6/2025,1000, A,0.5373484,0,,47,41,6,45.17176,41.07751,4.09425,https://www.gelliottmorris.com/p/new-poll-americans-oppose-trumps,5/6/2025,15:00:58 19 Aug 2026,8/19/2026,,,89882,219395,19aug2026
All polls,Morning Consult,,4/28/2025,5/4/2025,25876, RV,0.151693,0,,44.38,43.51,0.8700027,46.43877,43.23128,3.207489,https://pro.morningconsult.com/trackers/2026-midterm-election-generic-ballot-polls,12/15/2025,15:00:58 19 Aug 2026,8/19/2026,,,90847,908461,19aug2026
All polls,AtlasIntel,,5/21/2025,5/27/2025,3469, A,1.465722,0,,50.9,41.7,9.200001,47.66071,42.43691,5.223801,https://cdn.atlasintel.org/20c89f8f-d65e-4991-a491-388ae96986c9.pdf,5/27/2025,15:00:58 19 Aug 2026,8/19/2026,,,900464,219652,19aug2026
All polls,McLaughlin & Associates,,5/21/2025,5/26/2025,1000, LV,0.2137732,0,,43,47,-4,44.67063,45.27132,-0.6006889,https://mclaughlinonline.com/pols/wp-content/uploads/2025/05/National-May-Presentation-RELEASE-05-27-25.pdf,5/26/2025,15:00:58 19 Aug 2026,8/19/2026,,,90022,219637,19aug2026
All polls,YouGov,The Economist,5/23/2025,5/26/2025,1486, RV,0.2832384,0,,43,41,2,45.47596,42.70036,2.7756,https://today.yougov.com/topics/politics/trackers/congressional-ballot-voting-intention,5/26/2025,15:00:58 19 Aug 2026,8/19/2026,,,90016,221730,19aug2026
All polls,Morning Consult,,5/19/2025,5/25/2025,28855, RV,0.1561586,0,,43.21,44.82,-1.610001,45.26877,44.54128,0.7274895,https://pro.morningconsult.com/trackers/2026-midterm-election-generic-ballot-polls,12/15/2025,15:00:58 19 Aug 2026,8/19/2026,,,90850,908491,19aug2026
All polls,RMG Research,Napolitan Institute,5/20/2025,5/21/2025,1000, RV,0.5105906,0,,48,45,3,48.60815,42.61016,5.99799,https://napolitannews.org/posts/generic-ballot-gop-43-percent-dem-43,5/21/2025,15:00:58 19 Aug 2026,8/19/2026,,,90014,219587,19aug2026
All polls,YouGov,The Economist,5/16/2025,5/19/2025,1558, RV,0.3091904,0,,43,42,1,45.47596,43.70036,1.7756,https://today.yougov.com/topics/politics/trackers/congressional-ballot-voting-intention,5/19/2025,15:00:58 19 Aug 2026,8/19/2026,,,89897,221729,19aug2026
All polls,Fabrizio Ward,Pinpoint Policy Institute,5/15/2025,5/19/2025,800, RV,0.9952917,0,,42,42,0,42.79235,42.22078,0.5715714,https://pinpointpolicyinstitute.org/pinpoint-policy-institute-quarterly-economic-tracking-poll/,5/19/2025,15:00:58 19 Aug 2026,8/19/2026,,,900471,219660,19aug2026
All polls,YouGov,Economist,5/16/2025,5/19/2025,1558, RV,0.3091904,0,,43,42,1,45.47596,43.70036,1.7756,https://today.yougov.com/topics/politics/trackers/congressional-ballot-voting-intention,11/25/2025,15:00:58 19 Aug 2026,8/19/2026,,,900442,907951,19aug2026
All polls,Morning Consult,,5/12/2025,5/18/2025,28103, RV,0.1552392,0,,43.26,44.45,-1.190002,45.31877,44.17128,1.147491,https://pro.morningconsult.com/trackers/2026-midterm-election-generic-ballot-polls,12/15/2025,15:00:58 19 Aug 2026,8/19/2026,,,90849,908481,19aug2026
All polls,Ipsos,Reuters,5/16/2025,5/18/2025,885, RV,0.4448302,0,,40,39,1,44.99319,42.42639,2.566799,https://www.reuters.com/data/which-party-do-americans-want-run-congress-2025-11-05/,12/15/2025,15:00:58 19 Aug 2026,8/19/2026,,,900443,908251,19aug2026
All polls,Rasmussen Reports,,5/14/2025,5/16/2025,1012, LV,1.044061,0,,45,44,1,46.12323,43.90679,2.216438,https://www.rasmussenreports.com/public_content/archive/mood_of_america_archive/generic_congressional_ballot/democrats_have_slim_lead_in_early_2026_congressional_forecast,11/13/2025,15:00:58 19 Aug 2026,8/19/2026,,REP,90779,907791,19aug2026
All polls,Echelon Insights,,5/8/2025,5/12/2025,1000, LV,0.9059898,0,,47,48,-1,45.91322,45.6309,0.2823181,https://echeloninsights.com/in-the-news/may-2025-verified-voter-omnibus-2-2-2-2-2/,5/12/2025,15:00:58 19 Aug 2026,8/19/2026,,,900421,219377,19aug2026
All polls,Morning Consult,,5/5/2025,5/11/2025,27882, RV,0.1555028,0,,43.35,44.53,-1.18,45.40877,44.25128,1.15749,https://pro.morningconsult.com/trackers/2026-midterm-election-generic-ballot-polls,12/15/2025,15:00:58 19 Aug 2026,8/19/2026,,,90848,908471,19aug2026
All polls,YouGov,The Economist,4/5/2025,4/8/2025,1558, RV,0.5640653,0,,43,42,1,45.47596,43.70036,1.7756,https://d3nkl3psvxxpe9.cloudfront.net/documents/econtoplines_Emo4hnf.pdf,4/8/2025,15:00:58 19 Aug 2026,8/19/2026,,,89690,219142,19aug2026
All polls,Morning Consult,,3/31/2025,4/6/2025,25977, RV,0.1568351,0,,43.68,43.99,-0.3100014,45.73877,43.71128,2.027489,https://pro.morningconsult.com/trackers/2026-midterm-election-generic-ballot-polls,12/15/2025,15:00:58 19 Aug 2026,8/19/2026,,,90843,908421,19aug2026
All polls,Wick,2Way,4/29/2025,4/30/2025,1000, RV,0.9714795,0,,42,39,3,42.8204,39.9387,2.881699,https://my.wick.io/analysis/shared/item/859BF9A4-407C-4E48-9DCF-C5F6A33B0CDA/view,11/13/2025,15:00:58 19 Aug 2026,8/19/2026,,,900757,907781,19aug2026
All polls,Yale University Institution for Social and Policy Studies,,4/1/2025,4/3/2025,4100, RV,1.14198,0,,43.3,41.7,1.599998,44.26408,41.68708,2.577,https://youthpoll.yale.edu/spring-2025-results,4/3/2025,15:00:58 19 Aug 2026,8/19/2026,,,89744,219144,19aug2026
All polls,Cygnal,,4/1/2025,4/3/2025,1500, LV,1.208816,0,,47.5,46.5,1,46.58506,44.73012,1.854939,https://www.cygn.al/poll-democrats-continue-to-struggle-as-trump-maintains-strong-approval-even-in-light-of-tariffs/,4/3/2025,15:00:58 19 Aug 2026,8/19/2026,,,900331,219140,19aug2026
All polls,McLaughlin & Associates,,4/22/2025,4/29/2025,1000, LV,0.2458768,0,,43,45,-2,44.67063,43.27132,1.399311,https://mclaughlinonline.com/pols/wp-content/uploads/2025/05/National-April-Presentation-RELEASE-04-29-25.pdf,4/29/2025,15:00:58 19 Aug 2026,8/19/2026,,,89825,219310,19aug2026
All polls,Morning Consult,,4/21/2025,4/27/2025,25544, RV,0.1518076,0,,44.09,43.14,0.9500008,46.14877,42.86128,3.287491,https://pro.morningconsult.com/trackers/2026-midterm-election-generic-ballot-polls,12/15/2025,15:00:58 19 Aug 2026,8/19/2026,,,90846,908451,19aug2026
All polls,NewsNation,,4/23/2025,4/27/2025,1448, RV,0.9621595,0,,45,40,5,45.05098,39.7045,5.346481,https://www.newsnationnow.com/politics/recession-inflation-immigration-ddhq-poll/,4/27/2025,15:00:58 19 Aug 2026,8/19/2026,,,900398,219154,19aug2026
All polls,Ipsos,Reuters,4/25/2025,4/27/2025,897, RV,0.4961865,0,,40,39,1,44.99319,42.42639,2.566799,https://www.reuters.com/data/which-party-do-americans-want-run-congress-2025-11-05/,12/15/2025,15:00:58 19 Aug 2026,8/19/2026,,,900394,908261,19aug2026
All polls,The New York Times/Siena College,,4/21/2025,4/24/2025,913, RV,1.201842,0,,47,44,3,46.4258,43.86081,2.564991,https://www.nytimes.com/2025/04/25/us/politics/trump-poll-approval.html,4/24/2025,15:00:58 19 Aug 2026,8/19/2026,,,900377,219152,19aug2026
All polls,Beacon Research/Shaw & Co. Research,Fox News,4/18/2025,4/21/2025,1104, RV,1.212213,0,,49,42,7,47.01414,40.59692,6.417221,https://www.foxnews.com/official-polls/fox-news-poll-democrats-favorability-hits-new-low-still-favored-over-gop-2026-midterms,4/21/2025,15:00:58 19 Aug 2026,8/19/2026,,,89718,219153,19aug2026
All polls,Morning Consult,,4/14/2025,4/20/2025,26905, RV,0.1560839,0,,44.04,43.36,0.6800003,46.09877,43.08128,3.01749,https://pro.morningconsult.com/trackers/2026-midterm-election-generic-ballot-polls,12/15/2025,15:00:58 19 Aug 2026,8/19/2026,,,90845,908441,19aug2026
All polls,McLaughlin & Associates,America's New Majority Project,4/16/2025,4/19/2025,1638, LV,0.3143542,0,,45.7,47.1,-1.399998,47.54715,45.1948,2.352348,https://americasnewmajorityproject.com/most-support-blocking-states-from-giving-medicaid-to-illegal-immigrants/,4/19/2025,15:00:58 19 Aug 2026,8/19/2026,,REP,900375,219151,19aug2026
All polls,Noble Predictive Insights,The Center Square,4/15/2025,4/18/2025,2527, RV,1.453194,0,,45,42,3,45.90453,41.99992,3.90461,https://www.thecentersquare.com/polls/,4/18/2025,15:00:58 19 Aug 2026,8/19/2026,,,89719,219149,19aug2026
All polls,RMG Research,Napolitan Institute,4/16/2025,4/16/2025,1000, RV,0.6194792,0,,50,45,5,50.60815,42.61016,7.99799,https://napolitannews.org/posts/democrats-make-huge-gains-on-generic-ballot,4/16/2025,15:00:58 19 Aug 2026,8/19/2026,,,89745,219148,19aug2026
All polls,Echelon Insights,,4/10/2025,4/14/2025,1014, LV,0.9521633,0,,47,47,0,45.91322,44.6309,1.282318,https://echeloninsights.com/in-the-news/april-2025-verified-voter-omnibus-2-2-2-2/,4/14/2025,15:00:58 19 Aug 2026,8/19/2026,,,900347,219143,19aug2026
All polls,Clarity Campaign Labs,,4/9/2025,4/14/2025,1008, RV,0.7158472,0,,44,45,-1,42.6091,44.07001,-1.460911,https://45840940.fs1.hubspotusercontent-na1.net/hubfs/45840940/Clarity%20Omnibus%20Overview_April%202025.pdf,4/14/2025,15:00:58 19 Aug 2026,8/19/2026,,,900355,219146,19aug2026
All polls,Hart Research Associates/Public Opinion Strategies,CNBC,4/9/2025,4/13/2025,800, RV,0.9632434,0,,48,46,2,46.68138,44.41261,2.268772,https://www.cnbc.com/video/2025/04/17/tariffs-weight-on-trump-approval-cnbc-survey-finds.html,4/13/2025,15:00:58 19 Aug 2026,8/19/2026,,,900354,219145,19aug2026
All polls,Morning Consult,,4/7/2025,4/13/2025,26749, RV,0.1570661,0,,43.54,43.98,-0.4399986,45.59877,43.70128,1.897491,https://pro.morningconsult.com/trackers/2026-midterm-election-generic-ballot-polls,12/15/2025,15:00:58 19 Aug 2026,8/19/2026,,,90844,908431,19aug2026
All polls,Morning Consult,,4/6/2025,4/12/2026,12505, RV,0.0929273,0,,46,42,4,48.05877,41.72128,6.33749,https://pro.morningconsult.com/trackers/2026-midterm-election-generic-ballot-polls,4/21/2026,15:00:58 19 Aug 2026,8/19/2026,,,901373,9013731,19aug2026
All polls,RealClear Opinion Research,,4/10/2025,4/12/2025,1000, RV,0.8474652,0,,39.8,39.2,0.5999985,41.10932,40.15687,0.9524498,https://www.realclearpolitics.com/articles/2025/04/18/rcp_poll_voters_see_campus_bias_reject_trumps_tariff_pitch_152678.html,4/12/2025,15:00:58 19 Aug 2026,8/19/2026,,,900361,219147,19aug2026
All polls,The Winston Group,Winning the Issues,4/8/2025,4/10/2025,1000, RV,1.060541,0,,46,44,2,46.17838,43.8323,2.346081,https://www.winningtheissues.org/2025/04/30/winning-the-issues-april-2025-national-survey/,4/10/2025,15:00:58 19 Aug 2026,8/19/2026,,REP,900570,221306,19aug2026
All polls,"Fabrizio, Lee & Associates/Impact Research",The Wall Street Journal,3/27/2025,4/1/2025,1500, RV,0.8108907,0,,44,43,1,44.45829,43.30269,1.155602,https://www.wsj.com/politics/policy/trump-foreign-policy-approval-voters-poll-c0c29dd0,4/1/2025,15:00:58 19 Aug 2026,8/19/2026,,,89685,219139,19aug2026
All polls,McLaughlin & Associates,,3/4/2026,3/9/2026,1000, LV,0.3245663,0,,47,43,4,48.67063,41.27132,7.399311,https://mclaughlinonline.com/pols/wp-content/uploads/2026/03/National-March-Presentation-RELEASE-03-10-26.pdf,3/13/2026,15:00:58 19 Aug 2026,8/19/2026,,,901201,9012011,19aug2026
All polls,YouGov,Economist,3/6/2026,3/9/2026,1405, RV,0.1766461,0,,45,42,3,47.47596,43.70036,3.7756,https://d3nkl3psvxxpe9.cloudfront.net/documents/econTabReport_EcCnfRV.pdf,3/10/2026,15:00:58 19 Aug 2026,8/19/2026,,,901190,9011904,19aug2026
All polls,Morning Consult,,3/3/2025,3/9/2025,27685, RV,0.1716616,0,,42.92,44.98,-2.060001,44.97877,44.70128,0.2774925,https://pro.morningconsult.com/trackers/2026-midterm-election-generic-ballot-polls,12/15/2025,15:00:58 19 Aug 2026,8/19/2026,,,90839,908381,19aug2026
All polls,Clarity Campaign Labs,,3/3/2025,3/9/2025,1036, RV,0.6994112,0,,46,44,2,44.6091,43.07001,1.539089,https://static1.squarespace.com/static/61ae8d5e55be5c7314b4c83a/t/67d0921f11ba8d57a17670a9/1741722147070/Clarity+Omnibus+Overview+-+March+2025+PUBLIC.pdf,3/9/2025,15:00:58 19 Aug 2026,8/19/2026,,,900268,219133,19aug2026
All polls,Morning Consult,,3/6/2026,3/8/2026,2002, RV,0.0479832,0,,47,43,4,49.05877,42.72128,6.33749,https://pro.morningconsult.com/trackers/donald-trump-congress-policy-republicans-polling,3/12/2026,15:00:58 19 Aug 2026,8/19/2026,,,901196,9011962,19aug2026
All polls,Morning Consult,,3/2/2026,3/8/2026,25948, RV,0.133038,0,,44,42,2,46.05877,41.72128,4.33749,https://pro.morningconsult.com/trackers/2026-midterm-election-generic-ballot-polls,3/12/2026,15:00:58 19 Aug 2026,8/19/2026,,,901198,9011981,19aug2026
All polls,McLaughlin & Associates,America's New Majority Project,3/4/2025,3/7/2025,1655, LV,0.3117336,0,,45.1,47.8,-2.700001,46.94715,45.8948,1.052353,https://americasnewmajorityproject.com/most-americans-support-trumps-maha-agenda/,3/7/2025,15:00:58 19 Aug 2026,8/19/2026,,REP,900267,219273,19aug2026
All polls,Noble Predictive Insights,Center Square,3/2/2026,3/5/2026,2659, RV,1.46966,0,,44,43,1,44.90453,42.99992,1.90461,https://www.thecentersquare.com/national/article_c3795c17-be14-4566-a625-eb38b4ffc1bf.html,3/14/2026,15:00:58 19 Aug 2026,8/19/2026,,,901204,9012042,19aug2026
All polls,Cygnal,,3/3/2025,3/5/2025,1500, LV,1.212618,0,,47.4,45.9,1.5,46.48506,44.13012,2.354942,https://www.cygn.al/poll-48-percent-support-trump-negotiating-settlement-to-war-in-ukraine-as-optimism-at-home-rises/,3/5/2025,15:00:58 19 Aug 2026,8/19/2026,,,900272,219134,19aug2026
All polls,RMG Research,Napolitan News Service,3/2/2026,3/4/2026,2000, RV,0.6428904,0,,46,46,0,46.60815,43.61016,2.99799,https://napolitannews.org/posts/generic-ballot-dem-44-percent-gop-43-dems-also-more-enthusiastic,3/6/2026,15:00:58 19 Aug 2026,8/19/2026,,,901176,9011761,19aug2026
All polls,Cygnal,,3/3/2026,3/4/2026,1500, LV,1.048102,0,,49,44.8,4.200001,48.08506,43.03012,5.054939,https://www.cygn.al/wp-content/uploads/2026/03/23673-Cygnal-National-Mar26-NVT-Deck-Public.pdf,3/9/2026,15:00:58 19 Aug 2026,8/19/2026,,,901188,9011881,19aug2026
All polls,Marist University,NPR | PBS News,3/2/2026,3/4/2026,1392, RV,1.162056,0,,53,44,9,50.44095,43.92122,6.51973,https://maristpoll.marist.edu/wp-content/uploads/2026/03/NPR_PBS-News_Marist-Poll_USA-NOS-and-Tables_202603091024.pdf,3/11/2026,15:00:58 19 Aug 2026,8/19/2026,,,901194,9011943,19aug2026
All polls,Morning Consult,,3/24/2025,3/30/2025,27397, RV,0.1621203,0,,43.6,44.44,-0.8400002,45.65877,44.16128,1.49749,https://pro.morningconsult.com/trackers/2026-midterm-election-generic-ballot-polls,12/15/2025,15:00:58 19 Aug 2026,8/19/2026,,,90842,908411,19aug2026
All polls,Hart Research Associates/Public Opinion Strategies,NBC News,2/27/2026,3/3/2026,1000, RV,1.026943,0,,50,44,6,48.68138,42.41261,6.268772,https://www.nbcnews.com/politics/2026-election/poll-trump-struggles-immigration-prices-iran-democrats-midterm-edge-rcna261861,3/8/2026,15:00:58 19 Aug 2026,8/19/2026,,,901183,9011832,19aug2026
All polls,Emerson College,,3/2/2025,3/3/2025,1000, RV,1.17192,0,,44.4,41.4,3,44.43246,42.17551,2.25695,https://emersoncollegepolling.com/march-2025-national-poll/,3/3/2025,15:00:58 19 Aug 2026,8/19/2026,,,89624,218732,19aug2026
All polls,Morning Consult,,3/17/2025,3/23/2025,27364, RV,0.1642994,0,,43.09,44.61,-1.52,45.14877,44.33128,0.8174896,https://pro.morningconsult.com/trackers/2026-midterm-election-generic-ballot-polls,12/15/2025,15:00:58 19 Aug 2026,8/19/2026,,,90841,908401,19aug2026
All polls,Ipsos,Reuters,3/21/2025,3/23/2025,911, RV,0.5454781,0,,38,38,0,42.99319,41.42639,1.566799,https://www.reuters.com/data/which-party-do-americans-want-run-congress-2025-11-05/,12/15/2025,15:00:58 19 Aug 2026,8/19/2026,,,900299,908271,19aug2026
All polls,YouGov,Economist,2/27/2026,3/2/2026,1366, RV,0.1725035,0,,45,41,4,47.47596,42.70036,4.7756,https://d3nkl3psvxxpe9.cloudfront.net/documents/econTabReport_ubu5DXD.pdf,3/3/2026,15:00:58 19 Aug 2026,8/19/2026,,,901163,9011634,19aug2026
All polls,Morning Consult,,2/24/2025,3/2/2025,28092, RV,0.1788053,0,,42.96,44.61,-1.650002,45.01877,44.33128,0.6874886,https://pro.morningconsult.com/trackers/2026-midterm-election-generic-ballot-polls,12/15/2025,15:00:58 19 Aug 2026,8/19/2026,,,90838,908371,19aug2026
All polls,Public Opinion Strategies,Paragon Health Institute,2/25/2025,3/2/2025,1000, RV,1.202772,0,,44,46,-2,44.89045,45.81695,-0.9265022,https://paragoninstitute.org/medicaid/paragon-health-policy-survey-2025/,3/2/2025,15:00:58 19 Aug 2026,8/19/2026,,,900289,219137,19aug2026
All polls,"Normington, Petts & Associates",Third Way,3/12/2025,3/19/2025,800, LV,0.8875322,0,,50,50,0,50.2566,49.35347,0.9031296,https://www.thirdway.org/polling/democrats-immigration-opportunity,3/19/2025,15:00:58 19 Aug 2026,8/19/2026,,,89821,219302,19aug2026
All polls,Morning Consult,,3/10/2025,3/16/2025,26877, RV,0.1657467,0,,43.2,44.95,-1.75,45.25877,44.67128,0.5874901,https://pro.morningconsult.com/trackers/2026-midterm-election-generic-ballot-polls,12/15/2025,15:00:58 19 Aug 2026,8/19/2026,,,90840,908391,19aug2026
All polls,Echelon Insights,,3/10/2025,3/13/2025,1007, LV,1.006631,0,,46,47,-1,44.91322,44.6309,0.2823181,https://echeloninsights.com/in-the-news/march-2025-verified-voter-omnibus-2-2-2/,3/13/2025,15:00:58 19 Aug 2026,8/19/2026,,,900276,219135,19aug2026
All polls,Change Research,,3/8/2026,3/12/2026,1540, RV,0.4309449,0,,47,41,6,48.4683,41.59066,6.87764,https://portal.changeresearch.com/portal/projects/61cdcd30-3c32-4785-9ccb-5fe82cb36389,5/5/2026,15:00:58 19 Aug 2026,8/19/2026,,,901428,9014283,19aug2026
All polls,Hart Research Associates/Public Opinion Strategies,NBC News,3/7/2025,3/11/2025,1000, RV,1.06479,0,,48,47,1,46.68138,45.41261,1.268772,https://www.nbcnews.com/politics/politics-news/democratic-party-hits-new-polling-low-voters-want-fight-trump-harder-rcna196161,3/11/2025,15:00:58 19 Aug 2026,8/19/2026,,,900279,219136,19aug2026
All polls,McLaughlin & Associates,Tea Party Patriots,3/10/2026,3/10/2026,1000, LV,0.3235947,0,,46.9,43.3,3.600002,48.74715,41.3948,7.352352,https://www.teapartypatriots.org/save-america-act-poll/,3/18/2026,15:00:58 19 Aug 2026,8/19/2026,,REP,901222,9012221,19aug2026
All polls,Focaldata,,3/6/2026,3/10/2026,1534, RV,0.580347,0,,48,42,6,47.3651,41.54081,5.824291,https://www.focaldata.com/blog/democrats-increase-lead-and-rubio-stock-surges-amid-iran-war,3/13/2026,15:00:58 19 Aug 2026,8/19/2026,,,901203,9012034,19aug2026
All polls,Morning Consult,,2/23/2026,3/1/2026,25404, RV,0.1301255,0,,45,42,3,47.05877,41.72128,5.33749,https://pro.morningconsult.com/trackers/2026-midterm-election-generic-ballot-polls,3/12/2026,15:00:58 19 Aug 2026,8/19/2026,,,901197,9011971,19aug2026
All polls,YouGov,Economist,2/6/2026,2/9/2026,1551, RV,0.1801741,0,,44,38,6,46.47596,39.70036,6.7756,https://d3nkl3psvxxpe9.cloudfront.net/documents/econTabReport_vNnwPx2.pdf,2/10/2026,15:00:58 19 Aug 2026,8/19/2026,,,901094,9010944,19aug2026
All polls,Morning Consult,,2/6/2026,2/9/2026,2200, RV,0.0483243,0,,45,41,4,47.05877,40.72128,6.33749,https://pro.morningconsult.com/trackers/donald-trump-congress-policy-republicans-polling#trump-s-performance-on-the-issues,2/9/2026,15:00:58 19 Aug 2026,8/19/2026,,,901091,9010912,19aug2026
All polls,Morning Consult,,2/3/2025,2/9/2025,26690, RV,0.2112717,0,,42.65,45.22,-2.57,44.70877,44.94128,-0.2325096,https://pro.morningconsult.com/trackers/2026-midterm-election-generic-ballot-polls,12/15/2025,15:00:58 19 Aug 2026,8/19/2026,,,90835,908341,19aug2026
All polls,Morning Consult,,2/2/2026,2/8/2026,24606, RV,0.1268728,0,,45,42,3,47.05877,41.72128,5.33749,https://pro.morningconsult.com/trackers/2026-midterm-election-generic-ballot-polls,2/9/2026,15:00:58 19 Aug 2026,8/19/2026,,,901093,9010931,19aug2026
All polls,Clarity Campaign Labs,,1/31/2025,2/6/2025,1102, RV,0.7783728,0,,45,44,1,43.6091,43.07001,0.5390892,https://static1.squarespace.com/static/61ae8d5e55be5c7314b4c83a/t/67aa57a7976e415c4d212706/1739216809584/Clarity+Omnibus+Overview+-+Jan_Feb+2025.pdf,2/6/2025,15:00:58 19 Aug 2026,8/19/2026,,,89553,218119,19aug2026
All polls,John Zogby Strategies,,2/4/2026,2/5/2026,1000, LV,0.7672434,0,,46.9,41.2,5.700001,46.68377,40.95523,5.728539,https://johnzogbystrategies.com/the-presidents-approval-ratings-underwater-on-overall-job-all-key-voter-issues/,2/7/2026,15:00:58 19 Aug 2026,8/19/2026,,,901087,9010872,19aug2026
All polls,Cygnal,,2/4/2025,2/5/2025,1500, LV,1.215793,0,,46.2,47.2,-1,45.28506,45.43012,-0.1450577,https://www.cygn.al/poll-trump-winning-over-black-men-dei-skeptics-and-border-hawks-as-democrats-lose-ground/,2/5/2025,15:00:58 19 Aug 2026,8/19/2026,,,89560,218218,19aug2026
All polls,Cygnal,,2/3/2026,2/4/2026,1500, LV,1.035055,0,,47.8,44.4,3.399998,46.88506,42.63012,4.25494,https://www.cygn.al/wp-content/uploads/2026/02/23572-Cygnal-National-NVT-Feb26-Deck-Public.pdf,2/11/2026,15:00:58 19 Aug 2026,8/19/2026,,,901099,9010991,19aug2026
All polls,TIPP Insights,Issues & Insights,2/24/2026,2/27/2026,1264, RV,1.235537,0,,45.5,44.2,1.299999,46.50702,44.05783,2.449188,https://tippinsights.com/americas-stalemate/,3/13/2026,15:00:58 19 Aug 2026,8/19/2026,,,901202,9012021,19aug2026
All polls,Cygnal,American Principles Project,2/24/2026,2/26/2026,1048, LV,0.897121,0,,48.3,44.6,3.700001,47.559,42.65618,4.902817,https://act.americanprinciplesproject.org/p/protect-kids-online/results?access=press,3/6/2026,15:00:58 19 Aug 2026,8/19/2026,,REP,901177,9011771,19aug2026
All polls,HarrisX,Harvard CAPS,2/25/2026,2/26/2026,1560, LV,0.5844427,0,,50,50,0,48.6767,46.33487,2.341831,https://harvardharrispoll.com/key-results-february-2026/,3/2/2026,15:00:58 19 Aug 2026,8/19/2026,,,901161,9011615,19aug2026
All polls,Ipsos,Reuters,2/18/2026,2/23/2026,3686, RV,0.4829522,0,,40,38,2,44.99319,41.42639,3.566799,https://www.reuters.com/world/us/most-americans-say-trump-is-growing-erratic-with-age-reutersipsos-poll-finds-2026-02-24/,2/24/2026,15:00:58 19 Aug 2026,8/19/2026,,,901130,9011303,19aug2026
All polls,YouGov,Economist,2/20/2026,2/23/2026,1402, RV,0.1718835,0,,45,41,4,47.47596,42.70036,4.7756,https://d3nkl3psvxxpe9.cloudfront.net/documents/econTabReport_5ZLQm8s.pdf,2/24/2026,15:00:58 19 Aug 2026,8/19/2026,,,901129,9011294,19aug2026
All polls,GrayHouse,America One Policies,2/20/2026,2/23/2026,1394, RV,0.8174829,0,,43,40,3,44.2806,39.87118,4.40942,https://www.americaonepolicies.com/polls/attitudes-on-iran-the-economy-and-affordability,3/5/2026,15:00:58 19 Aug 2026,8/19/2026,,REP,901173,9011731,19aug2026
All polls,Echelon Insights,,2/19/2026,2/23/2026,1002, LV,0.8725334,0,,50,46,4,48.91322,43.6309,5.282318,https://echeloninsights.com/in-the-news/february-2026-verified-voter-omnibus/,2/23/2026,15:00:58 19 Aug 2026,8/19/2026,,,901127,9011272,19aug2026
All polls,YouGov,Pennsylvania State University McCourtney Institute for Democracy,2/18/2026,2/23/2026,824, RV,0.1379884,0,,42,37,5,44.47596,38.70036,5.7756,https://democracy.psu.edu/poll-report-archive/democrats-have-edge-in-congressional-generic-ballot/,3/10/2026,15:00:58 19 Aug 2026,8/19/2026,,,901191,9011911,19aug2026
All polls,Morning Consult,,2/17/2025,2/23/2025,27621, RV,0.1862507,0,,42.1,45.1,-3,44.15877,44.82128,-0.6625099,https://pro.morningconsult.com/trackers/2026-midterm-election-generic-ballot-polls,12/15/2025,15:00:58 19 Aug 2026,8/19/2026,,,90837,908361,19aug2026
All polls,Ipsos,Reuters,2/21/2025,2/23/2025,891, RV,0.5598569,0,,38,40,-2,42.99319,43.42639,-0.4332008,https://www.reuters.com/data/which-party-do-americans-want-run-congress-2025-11-05/,12/15/2025,15:00:58 19 Aug 2026,8/19/2026,,,89602,908281,19aug2026
All polls,Morning Consult,,2/20/2026,2/22/2026,2002, RV,0.0466766,0,,46,42,4,48.05877,41.72128,6.33749,https://pro.morningconsult.com/trackers/donald-trump-congress-policy-republicans-polling,2/25/2026,15:00:58 19 Aug 2026,8/19/2026,,,901137,9011372,19aug2026
All polls,Morning Consult,,2/16/2026,2/22/2026,26087, RV,0.129711,0,,45,42,3,47.05877,41.72128,5.33749,https://pro.morningconsult.com/trackers/2026-midterm-election-generic-ballot-polls,2/26/2026,15:00:58 19 Aug 2026,8/19/2026,,,901141,9011411,19aug2026
All polls,Global Strategy Group,Campaign For A Family Friendly Economy (PAC),2/17/2026,2/22/2026,1051, LV,1.020801,0,,48,40,8,47.93576,40.56192,7.37384,https://www.semafor.com/article/03/23/2026/poll-caretaking-anecdotes-resonate-with-voters,3/24/2026,15:00:58 19 Aug 2026,8/19/2026,,,901245,9012451,19aug2026
All polls,Emerson College,,2/21/2026,2/22/2026,1000, LV,1.022207,0,,50.4,42.4,8,50.43246,43.17551,7.25695,https://emersoncollegepolling.com/february-2026-national-poll-trump-approval-steady-as-disapproval-rises-vance-leads-gop-field-while-democrats-hold-midterm-edge/,2/26/2026,15:00:58 19 Aug 2026,8/19/2026,,,901139,9011392,19aug2026
All polls,RMG Research,Napolitan Institute,2/20/2025,2/21/2025,1000, RV,0.7005252,0,,46,48,-2,46.60815,45.61016,0.9979897,https://x.com/ScottWRasmussen/status/1894720317291114920,2/21/2025,15:00:58 19 Aug 2026,8/19/2026,,,89604,218572,19aug2026
All polls,Verasight,Strength in Numbers,2/18/2026,2/20/2026,1401, RV,0.4937717,0,,52,42,10,50.17176,42.07751,8.09425,https://www.gelliottmorris.com/p/ahead-of-state-of-the-union-address,2/24/2026,15:00:58 19 Aug 2026,8/19/2026,,,901131,9011314,19aug2026
All polls,YouGov,Economist,1/30/2026,2/2/2026,1504, RV,0.1809378,0,,44,40,4,46.47596,41.70036,4.7756,https://d3nkl3psvxxpe9.cloudfront.net/documents/econTabReport_DDIQ8jz.pdf,2/3/2026,15:00:58 19 Aug 2026,8/19/2026,,,901075,9010754,19aug2026
All polls,Morning Consult,,1/27/2025,2/2/2025,29303, RV,0.242181,0,,42.85,43.76,-0.9099998,44.90877,43.48128,1.42749,https://pro.morningconsult.com/trackers/2026-midterm-election-generic-ballot-polls,12/15/2025,15:00:58 19 Aug 2026,8/19/2026,,,90834,908331,19aug2026
All polls,Talker Research,Scripps News,2/13/2026,2/19/2026,1000, A,0.7470228,0,,42,36,6,42.90172,37.51338,5.38834,https://www.scrippsnews.com/politics/scripps-news-talker-research-poll-high-interest-in-state-of-the-union-amid-economic-worries,2/24/2026,15:00:58 19 Aug 2026,8/19/2026,,,901134,9011342,19aug2026
All polls,Change Research,,2/5/2026,2/18/2026,1741, RV,0.4617745,0,,43,40,3,44.4683,40.59066,3.87764,https://portal.changeresearch.com/portal/projects/9c8a3c8a-70c6-47f8-80bf-596426bc3318,5/5/2026,15:00:58 19 Aug 2026,8/19/2026,,,901427,9014272,19aug2026
All polls,YouGov,Bowling Green State University,2/13/2026,2/18/2026,1200, RV,0.1607052,0,,49,41,8,51.47596,42.70036,8.7756,https://scholarworks.bgsu.edu/cgi/viewcontent.cgi?article=1017&context=depo,2/24/2026,15:00:58 19 Aug 2026,8/19/2026,,,901133,9011332,19aug2026
All polls,YouGov,The Economist,2/16/2025,2/18/2025,1451, RV,0.8102629,0,,42,41,1,44.47596,42.70036,1.7756,https://d3nkl3psvxxpe9.cloudfront.net/documents/econTabReport_OFVhPxp.pdf,2/18/2025,15:00:58 19 Aug 2026,8/19/2026,,,89579,218440,19aug2026
All polls,McLaughlin & Associates,,2/11/2025,2/18/2025,1000, LV,0.2479396,0,,41,48,-7,42.67063,46.27132,-3.600689,https://mclaughlinonline.com/pols/wp-content/uploads/2025/02/National-February-Presentation-RELEASE-02-18-25.pdf,2/18/2025,15:00:58 19 Aug 2026,8/19/2026,,,89590,218441,19aug2026
All polls,Ipsos,The Washington Post | ABC News,2/12/2026,2/17/2026,2087, RV,0.3844451,0,,47,45,2,51.99319,48.42639,3.566799,https://www.washingtonpost.com/politics/2026/02/25/poll-democrats-trump-republicans-midterms/,2/26/2026,15:00:58 19 Aug 2026,8/19/2026,,,901121,9011213,19aug2026
All polls,co/efficient,,2/15/2025,2/17/2025,2063, LV,1.185373,0,,44,46,-2,44.65431,44.97897,-0.3246613,https://coefficient.org/doge-part-2/,2/17/2025,15:00:58 19 Aug 2026,8/19/2026,,REP,89596,218564,19aug2026
All polls,McLaughlin & Associates,U.S. Chamber of Commerce,2/13/2025,2/17/2025,1600, LV,0.2992223,0,,43,47,-4,44.84715,45.0948,-0.2476501,https://www.uschamber.com/assets/documents/USCC_National-Tax-Survey_Deck_Feb-2025.pdf,2/17/2025,15:00:58 19 Aug 2026,8/19/2026,,REP,89766,219131,19aug2026
All polls,The Bullfinch Group,Independent Center,2/13/2026,2/16/2026,1000, RV,0.6390123,0,,46,35,11,48.20786,38.69843,9.50943,https://www.thebullfinchgroup.com/post/public-release-of-bullfinch-mainframe-q1-nationwide-survey,6/4/2026,15:00:58 19 Aug 2026,8/19/2026,,,901515,9015154,19aug2026
All polls,Ipsos,Reuters,2/13/2026,2/16/2026,846, RV,0.2666899,0,,41,37,4,45.99319,40.42639,5.566799,https://www.reuters.com/world/us/trumps-immigration-approval-hits-new-low-according-reutersipsos-poll-2026-02-17/,2/18/2026,15:00:58 19 Aug 2026,8/19/2026,,,901116,9011163,19aug2026
All polls,Morning Consult,,2/13/2026,2/16/2026,2200, RV,0.0481543,0,,45,41,4,47.05877,40.72128,6.33749,https://pro.morningconsult.com/trackers/donald-trump-congress-policy-republicans-polling,2/17/2026,15:00:58 19 Aug 2026,8/19/2026,,,901115,9011152,19aug2026
All polls,YouGov,Economist,2/13/2026,2/16/2026,1512, RV,0.1762925,0,,47,40,7,49.47596,41.70036,7.7756,https://d3nkl3psvxxpe9.cloudfront.net/documents/econTabReport_usZL1Jt.pdf,2/17/2026,15:00:58 19 Aug 2026,8/19/2026,,,901112,9011124,19aug2026
All polls,Morning Consult,,2/10/2025,2/16/2025,27203, RV,0.1968723,0,,42.33,45.23,-2.899998,44.38877,44.95128,-0.5625076,https://pro.morningconsult.com/trackers/2026-midterm-election-generic-ballot-polls,12/15/2025,15:00:58 19 Aug 2026,8/19/2026,,,90836,908351,19aug2026
All polls,Morning Consult,,2/9/2026,2/15/2026,12505, RV,0.0965183,0,,45,42,3,47.05877,41.72128,5.33749,https://pro.morningconsult.com/trackers/2026-midterm-election-generic-ballot-polls,2/27/2026,15:00:58 19 Aug 2026,8/19/2026,,,901151,9011511,19aug2026
All polls,Echelon Insights,,2/10/2025,2/13/2025,1010, LV,1.107661,0,,46,47,-1,44.91322,44.6309,0.2823181,https://echeloninsights.com/in-the-news/feb-2025-verified-voter-omnibus-2-2/,2/13/2025,15:00:58 19 Aug 2026,8/19/2026,,,89566,218247,19aug2026
All polls,RMG Research,Napolitan News Service,2/9/2026,2/12/2026,2000, RV,0.6404142,0,,45,47,-2,45.60815,44.61016,0.9979897,https://napolitannews.org/posts/generic-ballot-gop-44-percent-dem-41-but-dems-more-enthusiastic,2/13/2026,15:00:58 19 Aug 2026,8/19/2026,,,901104,9011041,19aug2026
All polls,YouGov,Yahoo News,2/9/2026,2/12/2026,1149, RV,0.1589617,0,,44,41,3,46.47596,42.70036,3.7756,https://www.yahoo.com/news/politics/article/poll-trumps-approval-rating-hits-new-low-as-immigration-backlash-grows-and-ice-withdraws-from-minnesota-204723473.html,2/19/2026,15:00:58 19 Aug 2026,8/19/2026,,,901108,9011083,19aug2026
All polls,The Argument/Verasight,,2/4/2026,2/10/2026,3003, RV,0.8525737,0,,53,47,6,49.82795,43.74614,6.08181,https://www.theargumentmag.com/p/the-trans-rights-backlash-is-real,2/17/2026,15:00:58 19 Aug 2026,8/19/2026,,,901113,9011132,19aug2026
All polls,Focaldata,,2/10/2026,2/10/2026,957, LV,0.5549732,0,,51.1,43.6,7.5,50.4651,43.14081,7.324291,https://www.focaldata.com/blog/cost-of-living-fuelling-democrat-strength-in-new-midterms-polling,2/13/2026,15:00:58 19 Aug 2026,8/19/2026,,,901106,9011066,19aug2026
All polls,Morning Consult,,1/30/2026,2/1/2026,2201, RV,0.0485623,0,,47,42,5,49.05877,41.72128,7.33749,https://pro.morningconsult.com/trackers/donald-trump-congress-policy-republicans-polling,2/2/2026,15:00:58 19 Aug 2026,8/19/2026,,,901072,9010722,19aug2026
All polls,Morning Consult,,1/26/2026,2/1/2026,25492, RV,0.1294968,0,,44,42,2,46.05877,41.72128,4.33749,https://pro.morningconsult.com/trackers/2026-midterm-election-generic-ballot-polls,2/9/2026,15:00:58 19 Aug 2026,8/19/2026,,,901092,9010921,19aug2026
All polls,"Fabrizio, Lee & Associates/Impact Research",AARP,1/27/2025,2/1/2025,3000, RV,1.015174,0,,43,43,0,43.45829,43.30269,0.1556015,https://www.aarp.org/content/dam/aarp/research/topics/voter-opinion-research/politics/federal-tax-package-legislative-priorities.doi.10.26419-2fres.00921.001.pdf,2/1/2025,15:00:58 19 Aug 2026,8/19/2026,,,89555,218160,19aug2026
All polls,Hart Research Associates/Public Opinion Strategies,CNBC,12/4/2025,12/8/2025,800, RV,0.9065882,0,,50,46,4,48.68138,44.41261,4.268772,https://fm.cnbc.com/applications/cnbc.com/resources/editorialfiles/2025/12/16/TOPLINES_250313_CNBC_AAES_Q4_2025_new.pdf,12/17/2025,15:00:58 19 Aug 2026,8/19/2026,,,900958,9009582,19aug2026
All polls,Ipsos,Reuters,12/3/2025,12/8/2025,3521, RV,0.5110547,0,,40,39,1,44.99319,42.42639,2.566799,https://www.reuters.com/data/trumps-approval-rating-2025-01-21/,12/15/2025,15:00:58 19 Aug 2026,8/19/2026,,,900932,9009324,19aug2026
All polls,GrayHouse,America One Policies,12/6/2025,12/8/2025,2058, RV,0.8931435,0,,45,41,4,46.2806,40.87118,5.40942,https://www.americaonepolicies.com/polls/selling-the-one-big-beautiful-bill,3/6/2026,15:00:58 19 Aug 2026,8/19/2026,,REP,901182,9011821,19aug2026
All polls,YouGov,Economist,12/5/2025,12/8/2025,1380, RV,0.1882515,0,,42,37,5,44.47596,38.70036,5.7756,https://d3nkl3psvxxpe9.cloudfront.net/documents/econTabReport_qLhWxpK.pdf,12/15/2025,15:00:58 19 Aug 2026,8/19/2026,,,900931,908082,19aug2026
All polls,Morning Consult,,12/5/2025,12/7/2025,2201, RV,0.0488355,0,,46,43,3,48.05877,42.72128,5.33749,https://pro.morningconsult.com/trackers/donald-trump-congress-policy-republicans-polling,12/15/2025,15:00:58 19 Aug 2026,8/19/2026,,,900929,908121,19aug2026
All polls,Morning Consult,,12/1/2025,12/7/2025,19970, RV,0.1173499,0,,44.22,42.82,1.400002,46.27877,42.54128,3.737492,https://pro.morningconsult.com/trackers/2026-midterm-election-generic-ballot-polls,12/15/2025,15:00:58 19 Aug 2026,8/19/2026,,,90878,908771,19aug2026
All polls,Cygnal,,12/5/2025,12/7/2025,1500, LV,1.177523,0,,48,44.1,3.900002,47.08506,42.33012,4.75494,https://www.cygn.al/wp-content/uploads/2025/12/23448-Cygnal-National-Dec25-NVT-Deck-Public.pdf,12/15/2025,15:00:58 19 Aug 2026,8/19/2026,,,90811,908111,19aug2026
All polls,RMG Research,Napolitan Institute,12/1/2025,12/4/2025,2000, RV,0.6809877,0,,44,48,-4,44.60815,45.61016,-1.00201,https://napolitannews.org/posts/generic-ballot-gop-45-percent-dem-41,12/15/2025,15:00:58 19 Aug 2026,8/19/2026,,,90807,908071,19aug2026
All polls,YouGov,Economist,12/26/2025,12/29/2025,1420, RV,0.1900602,0,,42,38,4,44.47596,39.70036,4.7756,https://d3nkl3psvxxpe9.cloudfront.net/documents/econTabReport_h1aYmmb.pdf,12/30/2025,15:00:58 19 Aug 2026,8/19/2026,,,900985,9009854,19aug2026
All polls,YouGov,Economist,12/20/2025,12/22/2025,1425, RV,0.1923153,0,,43,40,3,45.47596,41.70036,3.7756,https://d3nkl3psvxxpe9.cloudfront.net/documents/econTabReport_nBgFw7w.pdf,12/23/2025,15:00:58 19 Aug 2026,8/19/2026,,,900976,9009764,19aug2026
All polls,Morning Consult,,12/15/2025,12/21/2025,20240, RV,0.1212738,0,,44.63,42.35,2.280003,46.68877,42.07128,4.617489,https://pro.morningconsult.com/trackers/2026-midterm-election-generic-ballot-polls,12/22/2025,15:00:58 19 Aug 2026,8/19/2026,,,900974,9009741,19aug2026
All polls,Morning Consult,,12/19/2025,12/21/2025,2203, RV,0.0502214,0,,47,43,4,49.05877,42.72128,6.33749,https://pro.morningconsult.com/trackers/donald-trump-congress-policy-republicans-polling,12/22/2025,15:00:58 19 Aug 2026,8/19/2026,,,900973,9009732,19aug2026
All polls,AtlasIntel,,12/15/2025,12/19/2025,2315, A,1.342132,0,,54.4,38.4,16,51.16071,39.13691,12.0238,https://www.atlasintel.org/poll/usa-national-2025-12-19,12/19/2025,15:00:58 19 Aug 2026,8/19/2026,,,900964,9009642,19aug2026
All polls,McLaughlin & Associates,,12/12/2025,12/19/2025,1000, LV,0.3829303,0,,46,45,1,47.67063,43.27132,4.399311,https://mclaughlinonline.com/2025/12/23/national-monthly-december-2025/,12/26/2025,15:00:58 19 Aug 2026,8/19/2026,,,900979,9009791,19aug2026
All polls,Fabrizio Ward,Building Americaâs Future,12/15/2025,12/17/2025,1000, RV,1.071721,0,,45,38,7,46.14936,38.34939,7.799973,https://buildingamericasfuture.com/wp-content/uploads/2025/12/AI-Federal-Preemption-National-Voter-Survey-Memo.pdf,12/22/2025,15:00:58 19 Aug 2026,8/19/2026,,REP,900970,9009701,19aug2026
All polls,Echelon Insights/GBAO,AARP,12/9/2025,12/16/2025,2023, LV,1.053675,0,,47,43,4,47.05951,42.81091,4.2486,https://www.aarp.org/content/dam/aarp/research/topics/work-finances-retirement/financial-security-retirement/shes-the-difference-financial-security-annotated-questionnaire.doi.10.26419-2fres.01033.002.pdf,2/12/2026,15:00:58 19 Aug 2026,8/19/2026,,,901102,9011022,19aug2026
All polls,McLaughlin & Associates,,12/11/2024,12/16/2024,1000, LV,0.474803,0,,42,47,-5,43.67063,45.27132,-1.600689,https://mclaughlinonline.com/2024/12/18/ma-poll-national-monthly-december-2024/,12/16/2024,15:00:58 19 Aug 2026,8/19/2026,,,89445,217185,19aug2026
All polls,Echelon Insights,,12/11/2025,12/15/2025,1011, LV,0.9524329,0,,48,45,3,46.91322,42.6309,4.282318,https://echelonin.wpenginepowered.com/wp-content/uploads/December-2025-Omnibus-Topline-External.pdf,12/16/2025,15:00:58 19 Aug 2026,8/19/2026,,,900948,9009482,19aug2026
All polls,YouGov,Economist,12/12/2025,12/15/2025,1453, RV,0.1937343,0,,43,39,4,45.47596,40.70036,4.7756,https://d3nkl3psvxxpe9.cloudfront.net/documents/econTabReport_FJyfDu9.pdf,12/16/2025,15:00:58 19 Aug 2026,8/19/2026,,,900947,9009474,19aug2026
All polls,Quinnipiac University,,12/11/2025,12/15/2025,1035, RV,0.9742082,0,,47,43,4,46.1162,43.58134,2.534859,https://poll.qu.edu/poll-release?releaseid=3943,12/17/2025,15:00:58 19 Aug 2026,8/19/2026,,,900955,9009552,19aug2026
All polls,Morning Consult,,12/12/2025,12/15/2025,2201, RV,0.04965,0,,45,44,1,47.05877,43.72128,3.33749,https://pro.morningconsult.com/trackers/donald-trump-congress-policy-republicans-polling,12/15/2025,15:00:58 19 Aug 2026,8/19/2026,,,900945,908321,19aug2026
All polls,Ipsos,Reuters,12/12/2025,12/15/2025,775, RV,0.2902109,0,,40,36,4,44.99319,39.42639,5.566799,https://www.reuters.com/data/which-party-do-americans-want-run-congress-2025-11-05/,12/16/2025,15:00:58 19 Aug 2026,8/19/2026,,,900951,9009512,19aug2026
All polls,Emerson College,,12/14/2025,12/15/2025,1000, RV,0.8940574,0,,43.5,41.7,1.799999,43.53246,42.47551,1.05695,https://emersoncollegepolling.com/december-2025-national-poll-trumps-approval-flips-since-start-of-the-year/,12/18/2025,15:00:58 19 Aug 2026,8/19/2026,,,900960,9009602,19aug2026
All polls,Ipsos,Reuters,12/13/2024,12/15/2024,890, RV,0.7307567,0,,41,37,4,45.99319,40.42639,5.566799,https://www.reuters.com/data/which-party-do-americans-want-run-congress-2025-11-05/,12/15/2025,15:00:58 19 Aug 2026,8/19/2026,,,90831,908301,19aug2026
All polls,Morning Consult,,12/8/2025,12/14/2025,19954, RV,0.1189745,0,,44.19,42.53,1.66,46.24877,42.25128,3.99749,https://pro.morningconsult.com/trackers/2026-midterm-election-generic-ballot-polls,12/16/2025,15:00:58 19 Aug 2026,8/19/2026,,,900952,9009521,19aug2026
All polls,Clarity Campaign Labs,,12/4/2025,12/11/2025,1000, RV,0.7103853,0,,49,44,5,47.6091,43.07001,4.539089,https://www.claritycampaigns.com/clarity-omnibus-dec-2025,12/16/2025,15:00:58 19 Aug 2026,8/19/2026,,,900949,9009492,19aug2026
All polls,The Argument/Verasight,,12/5/2025,12/11/2025,1521, RV,0.7103798,0,,50.6,49.4,1.199997,47.42794,46.14614,1.281799,https://www.theargumentmag.com/p/have-democrats-lost-their-education,12/16/2025,15:00:58 19 Aug 2026,8/19/2026,,,900950,9009502,19aug2026
All polls,Cygnal,,12/9/2024,12/11/2024,1500, LV,1.407075,0,,44.6,48.4,-3.800003,43.68506,46.63012,-2.945061,https://www.cygn.al/poll-musk-most-effective-trump-surrogate-as-voters-rally-behind-doge-deportations-and-congressional-republicans/,12/11/2024,15:00:58 19 Aug 2026,8/19/2026,,,89437,217076,19aug2026
All polls,Change Research,,12/5/2025,12/10/2025,1520, RV,0.4784936,0,,43,43,0,44.4683,43.59066,0.8776398,https://portal.changeresearch.com/portal/projects/462322ed-5e5a-43bd-b4ff-43acb1d433e2,5/5/2026,15:00:58 19 Aug 2026,8/19/2026,,,901425,9014252,19aug2026
All polls,YouGov,Economist,11/28/2025,12/1/2025,1456, RV,0.1902269,0,,45,39,6,47.47596,40.70036,6.7756,https://d3nkl3psvxxpe9.cloudfront.net/documents/econTabReport_szm0BQt.pdf,12/2/2025,15:00:58 19 Aug 2026,8/19/2026,,,900913,908002,19aug2026
All polls,Morning Consult,,11/3/2025,11/9/2025,21394, RV,0.1134572,0,,43.83,42.3,1.530003,45.88877,42.02128,3.867493,https://pro.morningconsult.com/trackers/2026-midterm-election-generic-ballot-polls,12/15/2025,15:00:58 19 Aug 2026,8/19/2026,,,90874,908731,19aug2026
All polls,Morning Consult,,11/7/2025,11/9/2025,2201, RV,0.0458544,0,,48,43,5,50.05877,42.72128,7.33749,https://pro.morningconsult.com/trackers/donald-trump-congress-policy-republicans-polling,11/12/2025,15:00:58 19 Aug 2026,8/19/2026,,,900862,907701,19aug2026
All polls,Cygnal,,11/5/2025,11/6/2025,1500, LV,1.198579,0,,50,44,6,49.08506,42.23012,6.854939,https://www.cygn.al/poll-voters-say-less-socialism-more-stabilityeconomic-concerns-surge-heading-into-2026/,11/14/2025,15:00:58 19 Aug 2026,8/19/2026,,,90781,907811,19aug2026
All polls,Emerson College,,11/3/2025,11/4/2025,1000, RV,0.9000256,0,,43.5,40.1,3.400002,43.53246,40.87551,2.656948,https://emersoncollegepolling.com/november-2025-national-poll/,11/12/2025,15:00:58 19 Aug 2026,8/19/2026,,,900856,907691,19aug2026
All polls,Morning Consult,,11/26/2025,11/30/2025,2200, RV,0.0478408,0,,45,41,4,47.05877,40.72128,6.33749,https://pro.morningconsult.com/trackers/donald-trump-congress-policy-republicans-polling,12/2/2025,15:00:58 19 Aug 2026,8/19/2026,,,900911,907991,19aug2026
All polls,Morning Consult,,11/24/2025,11/30/2025,21658, RV,0.1190034,0,,44,42.42,1.580002,46.05877,42.14128,3.917488,https://pro.morningconsult.com/trackers/2026-midterm-election-generic-ballot-polls,12/15/2025,15:00:58 19 Aug 2026,8/19/2026,,,90877,908761,19aug2026
All polls,YouGov,The Economist,10/31/2025,11/3/2025,1470, RV,0.1846349,0,,44,41,3,46.47596,42.70036,3.7756,https://d3nkl3psvxxpe9.cloudfront.net/documents/econTabReport_5RO6eos.pdf,11/12/2025,15:00:58 19 Aug 2026,8/19/2026,,,90768,907682,19aug2026
All polls,GBAO,Third Way,11/19/2025,11/26/2025,2000, RV,1.12634,0,,48,42,6,47.80408,42.4432,5.360882,https://uploads.thirdway.org/downloads/food-medicine-fuel-for-a-wave/Third-WayGBAO-National-Framing-Survey-Toplines-November-2025.pdf,12/26/2025,15:00:58 19 Aug 2026,8/19/2026,,,900980,9009802,19aug2026
All polls,J.L. Partners,DailyMail.com,11/19/2025,11/25/2025,797, LV,0.9288057,0,,50,46,4,50.08195,47.12576,2.956192,https://jlpartners.com/nov25-rv,12/6/2025,15:00:58 19 Aug 2026,8/19/2026,,,90806,908061,19aug2026
All polls,The Bullfinch Group,,11/21/2025,11/25/2025,1000, RV,0.6282905,0,,41,35,6,43.20786,38.69843,4.50943,https://www.thebullfinchgroup.com/post/public-release-of-bullfinch-q4-nationwide-survey-3,12/2/2025,15:00:58 19 Aug 2026,8/19/2026,,,900910,907982,19aug2026
All polls,McLaughlin & Associates,,11/17/2025,11/24/2025,1000, LV,0.3746423,0,,45,44,1,46.67063,42.27132,4.399311,https://mclaughlinonline.com/pols/wp-content/uploads/2025/11/National-November-Presentation-RELEASE-11-25-25-1.pdf,11/28/2025,15:00:58 19 Aug 2026,8/19/2026,,,90797,907971,19aug2026
All polls,YouGov,Economist,11/21/2025,11/24/2025,1511, RV,0.1909047,0,,44,39,5,46.47596,40.70036,5.7756,https://d3nkl3psvxxpe9.cloudfront.net/documents/econTabReport_uZaQqtv.pdf,11/25/2025,15:00:58 19 Aug 2026,8/19/2026,,,900900,907942,19aug2026
All polls,YouGov,Yahoo News,11/20/2025,11/24/2025,1131, RV,0.1699167,0,,43,40,3,45.47596,41.70036,3.7756,"https://www.scribd.com/document/955905163/Yahoo-YouGov-Politics-Poll-November-2025#content=query:election,pageNum:2,indexOnPage:0,bestMatch:false",11/28/2025,15:00:58 19 Aug 2026,8/19/2026,,,900905,907961,19aug2026
All polls,Morning Consult,,11/17/2025,11/23/2025,19675, RV,0.112463,0,,43.7,42.11,1.59,45.75877,41.83128,3.92749,https://pro.morningconsult.com/trackers/2026-midterm-election-generic-ballot-polls,12/15/2025,15:00:58 19 Aug 2026,8/19/2026,,,90876,908751,19aug2026
All polls,Rasmussen Reports,,11/18/2025,11/23/2025,2410, LV,1.250664,0,,45,42,3,46.12323,41.90679,4.216438,https://www.rasmussenreports.com/public_content/politics/mood_of_america/generic_congressional_ballot_dec03,12/3/2025,15:00:58 19 Aug 2026,8/19/2026,,REP,90801,908011,19aug2026
All polls,Morning Consult,,11/21/2025,11/23/2025,2200, RV,0.0471044,0,,45,43,2,47.05877,42.72128,4.33749,https://pro.morningconsult.com/trackers/donald-trump-congress-policy-republicans-polling,11/25/2025,15:00:58 19 Aug 2026,8/19/2026,,,900898,907921,19aug2026
All polls,Morning Consult,,10/31/2025,11/2/2025,2202, RV,0.0456111,0,,45,42,3,47.05877,41.72128,5.33749,https://pro.morningconsult.com/trackers/donald-trump-congress-policy-republicans-polling,11/12/2025,15:00:58 19 Aug 2026,8/19/2026,,,900848,907671,19aug2026
All polls,Morning Consult,,10/27/2025,11/2/2025,22207, RV,0.114909,0,,43.25,42.9,0.3499985,45.30877,42.62128,2.687489,https://pro.morningconsult.com/trackers/2026-midterm-election-generic-ballot-polls,12/15/2025,15:00:58 19 Aug 2026,8/19/2026,,,90873,908721,19aug2026
All polls,Ipsos,Reuters,11/14/2025,11/17/2025,818, RV,0.2625837,0,,40,39,1,44.99319,42.42639,2.566799,https://www.reuters.com/data/which-party-do-americans-want-run-congress-2025-11-05/,12/15/2025,15:00:58 19 Aug 2026,8/19/2026,,,900883,908141,19aug2026
All polls,The Argument/Verasight,,11/10/2025,11/17/2025,1508, RV,0.6865417,0,,53,47,6,49.82795,43.74614,6.08181,https://www.theargumentmag.com/p/2026-is-looking-terrible-for-republicans#footnote-1-179372962,11/19/2025,15:00:58 19 Aug 2026,8/19/2026,,,900888,907881,19aug2026
All polls,YouGov,Economist,11/15/2025,11/17/2025,1382, RV,0.1835257,0,,43,40,3,45.47596,41.70036,3.7756,https://d3nkl3psvxxpe9.cloudfront.net/documents/econTabReport_Hb6uOe2.pdf,11/18/2025,15:00:58 19 Aug 2026,8/19/2026,,,900879,907832,19aug2026
All polls,The Winston Group,Winning the Issues,11/15/2025,11/17/2025,1000, RV,0.8928603,0,,47,42,5,47.17838,41.8323,5.346081,https://www.winningtheissues.org/2025/12/31/2025-winning-the-issues-research/,2/27/2026,15:00:58 19 Aug 2026,8/19/2026,,REP,901149,9011492,19aug2026
All polls,Echelon Insights,,11/13/2025,11/17/2025,1051, LV,0.9378861,0,,49,45,4,47.91322,42.6309,5.282318,https://echelonin.wpenginepowered.com/wp-content/uploads/November-2025-Voter-Omnibus-Topline-External.pdf,11/18/2025,15:00:58 19 Aug 2026,8/19/2026,,,900880,907841,19aug2026
All polls,Morning Consult,,11/10/2025,11/16/2025,21313, RV,0.1144317,0,,43.93,42.52,1.41,45.98877,42.24128,3.74749,https://pro.morningconsult.com/trackers/2026-midterm-election-generic-ballot-polls,12/15/2025,15:00:58 19 Aug 2026,8/19/2026,,,90875,908741,19aug2026
All polls,Morning Consult,,11/14/2025,11/16/2025,2201, RV,0.0463744,0,,46,44,2,48.05877,43.72128,4.33749,https://pro.morningconsult.com/trackers/donald-trump-congress-policy-republicans-polling,11/17/2025,15:00:58 19 Aug 2026,8/19/2026,,,900877,907821,19aug2026
All polls,Verasight,Strength in Numbers,11/12/2025,11/14/2025,860, LV,0.5305996,0,,49,45,4,47.17176,45.07751,2.09425,https://www.gelliottmorris.com/p/new-poll-democrats-lead-the-2026,11/18/2025,15:00:58 19 Aug 2026,8/19/2026,,,900881,907853,19aug2026
All polls,High Point University Survey Research Center,,11/10/2025,11/14/2025,837, RV,0.8533396,0,,48,39,9,47.76956,39.75948,8.010082,https://www.highpoint.edu/src/files/2023/08/HPUPoll-115-and-116-Registered-Voters.pdf,12/15/2025,15:00:58 19 Aug 2026,8/19/2026,,,900901,908101,19aug2026
All polls,Marist University,NPR | PBS News,11/10/2025,11/13/2025,1291, RV,1.208359,0,,55,41,14,52.44095,40.92122,11.51973,https://maristpoll.marist.edu/polls/a-look-to-the-2026-midterms-november-2025/,11/19/2025,15:00:58 19 Aug 2026,8/19/2026,,,900884,907861,19aug2026
All polls,Ipsos,Reuters,11/7/2025,11/12/2025,938, RV,0.2738039,0,,38,36,2,42.99319,39.42639,3.566799,https://www.reuters.com/data/which-party-do-americans-want-run-congress-2025-11-05/,12/15/2025,15:00:58 19 Aug 2026,8/19/2026,,,900870,908151,19aug2026
All polls,Marquette University Law School,,11/5/2025,11/12/2025,602, LV,1.258381,0,,53,44,9,50.72448,42.32834,8.396141,https://law.marquette.edu/poll/2025/11/18/detailed-results-of-the-marquette-law-school-supreme-court-poll-nov-5-12-2025-national-issues/,11/19/2025,15:00:58 19 Aug 2026,8/19/2026,,,900885,907873,19aug2026
All polls,Yale University Institution for Social and Policy Studies,,10/29/2025,11/11/2025,3426, RV,1.031361,0,,45,43,2,45.96408,42.98708,2.977001,https://youthpoll.yale.edu/fall-2025-results,12/15/2025,15:00:58 19 Aug 2026,8/19/2026,,,900924,908091,19aug2026
All polls,Change Research,,11/6/2025,11/10/2025,1572, RV,0.489607,0,,47,43,4,48.4683,43.59066,4.87764,https://portal.changeresearch.com/portal/projects/f8ad986a-d2e5-4fb6-a21f-63b6b92c2998,5/5/2026,15:00:58 19 Aug 2026,8/19/2026,,,901424,9014242,19aug2026
All polls,YouGov Blue,,11/7/2025,11/10/2025,517, RV,0.6907277,0,,48,45,3,47.79064,44.51085,3.279793,https://www.the-downballot.com/p/new-poll-shows-democrats-best-path,11/13/2025,15:00:58 19 Aug 2026,8/19/2026,,,90776,907761,19aug2026
All polls,Survey160,,11/6/2025,11/10/2025,1513, RV,0.8171551,0,,46,39,7,46.21133,41.14129,5.070042,https://www.survey160.com/methodological-research-blog/survey-160-tracking-poll-november-2025-update,12/5/2025,15:00:58 19 Aug 2026,8/19/2026,,,900920,908051,19aug2026
All polls,YouGov,The Economist,11/7/2025,11/10/2025,1499, RV,0.1879188,0,,46,39,7,48.47596,40.70036,7.7756,https://d3nkl3psvxxpe9.cloudfront.net/documents/econTabReport_EAdEA3C.pdf,11/12/2025,15:00:58 19 Aug 2026,8/19/2026,,,90771,907712,19aug2026
All polls,Cygnal,,10/7/2025,10/8/2025,1500, LV,1.223237,0,,47.5,45.3,2.200001,46.58506,43.53012,3.054939,https://www.cygn.al/poll-42-of-liberals-approve-of-law-breaking-in-response-to-disagreeing-with-a-government-action/,11/12/2025,15:00:58 19 Aug 2026,8/19/2026,,,90748,907481,19aug2026
All polls,Ipsos,Reuters,10/3/2025,10/7/2025,864, RV,0.2843603,0,,41,38,3,45.99319,41.42639,4.566799,https://www.reuters.com/data/which-party-do-americans-want-run-congress-2025-11-05/,12/15/2025,15:00:58 19 Aug 2026,8/19/2026,,,900784,908181,19aug2026
All polls,Change Research,,9/28/2025,10/6/2025,1596, RV,0.506948,0,,46,42,4,47.4683,42.59066,4.87764,https://portal.changeresearch.com/portal/projects/0326caf4-1de0-4774-8b12-23385ba6d752,5/5/2026,15:00:58 19 Aug 2026,8/19/2026,,,901423,9014232,19aug2026
All polls,YouGov,The Economist,10/4/2025,10/6/2025,1490, RV,0.1848564,0,,44,39,5,46.47596,40.70036,5.7756,https://today.yougov.com/politics/articles/53131-government-shutdown-2026-congressional-election-donald-trump-job-approval-the-economy-october-4-6-2025-economist-yougov-poll,10/6/2025,15:00:58 19 Aug 2026,8/19/2026,,,90747,223055,19aug2026
All polls,Noble Predictive Insights,Center Square,10/2/2025,10/6/2025,2565, RV,1.454739,0,,45,43,2,45.90453,42.99992,2.90461,https://www.thecentersquare.com/image_f6c02a7b-df0a-426c-b38e-7825e2b1cec6.html,11/13/2025,15:00:58 19 Aug 2026,8/19/2026,,,900793,907731,19aug2026
All polls,Morning Consult,,9/29/2025,10/5/2025,21493, RV,0.1180328,0,,43.89,43.29,0.5999985,45.94877,43.01128,2.937489,https://pro.morningconsult.com/trackers/2026-midterm-election-generic-ballot-polls,12/15/2025,15:00:58 19 Aug 2026,8/19/2026,,,90869,908681,19aug2026
All polls,Morning Consult,,10/3/2025,10/5/2025,2200, RV,0.0471801,0,,46,43,3,48.05877,42.72128,5.33749,https://pro.morningconsult.com/analysis/government-shutdown-polling-october-2025,10/5/2025,15:00:58 19 Aug 2026,8/19/2026,,,900777,223046,19aug2026
All polls,RMG Research,Napolitan Institute,10/27/2025,10/30/2025,2000, RV,0.6892818,0,,42,43,-1,42.60815,40.61016,1.99799,https://napolitannews.org/posts/generic-ballot-gop-43-percent-dem-42,11/12/2025,15:00:58 19 Aug 2026,8/19/2026,,,90766,907661,19aug2026
All polls,CNN/SSRS,,10/27/2025,10/30/2025,954, RV,0.634336,0,,47,42,5,46.82885,41.79492,5.033928,https://s3.documentcloud.org/documents/26211915/cnn-poll-trump-midterms-east-wing-parties.pdf,11/13/2025,15:00:58 19 Aug 2026,8/19/2026,,,900846,907751,19aug2026
All polls,Verasight,Strength In Numbers,10/24/2025,10/29/2025,1352, RV,0.5022969,0,,49,41,8,47.17176,41.07751,6.09425,https://www.gelliottmorris.com/p/new-poll-voters-want-democrats-to,11/12/2025,15:00:58 19 Aug 2026,8/19/2026,,,90765,9076511,19aug2026
All polls,NewsNation,,10/27/2025,10/29/2025,1158, LV,1.02405,0,,47,47,0,47.05098,46.7045,0.3464813,https://www.newsnationnow.com/polls/full-poll-results-newsnation-national-survey-trump/,11/12/2025,15:00:58 19 Aug 2026,8/19/2026,,,900843,907642,19aug2026
All polls,Hart Research Associates/Public Opinion Strategies,NBC News,10/24/2025,10/28/2025,1000, RV,0.9381177,0,,50,42,8,48.68138,40.41261,8.268772,https://pos.org/wp-content/uploads/2025/11/NBC-News-October-2025-Poll-11-02-2025-Release.pdf,11/22/2025,15:00:58 19 Aug 2026,8/19/2026,,,900841,907911,19aug2026
All polls,Ipsos,The Washington Post | ABC News,10/24/2025,10/28/2025,2203, RV,0.3755651,0,,46,44,2,50.99319,47.42639,3.566799,https://www.washingtonpost.com/documents/1d305cca-df33-44a8-ba8d-c98790a67f99.pdf?itid=lk_inline_manual_4,11/12/2025,15:00:58 19 Aug 2026,8/19/2026,,,900842,907632,19aug2026
All polls,McLaughlin & Associates,,10/21/2025,10/27/2025,1000, RV,0.3166469,0,,44,46,-2,45.67063,44.27132,1.399311,https://mclaughlinonline.com/pols/wp-content/uploads/2025/10/National-October-Presentation-RELEASE.pdf,11/12/2025,15:00:58 19 Aug 2026,8/19/2026,,,90760,907601,19aug2026
All polls,YouGov,The Economist,10/24/2025,10/27/2025,1472, RV,0.1827361,0,,43,40,3,45.47596,41.70036,3.7756,https://d3nkl3psvxxpe9.cloudfront.net/documents/econTabReport_0AkNOQp.pdf,11/12/2025,15:00:58 19 Aug 2026,8/19/2026,,,90762,907622,19aug2026
All polls,YouGov,Yahoo News,10/23/2025,10/27/2025,1197, RV,0.1681205,0,,45,40,5,47.47596,41.70036,5.7756,https://www.scribd.com/document/940273112/Yahoo-YouGov-Shutdown-Poll-October-2025,11/12/2025,15:00:58 19 Aug 2026,8/19/2026,,,900830,907612,19aug2026
All polls,Manhattan Institute,,10/15/2025,10/26/2025,500, RV,0.6818506,0,,47,44,3,47.17448,43.53178,3.6427,https://manhattan.institute/article/the-new-gop-survey-analysis-of-americans-overall-todays-republican-coalition-and-the-minorities-of-maga,12/4/2025,15:00:58 19 Aug 2026,8/19/2026,,,90803,908031,19aug2026
All polls,Morning Consult,,10/20/2025,10/26/2025,21290, RV,0.1135442,0,,43.71,41.77,1.939999,45.76877,41.49128,4.277489,https://pro.morningconsult.com/trackers/2026-midterm-election-generic-ballot-polls,12/15/2025,15:00:58 19 Aug 2026,8/19/2026,,,90872,908711,19aug2026
All polls,The Winston Group,Winning the Issues,10/15/2025,10/26/2025,1000, RV,0.8905156,0,,47,43,4,47.17838,42.8323,4.346081,https://www.winningtheissues.org/2025/12/31/2025-winning-the-issues-research/,2/27/2026,15:00:58 19 Aug 2026,8/19/2026,,REP,901148,9011482,19aug2026
All polls,Morning Consult,,10/24/2025,10/26/2025,2202, RV,0.0457987,0,,45,42,3,47.05877,41.72128,5.33749,https://pro.morningconsult.com/trackers/donald-trump-congress-policy-republicans-polling,11/12/2025,15:00:58 19 Aug 2026,8/19/2026,,,900826,907591,19aug2026
All polls,Ipsos,Reuters,10/24/2025,10/26/2025,805, RV,0.249689,0,,41,40,1,45.99319,43.42639,2.566799,https://www.reuters.com/data/which-party-do-americans-want-run-congress-2025-11-05/,12/15/2025,15:00:58 19 Aug 2026,8/19/2026,,,900831,908161,19aug2026
All polls,Clarity Campaign Labs,,10/16/2025,10/23/2025,1047, RV,0.7168939,0,,47,46,1,45.6091,45.07001,0.5390892,https://www.claritycampaigns.com/clarity-omnibus-oct-2025,11/12/2025,15:00:58 19 Aug 2026,8/19/2026,,,900836,907581,19aug2026
All polls,Ipsos,Reuters,10/15/2025,10/20/2025,3439, RV,0.4612963,0,,39,39,0,43.99319,42.42639,1.566799,https://www.reuters.com/data/which-party-do-americans-want-run-congress-2025-11-05/,12/15/2025,15:00:58 19 Aug 2026,8/19/2026,,,900812,908171,19aug2026
All polls,Echelon Insights,,10/16/2025,10/20/2025,1010, LV,0.8942636,0,,47,46,1,45.91322,43.6309,2.282318,https://echeloninsights.com/in-the-news/october-2025-verified-voter-omnibus-2/,11/12/2025,15:00:58 19 Aug 2026,8/19/2026,,,900810,907561,19aug2026
All polls,YouGov,University of Massachusetts Lowell,10/16/2025,10/20/2025,1000, A,0.1274014,0,,38,35,3,40.47596,36.70036,3.7756,https://www.uml.edu/docs/2025-National-Oct-Highlights_tcm18-411272.pdf,11/12/2025,15:00:58 19 Aug 2026,8/19/2026,,,900834,907551,19aug2026
All polls,YouGov,The Economist,10/17/2025,10/20/2025,1447, RV,0.1808608,0,,45,40,5,47.47596,41.70036,5.7756,https://d3nkl3psvxxpe9.cloudfront.net/documents/econTabReport_yAo1neA.pdf,11/12/2025,15:00:58 19 Aug 2026,8/19/2026,,,90757,907572,19aug2026
All polls,Quinnipiac University,,10/16/2025,10/20/2025,1327, RV,1.088786,0,,50,41,9,49.1162,41.58134,7.534859,https://poll.qu.edu/poll-release?releaseid=3938,11/22/2025,15:00:58 19 Aug 2026,8/19/2026,,,900817,907891,19aug2026
All polls,Morning Consult,,10/13/2025,10/19/2025,21829, RV,0.1152657,0,,44.49,42.4,2.09,46.54877,42.12128,4.42749,https://pro.morningconsult.com/trackers/2026-midterm-election-generic-ballot-polls,12/15/2025,15:00:58 19 Aug 2026,8/19/2026,,,90871,908701,19aug2026
All polls,Morning Consult,,10/17/2025,10/19/2025,2200, RV,0.0460138,0,,46,43,3,48.05877,42.72128,5.33749,https://pro.morningconsult.com/trackers/donald-trump-congress-policy-republicans-polling,11/12/2025,15:00:58 19 Aug 2026,8/19/2026,,,900806,907541,19aug2026
All polls,The Argument/Verasight,,10/10/2025,10/16/2025,1530, RV,0.7132258,0,,44,43,1,40.82795,39.74614,1.08181,https://www.theargumentmag.com/p/the-immigration-problem-is-a-crime,11/12/2025,15:00:58 19 Aug 2026,8/19/2026,,,90753,907531,19aug2026
All polls,J.L. Partners,DailyMail.com,10/14/2025,10/15/2025,1005, RV,0.8367792,0,,43,37,6,43.08195,38.12576,4.956192,https://jlpartners.com/trump-tracker-october-2025,11/12/2025,15:00:58 19 Aug 2026,8/19/2026,,,90752,907521,19aug2026
All polls,Emerson College,,10/13/2025,10/14/2025,1000, RV,0.9134874,0,,43.9,42.5,1.400002,43.93246,43.27551,0.6569519,https://emersoncollegepolling.com/october-2025-poll/,11/12/2025,15:00:58 19 Aug 2026,8/19/2026,,,900800,907511,19aug2026
All polls,YouGov,The Economist,10/10/2025,10/13/2025,1466, RV,0.1825656,0,,43,40,3,45.47596,41.70036,3.7756,https://d3nkl3psvxxpe9.cloudfront.net/documents/econTabReport_GAAzhe0.pdf,11/12/2025,15:00:58 19 Aug 2026,8/19/2026,,,90750,907502,19aug2026
All polls,Hart Research Associates/Public Opinion Strategies,CNBC,10/8/2025,10/12/2025,800, RV,0.8672947,0,,48,47,1,46.68138,45.41261,1.268772,https://fm.cnbc.com/applications/cnbc.com/resources/editorialfiles/2025/10/17/CNBC_All-America_Economic_Survey_Q3_2025.pdf,11/22/2025,15:00:58 19 Aug 2026,8/19/2026,,,900802,907901,19aug2026
All polls,Morning Consult,,10/6/2025,10/12/2025,21246, RV,0.1148738,0,,44.39,42.71,1.68,46.44877,42.43128,4.01749,https://pro.morningconsult.com/trackers/2026-midterm-election-generic-ballot-polls,12/15/2025,15:00:58 19 Aug 2026,8/19/2026,,,90870,908691,19aug2026
All polls,Morning Consult,,10/10/2025,10/12/2025,2202, RV,0.0463439,0,,46,43,3,48.05877,42.72128,5.33749,https://pro.morningconsult.com/trackers/donald-trump-congress-policy-republicans-polling,11/12/2025,15:00:58 19 Aug 2026,8/19/2026,,,900790,907491,19aug2026
All polls,Cygnal,,1/7/2026,1/8/2026,1500, LV,1.095173,0,,48.2,44.6,3.600002,47.28506,42.83012,4.454941,https://www.cygn.al/polls/january-2026-national-voter-trends-nvt-poll/,1/15/2026,15:00:58 19 Aug 2026,8/19/2026,,,901019,9010192,19aug2026
All polls,RMG Research,Napolitan News Service,1/5/2026,1/8/2026,2000, RV,0.6722823,0,,47,46,1,47.60815,43.61016,3.99799,https://napolitannews.org/posts/generic-ballot-gop-43-percent-dem-44,1/12/2026,15:00:58 19 Aug 2026,8/19/2026,,,901006,9010061,19aug2026
All polls,YouGov,Economist,1/2/2026,1/5/2026,1389, RV,0.1850905,0,,45,39,6,47.47596,40.70036,6.7756,https://d3nkl3psvxxpe9.cloudfront.net/documents/econTabReport_aY8mpiN.pdf,1/6/2026,15:00:58 19 Aug 2026,8/19/2026,,,900996,9009964,19aug2026
All polls,Morning Consult,,1/2/2026,1/4/2026,2201, RV,0.050353,0,,45,42,3,47.05877,41.72128,5.33749,https://pro.morningconsult.com/trackers/donald-trump-congress-policy-republicans-polling,1/6/2026,15:00:58 19 Aug 2026,8/19/2026,,,900995,9009952,19aug2026
All polls,Morning Consult,,12/29/2025,1/4/2026,22709, A,0.1075335,0,,44,42,2,46.05877,41.72128,4.33749,https://pro.morningconsult.com/trackers/2026-midterm-election-generic-ballot-polls,1/5/2026,15:00:58 19 Aug 2026,8/19/2026,,,900993,9009931,19aug2026
All polls,Public Policy Polling,,1/29/2026,1/30/2026,652, RV,0.7478946,0,,48,41,7,47.56348,41.24605,6.317429,https://e1.nmcdn.io/assets/ppp/wp-content/uploads/2026/01/January2026NationalSurvey.pdf,2/1/2026,15:00:58 19 Aug 2026,8/19/2026,,,901066,9010662,19aug2026
All polls,TIPP Insights,Issues & Insights,1/27/2026,1/29/2026,1126, RV,1.191634,0,,45,42,3,46.00702,41.85783,4.149189,https://issuesinsights.com/2026/02/16/who-leads-in-2028-presidential-race-and-in-2026-midterm-elections-ii-tipp-poll/,2/16/2026,15:00:58 19 Aug 2026,8/19/2026,,,901111,9011111,19aug2026
All polls,HarrisX,Harvard CAPS,1/28/2026,1/29/2026,1508, LV,0.6952086,0,,49.5,46,3.5,48.1767,42.33487,5.841831,https://harvardharrispoll.com/key-results-january-6/,2/2/2026,15:00:58 19 Aug 2026,8/19/2026,*,,901071,9010715,19aug2026
All polls,Marquette University Law School,,1/21/2026,1/28/2026,577, LV,1.209028,0,,52,45,7,49.72448,43.32834,6.396141,https://law.marquette.edu/poll/2026/02/04/detailed-results-of-the-marquette-law-school-supreme-court-poll-jan-21-28-2025-national-issues/,2/4/2026,15:00:58 19 Aug 2026,8/19/2026,,,901078,9010785,19aug2026
All polls,Cygnal,,1/27/2026,1/28/2026,1004, LV,0.8921397,0,,48,44,4,47.08506,42.23012,4.854939,https://www.cygn.al/wp-content/uploads/2026/02/Cygnal-Deportation-Poll-Data.pdf,2/2/2026,15:00:58 19 Aug 2026,8/19/2026,,,901070,9010701,19aug2026
All polls,McLaughlin & Associates,,1/21/2026,1/27/2026,1000, LV,0.3896137,0,,46,44,2,47.67063,42.27132,5.399311,https://mclaughlinonline.com/pols/wp-content/uploads/2026/02/National-January-2026-Presentation-RELEASE-1-1.pdf,2/4/2026,15:00:58 19 Aug 2026,8/19/2026,,,901081,9010811,19aug2026
All polls,The Argument/Verasight,,1/26/2026,1/27/2026,1515, RV,0.6625282,0,,52,48,4,48.82795,44.74614,4.08181,https://www.theargumentmag.com/p/immigration-is-turning-into-a-disaster,1/29/2026,15:00:58 19 Aug 2026,8/19/2026,,,901061,9010612,19aug2026
All polls,McLaughlin & Associates,,1/22/2025,1/27/2025,1000, LV,0.2878084,0,,40,48,-8,41.67063,46.27132,-4.600689,https://mclaughlinonline.com/pols/wp-content/uploads/2025/01/National-January-Presentation-RELEASE-01-28-25.pdf,1/27/2025,15:00:58 19 Aug 2026,8/19/2026,,,89530,217902,19aug2026
All polls,Focaldata,,1/23/2026,1/26/2026,1709, LV,0.7486621,0,,50,45,5,49.3651,44.54081,4.824291,https://www.focaldata.com/blog/cost-of-living-fuelling-democrat-strength-in-new-midterms-polling,2/16/2026,15:00:58 19 Aug 2026,8/19/2026,,,901105,9011056,19aug2026
All polls,Beacon Research/Shaw & Company Research,FOX News,1/23/2026,1/26/2026,1005, RV,1.134222,0,,52,46,6,50.01414,44.59692,5.417221,https://www.foxnews.com/politics/fox-news-poll-early-look-2026-midterms,1/29/2026,15:00:58 19 Aug 2026,8/19/2026,,,901058,9010582,19aug2026
All polls,YouGov,Economist,1/23/2026,1/26/2026,1520, RV,0.1842941,0,,43,38,5,45.47596,39.70036,5.7756,https://d3nkl3psvxxpe9.cloudfront.net/documents/econTabReport_8FWGyNz.pdf,1/27/2026,15:00:58 19 Aug 2026,8/19/2026,,,901051,9010514,19aug2026
All polls,Echelon Insights,,1/22/2026,1/26/2026,1029, LV,0.9369453,0,,49,44,5,47.91322,41.6309,6.282318,https://echelonin.wpenginepowered.com/wp-content/uploads/January-2026-Voter-Omnibus-Topline.pdf,1/26/2026,15:00:58 19 Aug 2026,8/19/2026,,,901048,9010482,19aug2026
All polls,Ipsos,Reuters,1/24/2025,1/26/2025,902, RV,0.6029822,0,,35,37,-2,39.99319,40.42639,-0.4332008,https://www.reuters.com/data/which-party-do-americans-want-run-congress-2025-11-05/,12/15/2025,15:00:58 19 Aug 2026,8/19/2026,,,89522,908291,19aug2026
All polls,Morning Consult,,1/20/2025,1/26/2025,33299, RV,0.2900463,0,,41.86,44.78,-2.919998,43.91877,44.50128,-0.5825119,https://pro.morningconsult.com/trackers/2026-midterm-election-generic-ballot-polls,12/15/2025,15:00:58 19 Aug 2026,8/19/2026,,,90833,908321,19aug2026
All polls,Ipsos,Reuters,1/23/2026,1/25/2026,1139, A,0.2794003,0,,41,37,4,45.99319,40.42639,5.566799,https://www.reuters.com/data/trumps-approval-rating-2025-01-21/,1/26/2026,15:00:58 19 Aug 2026,8/19/2026,,,901049,9010492,19aug2026
All polls,Morning Consult,,1/19/2026,1/25/2026,24675, RV,0.1290365,0,,44,43,1,46.05877,42.72128,3.33749,https://pro.morningconsult.com/trackers/2026-midterm-election-generic-ballot-polls,1/28/2026,15:00:58 19 Aug 2026,8/19/2026,,,901059,9010591,19aug2026
All polls,Morning Consult,,1/23/2026,1/25/2026,2201, RV,0.0490225,0,,45,43,2,47.05877,42.72128,4.33749,https://pro.morningconsult.com/trackers/donald-trump-congress-policy-republicans-polling,1/27/2026,15:00:58 19 Aug 2026,8/19/2026,,,901053,9010532,19aug2026
All polls,Clarity Campaign Labs,,1/15/2026,1/22/2026,1147, LV,0.9311304,0,,51,42,9,49.6091,41.07001,8.539089,https://www.claritycampaigns.com/clarity-omnibus-jan-2026,1/28/2026,15:00:58 19 Aug 2026,8/19/2026,,,901057,9010572,19aug2026
All polls,KFF,,1/13/2026,1/20/2026,1141, RV,1.01866,0,,49,42,7,49.62521,43.43788,6.187328,https://www.kff.org/public-opinion/kff-health-tracking-poll-health-care-costs-expiring-aca-tax-credits-and-the-2026-midterms/,1/29/2026,15:00:58 19 Aug 2026,8/19/2026,,,901062,9010621,19aug2026
All polls,Verasight,Strength in Numbers,1/14/2026,1/20/2026,1057, LV,0.5884699,0,,55,42,13,53.17176,42.07751,11.09425,https://www.gelliottmorris.com/p/new-poll-trump-slips-on-immigration,1/21/2026,15:00:58 19 Aug 2026,8/19/2026,,,901037,9010375,19aug2026
All polls,Emerson College,,1/17/2026,1/19/2026,1000, LV,1.054693,0,,48.1,41.7,6.399998,48.13246,42.47551,5.656952,https://emersoncollegepolling.com/january-2026-national-poll/,1/22/2026,15:00:58 19 Aug 2026,8/19/2026,,,901039,9010392,19aug2026
All polls,Change Research,,1/13/2026,1/19/2026,1348, RV,0.4434077,0,,46,43,3,47.4683,43.59066,3.87764,https://portal.changeresearch.com/portal/projects/45449a2d-6c0e-412f-a3e1-a053b39f12b0,5/5/2026,15:00:58 19 Aug 2026,8/19/2026,,,901426,9014262,19aug2026
All polls,YouGov,Economist,1/16/2026,1/19/2026,1549, RV,0.188498,0,,43,39,4,45.47596,40.70036,4.7756,https://d3nkl3psvxxpe9.cloudfront.net/documents/econTabReport_z9wtNZI.pdf,1/20/2026,15:00:58 19 Aug 2026,8/19/2026,,,901032,9010324,19aug2026
All polls,Morning Consult,,1/12/2026,1/18/2026,12505, RV,0.0992815,0,,45,43,2,47.05877,42.72128,4.33749,https://pro.morningconsult.com/trackers/2026-midterm-election-generic-ballot-polls,1/19/2026,15:00:58 19 Aug 2026,8/19/2026,,,901030,9010301,19aug2026
All polls,Morning Consult,,1/16/2026,1/18/2026,2201, RV,0.0494792,0,,45,43,2,47.05877,42.72128,4.33749,https://pro.morningconsult.com/trackers/donald-trump-congress-policy-republicans-polling,1/20/2026,15:00:58 19 Aug 2026,8/19/2026,,,901029,9010292,19aug2026
All polls,The New York Times/Siena College,,1/12/2026,1/17/2026,1625, RV,1.442314,0,,48,43,5,47.4258,42.86081,4.564991,https://www.nytimes.com/interactive/2026/01/22/polls/times-siena-national-poll-toplines.html,1/22/2026,15:00:58 19 Aug 2026,8/19/2026,,,901038,9010382,19aug2026
All polls,RMG Research,Napolitan Institute,1/15/2025,1/16/2025,1000, RV,0.7688288,0,,44,51,-7,44.60815,48.61016,-4.00201,https://napolitannews.org/posts/generic-ballot-gop-51-percent-dem-44,1/16/2025,15:00:58 19 Aug 2026,8/19/2026,,,89497,217652,19aug2026
All polls,Research Co.,,1/13/2026,1/15/2026,1002, A,0.8673273,0,,42,36,6,44.49399,38.40366,6.090332,https://researchco.ca/2026/01/26/amendment/,1/26/2026,15:00:58 19 Aug 2026,8/19/2026,,,901047,9010472,19aug2026
All polls,Public Policy Polling,Progress Action Fund (hybrid PAC),1/13/2026,1/14/2026,597, RV,0.7154305,0,,50,42,8,49.00191,42.80761,6.194302,https://drive.google.com/file/d/1iHoieThBdqtE4vH3gDLGzOI334wGWU6_/view,2/3/2026,15:00:58 19 Aug 2026,8/19/2026,,DEM,901074,9010742,19aug2026
All polls,Rasmussen Reports,,1/7/2026,1/14/2026,2273, LV,1.16437,0,,47,41,6,48.12323,40.90679,7.216438,https://www.rasmussenreports.com/public_content/archive/mood_of_america_archive/generic_congressional_ballot/democrats_increase_advantage_in_midterm_forecast,1/19/2026,15:00:58 19 Aug 2026,8/19/2026,,REP,901028,901028,19aug2026
All polls,Impact Research/National Research ,Wall Street Journal,1/8/2026,1/13/2026,1500, RV,0.9126564,0,,47,43,4,47.09621,43.17228,3.923931,https://www.wsj.com/politics/elections/trump-approval-rating-economy-poll-b3a62e57,1/17/2026,15:00:58 19 Aug 2026,8/19/2026,,,901024,9010242,19aug2026
All polls,Ipsos,Reuters,1/12/2026,1/13/2026,941, RV,0.3207052,0,,40,38,2,44.99319,41.42639,3.566799,https://www.reuters.com/data/which-party-do-americans-want-run-congress-2025-11-05/,1/14/2026,15:00:58 19 Aug 2026,8/19/2026,,,901016,9010163,19aug2026
All polls,CNN/SSRS,,1/9/2026,1/12/2026,968, RV,0.6471591,0,,46,41,5,45.82885,40.79492,5.033928,https://www.cnn.com/2026/01/18/politics/cnn-poll-democrats-are-deeply-motivated-for-the-midterms-despite-having-dismal-views-of-party-leaders,1/18/2026,15:00:58 19 Aug 2026,8/19/2026,,,901022,9010223,19aug2026
All polls,YouGov,Yahoo News,1/8/2026,1/12/2026,1149, RV,0.169022,0,,45,40,5,47.47596,41.70036,5.7756,https://www.yahoo.com/news/world/article/poll-most-americans-dont-want-the-us-to-be-in-charge-of-venezuela-154611401.html?guccounter=1&guce_referrer=aHR0cHM6Ly9maWZ0eXBsdXNvbmUubmV3cy8&guce_referrer_sig=AQAAADuswAe9tXhPxz19FPFnpXDmszH_5A1WoB4vOY-7U0IjGPU3fLrwbmCyUwF8ynb_I9N0n4Rc39un9yZA5xjnYbwG42YEmutuZQ25dTi16lYuweaJ1AIGD79NFwnTA60flTfUA5IlNW9zxaBJiRd0rgTmTKbyUDqhKc0Wx3s0etNG,1/15/2026,15:00:58 19 Aug 2026,8/19/2026,,,901012,9010123,19aug2026
All polls,The Winston Group,Winning the Issues,1/8/2026,1/12/2026,1000, RV,0.9613449,0,,46,43,3,46.17838,42.8323,3.346081,https://www.winningtheissues.org/2026/01/27/2026-winning-the-issues-research/,2/27/2026,15:00:58 19 Aug 2026,8/19/2026,,REP,901150,9011502,19aug2026
All polls,YouGov,Economist,1/9/2026,1/12/2026,1437, RV,0.1844967,0,,44,40,4,46.47596,41.70036,4.7756,https://d3nkl3psvxxpe9.cloudfront.net/documents/econTabReport_qsNv5iE.pdf,1/13/2026,15:00:58 19 Aug 2026,8/19/2026,,,901009,9010094,19aug2026
All polls,Morning Consult,,1/9/2026,1/12/2026,2201, RV,0.04991,0,,46,43,3,48.05877,42.72128,5.33749,https://pro.morningconsult.com/trackers/donald-trump-congress-policy-republicans-polling,1/12/2026,15:00:58 19 Aug 2026,8/19/2026,,,901007,9010072,19aug2026
All polls,Cygnal,,1/9/2025,1/12/2025,1500, LV,1.266514,0,,44.6,46.8,-2.200001,43.68506,45.03012,-1.345062,https://www.cygn.al/voters-back-kingmaker-trumps-policies-on-economy-energy-and-health/,1/12/2025,15:00:58 19 Aug 2026,8/19/2026,,,89491,217594,19aug2026
All polls,Morning Consult,,1/5/2026,1/11/2026,17701, RV,0.1150352,0,,45,43,2,47.05877,42.72128,4.33749,https://pro.morningconsult.com/trackers/2026-midterm-election-generic-ballot-polls,1/13/2026,15:00:58 19 Aug 2026,8/19/2026,,,901010,9010101,19aug2026
All polls,The Bullfinch Group,Independent Center,12/30/2025,1/1/2026,1000, RV,0.5845166,0,,44,33,11,46.20786,36.69843,9.50943,https://independentcentervoice.com/insights/2026-tune-in-as-america-approaches-its-250th-voters-declare-the-status-quo-broken-and-demand-new-options,1/2/2026,15:00:58 19 Aug 2026,8/19/2026,,,900988,9009884,19aug2026