subgroup,pollster,sponsors,startdate,enddate,samplesize,population,weight,influence,tracking,dem,rep,net,adjusted_dem,adjusted_rep,adjusted_net,url,createddate,timestamp,modeldate,multiversions,partisan,poll_id,question_id,date
All polls,Cygnal,,8/6/2026,8/7/2026,1500, LV,1.476649,1.311449,,48.8,41.9,6.899998,47.87975,40.1335,7.74625,https://www.cygn.al/wp-content/uploads/2026/08/24265-Cygnal-National-Aug26-NVT-Deck-Public.pdf,8/14/2026,09:00:48 20 Aug 2026,8/20/2026,,,901722,9017221,20aug2026
All polls,Echelon Insights,,8/13/2026,8/17/2026,1002, LV,1.14523,1.130719,,50,45,5,48.89309,42.60273,6.290359,https://echeloninsights.com/hubfs/_Media%20for%20Insights%20Blog/August%202026%20Voter%20Omnibus%20Topline%20-%20External.pdf,8/19/2026,09:00:48 20 Aug 2026,8/20/2026,,,901737,9017373,20aug2026
All polls,Marquette University Law School,,7/22/2026,7/29/2026,572, LV,1.181704,0.8811002,,51,45,6,48.7192,43.33179,5.387409,https://law.marquette.edu/assets/community/poll/MLSPSC34/MLSPSC34Toplines_NationalItems.html#iran-war-cost,8/7/2026,09:00:48 20 Aug 2026,8/20/2026,,,901706,9017066,20aug2026
All polls,The Argument/Verasight,,7/20/2026,7/26/2026,3000, RV,1.190796,0.8328433,,54,46,8,50.82364,42.749,8.074638,https://www.theargumentmag.com/p/americans-know-who-the-real-elite,7/29/2026,09:00:48 20 Aug 2026,8/20/2026,,,901684,9016842,20aug2026
All polls,Emerson College,,7/19/2026,7/20/2026,1000, LV,1.201531,0.795583,,52.9,41.5,11.4,52.92972,42.27797,10.65175,https://emersoncollegepolling.com/july-2026-national-poll-democrats-with-11-point-generic-ballot-advantage/,7/23/2026,09:00:48 20 Aug 2026,8/20/2026,,,901662,9016622,20aug2026
All polls,John Zogby Strategies,,8/4/2026,8/5/2026,1000, LV,0.9070156,0.7832641,,50.6,39.6,11,50.37102,39.3613,11.00972,https://johnzogbystrategies.com/lowest-trump-approval-ratings-maga-numbers-spell-major-trouble-for-midterm-prospects/,8/11/2026,09:00:48 20 Aug 2026,8/20/2026,,,901715,9017152,20aug2026
All polls,Beacon Research/Shaw & Company Research,FOX News,7/17/2026,7/20/2026,1003, RV,1.140426,0.7582825,,53,46,7,51.00914,44.59908,6.410061,https://www.foxnews.com/politics/fox-news-poll-voters-want-major-change-amid-economic-political-discontent,7/23/2026,09:00:48 20 Aug 2026,8/20/2026,,,901663,9016632,20aug2026
All polls,Pew Research Center,,7/6/2026,7/12/2026,2779, RV,1.36022,0.7486764,,43,37,6,44.41339,38.30537,6.108021,https://www.pewresearch.org/politics/2026/07/23/as-the-2026-midterms-approach-economy-is-front-and-center/,7/23/2026,09:00:48 20 Aug 2026,8/20/2026,,,901668,9016683,20aug2026
All polls,Focaldata,Financial Times,8/7/2026,8/11/2026,1857, LV,0.8179445,0.7439573,,51,45,6,50.35191,44.54833,5.803581,https://www.focaldata.com/blog/democrats-maintain-lead-three-months-out-from-midterms,8/16/2026,09:00:48 20 Aug 2026,8/20/2026,,,901724,9017246,20aug2026
All polls,The Bullfinch Group,,8/14/2026,8/17/2026,1000, RV,0.709769,0.709769,,42,37,5,44.55321,40.68874,3.864471,https://www.thebullfinchgroup.com/post/public-release-of-bullfinch-q3-nationwide-survey-4,8/19/2026,09:00:48 20 Aug 2026,8/20/2026,,,901736,9017366,20aug2026
All polls,Quinnipiac University,,7/23/2026,7/27/2026,963, RV,0.9042002,0.6572983,,48,41,7,47.11136,41.58452,5.52684,https://poll.qu.edu/poll-release?releaseid=3964,7/29/2026,09:00:48 20 Aug 2026,8/20/2026,,,901686,9016863,20aug2026
All polls,RMG Research,Napolitan News Service,7/28/2026,8/4/2026,2000, RV,0.8060586,0.6527293,,47,45,2,47.6022,42.61341,4.988789,https://napolitannews.org/posts/dems-continue-to-lead-on-generic-ballot-strong-enthusiasm-edge,8/11/2026,09:00:48 20 Aug 2026,8/20/2026,,,901712,9017121,20aug2026
All polls,Clarity Campaign Labs,,7/17/2026,7/22/2026,1000, LV,0.9570835,0.6333826,,52,42,10,50.60588,41.07194,9.533939,https://www.claritycampaigns.com/clarity-omnibus-2026-july,7/29/2026,09:00:48 20 Aug 2026,8/20/2026,,,901687,9016873,20aug2026
All polls,Quantus Insights,,8/3/2026,8/4/2026,1048, LV,0.7058306,0.5941789,,49,42.6,6.400002,49.44085,42.33793,7.102921,https://quantusinsights.org/polling/f/latest-survey-democrats-hold-the-midterm-edge,8/7/2026,09:00:48 20 Aug 2026,8/20/2026,,,901707,9017072,20aug2026
All polls,J.L. Partners,Daily Mail,7/17/2026,7/20/2026,626, LV,0.8480929,0.5616246,,50,41,9,50.0768,42.12804,7.948761,https://www.dailymail.com/news/us-politics/article-15991575/americans-brutal-verdict-trump-iran-war.html,7/23/2026,09:00:48 20 Aug 2026,8/20/2026,,,901665,9016652,20aug2026
All polls,Hart Research Associates/Public Opinion Strategies,CNBC,7/8/2026,7/12/2026,1000, RV,1.003145,0.5458605,,49,45,4,47.67974,43.41449,4.265251,https://www.cnbc.com/2026/07/17/democratic-socialists-top-maga-candidates-all-america-poll.html,7/17/2026,09:00:48 20 Aug 2026,8/20/2026,,,901645,9016452,20aug2026
All polls,Survey160,,7/14/2026,7/20/2026,1518, RV,0.8615363,0.5451614,,48,38,10,48.20734,40.1438,8.063541,https://www.survey160.com/methodological-research-blog/july-2026-survey-160-tracking-poll,8/12/2026,09:00:48 20 Aug 2026,8/20/2026,,,901720,9017203,20aug2026
All polls,Cygnal,,6/30/2026,7/1/2026,1500, LV,1.285889,0.5347101,,49.9,43.8,6.100002,48.97976,42.03349,6.94627,https://www.cygn.al/wp-content/uploads/2026/07/24136-Cygnal-National-Jul-26-NVT-Deck-Public-1.pdf,7/8/2026,09:00:48 20 Aug 2026,8/20/2026,,,901621,9016211,20aug2026
All polls,CNN/SSRS,,7/23/2026,7/27/2026,914, RV,0.7117869,0.5185755,,47,39,8,46.82375,38.79783,8.025921,https://www.cnn.com/2026/07/30/politics/cnn-poll-midterm-generic-ballot-democrats-republicans-change,7/30/2026,09:00:48 20 Aug 2026,8/20/2026,,,901685,9016853,20aug2026
All polls,AlphaROC,Independent Center,8/8/2026,8/10/2026,1000, A,0.5614492,0.5118292,,41,37.3,3.700001,43.47761,39.22695,4.25066,https://independentcentervoice.com/insights/august-2026-national-survey-on-independent-candidates-and-the-2026-midterms-wave-3,8/14/2026,09:00:48 20 Aug 2026,8/20/2026,,,901723,9017232,20aug2026
All polls,Ipsos,Reuters,7/29/2026,8/3/2026,3542, RV,0.6329189,0.506806,,42,37,5,46.98467,40.43001,6.554657,https://www.ipsos.com/en-us/reutersipsos-august-2026-poll,8/4/2026,09:00:48 20 Aug 2026,8/20/2026,,,901701,9017014,20aug2026
All polls,Echelon Insights,,7/9/2026,7/13/2026,1004, LV,0.9242485,0.4998199,,50,44,6,48.89309,41.60273,7.290359,https://echeloninsights.com/hubfs/_Media%20for%20Insights%20Blog/July%202026%20Voter%20Omnibus%20Topline%20-%20External.pdf,7/15/2026,09:00:48 20 Aug 2026,8/20/2026,,,901636,9016362,20aug2026
All polls,Zogby Analytics,,7/1/2026,7/4/2026,1003, LV,1.01932,0.4886827,,41.5,36.4,5.099998,43.15709,37.7424,5.414688,https://zogbyanalytics.com/images/ZA070626/Crosstabs%20Zogby%20Likely%20Voters%20070626.pdf,7/12/2026,09:00:48 20 Aug 2026,8/20/2026,,,901629,9016292,20aug2026
All polls,Manhattan Institute,,7/1/2026,7/6/2026,1221, LV,0.9914868,0.4870693,,47,43,4,47.17141,42.53363,4.637779,https://manhattan.institute/article/american-attitudes-on-welfare-waste-crime-and-the-political-environment,7/27/2026,09:00:48 20 Aug 2026,8/20/2026,,,901676,9016762,20aug2026
All polls,Rasmussen Reports,,6/24/2026,7/1/2026,2224, LV,1.212513,0.4712846,,46,42,4,47.12253,41.90862,5.213913,https://www.rasmussenreports.com/public_content/politics/mood_of_america/generic_congressional_ballot_july07?utm_campaign=RR07072026DN&utm_source=criticalimpact&utm_medium=email,7/8/2026,09:00:48 20 Aug 2026,8/20/2026,,REP,901620,9016201,20aug2026
All polls,Ipsos,Reuters,8/14/2026,8/17/2026,876, RV,0.4497614,0.4497614,,41,36,5,45.98467,39.43001,6.554657,https://www.ipsos.com/en-us/reutersipsos-august-2026-poll-0,8/18/2026,09:00:48 20 Aug 2026,8/20/2026,,,901733,9017335,20aug2026
All polls,RMG Research,Napolitan News Service,7/13/2026,7/14/2026,2000, RV,0.7420206,0.4265576,,47,45,2,47.6022,42.61341,4.988789,https://napolitannews.org/posts/generic-ballot-dem-47-percent-gop-45-dems-still-have-healthy-enthusiasm-edge,7/15/2026,09:00:48 20 Aug 2026,8/20/2026,,,901638,9016381,20aug2026
All polls,Talker Research,Scripps News,6/25/2026,7/2/2026,2000, RV,0.9773859,0.4188426,,48,39,9,48.89995,40.51526,8.384689,https://www.scrippsnews.com/politics/scripps-news-poll-americans-excited-to-celebrate-july-4-but-divided-on-trumps-role,7/3/2026,09:00:48 20 Aug 2026,8/20/2026,,,901606,9016062,20aug2026
All polls,YouGov,Economist,8/14/2026,8/17/2026,1450, RV,0.3942239,0.3942239,,46,39,7,48.46714,40.70424,7.762901,https://d3nkl3psvxxpe9.cloudfront.net/documents/econTabReport_ZMy1Zxu.pdf,8/18/2026,09:00:48 20 Aug 2026,8/20/2026,,,901729,9017294,20aug2026
All polls,Change Research,,7/13/2026,7/17/2026,2006, RV,0.670154,0.3922056,,46,38,8,47.46621,38.59313,8.873081,https://portal.changeresearch.com/portal/projects/0bc92362-5cbd-4cb3-9ec4-8690c0780aad,7/23/2026,09:00:48 20 Aug 2026,8/20/2026,,,901667,9016672,20aug2026
All polls,Marquette University Law School,,6/9/2026,6/15/2026,827, LV,1.287246,0.3886093,,53,45,8,50.7192,43.33179,7.387409,https://law.marquette.edu/poll/2026/06/24/detailed-results-of-the-marquette-law-school-supreme-court-poll-july-9-15-2026/,6/25/2026,09:00:48 20 Aug 2026,8/20/2026,,,901579,9015795,20aug2026
All polls,Morning Consult,,8/10/2026,8/16/2026,29719, RV,0.3725545,0.3567851,,46,42,4,48.04999,41.7259,6.324093,https://pro-assets.morningconsult.com/wp-uploads/2026/08/MCPI-PI-Weekly.html,8/18/2026,09:00:48 20 Aug 2026,8/20/2026,,,901734,9017341,20aug2026
All polls,Hart Research Associates/Public Opinion Strategies,NBC News,5/29/2026,6/7/2026,3000, RV,1.444144,0.3544602,,49,44,5,47.67974,42.41449,5.265251,https://www.nbcnews.com/politics/2026-election/poll-democrats-maintain-edge-fight-congress-trump-gets-poor-marks-rcna348913,6/14/2026,09:00:48 20 Aug 2026,8/20/2026,,,901548,9015484,20aug2026
All polls,Verasight,Strength in Numbers,7/14/2026,7/17/2026,1432, RV,0.584349,0.3453645,,50,43,7,48.1696,43.07953,5.090073,https://www.gelliottmorris.com/p/poll,7/21/2026,09:00:48 20 Aug 2026,8/20/2026,,,901660,9016604,20aug2026
All polls,J.L. Partners,Daily Mail,6/24/2026,6/26/2026,625, LV,0.8548262,0.3177232,,50,42,8,50.0768,43.12804,6.948761,https://www.dailymail.com/news/article-15945873/The-scorching-midterm-election-poll-shows-blue-wave-cresting-Republicans.html?ico=authors_pagination_desktop,7/6/2026,09:00:48 20 Aug 2026,8/20/2026,,,901612,9016121,20aug2026
All polls,YouGov,Economist,8/7/2026,8/10/2026,1420, RV,0.3392551,0.3068233,,46,40,6,48.46714,41.70424,6.762901,https://d3nkl3psvxxpe9.cloudfront.net/documents/econTabReport_pKJG0WT.pdf,8/11/2026,09:00:48 20 Aug 2026,8/20/2026,,,901716,9017164,20aug2026
All polls,Focaldata,,7/14/2026,7/20/2026,2064, A,0.5007874,0.306488,,44,36,8,43.35191,35.54833,7.803581,https://www.focaldata.com/blog/focaldata---coinbase---clarity-act-and-crypto-attitudes-poll---july-2026,8/3/2026,09:00:48 20 Aug 2026,8/20/2026,,,901698,9016981,20aug2026
All polls,McLaughlin & Associates,,7/15/2026,7/21/2026,1000, LV,0.4866187,0.2972572,,46,44,2,47.66813,42.27405,5.394077,https://mclaughlinonline.com/2026/07/24/national-monthly-july-2026/,7/24/2026,09:00:48 20 Aug 2026,8/20/2026,,,901672,9016721,20aug2026
All polls,TIPP Insights,Issues & Insights,5/26/2026,5/28/2026,1332, RV,1.335038,0.2951318,,46,41,5,47.00791,40.85936,6.148552,https://issuesinsights.com/2026/06/15/does-either-party-have-an-edge-in-2026-midterms-and-2028-presidential-election-ii-tipp-poll/,6/15/2026,09:00:48 20 Aug 2026,8/20/2026,,,901553,9015531,20aug2026
All polls,Emerson College,,6/7/2026,6/8/2026,1200, LV,1.111469,0.2935914,,50.3,39.5,10.8,50.32972,40.27797,10.05175,https://emersoncollegepolling.com/june-2026/,6/11/2026,09:00:48 20 Aug 2026,8/20/2026,,,901541,9015412,20aug2026
All polls,Quinnipiac University,,6/18/2026,6/22/2026,1165, RV,0.9003289,0.2933066,,49,42,7,48.11136,42.58452,5.52684,https://poll.qu.edu/poll-release?releaseid=3961,6/24/2026,09:00:48 20 Aug 2026,8/20/2026,,,901581,9015813,20aug2026
All polls,AlphaROC,Independent Center,7/13/2026,7/14/2026,1000, A,0.4821071,0.287935,,42.1,37.3,4.799999,44.57761,39.22695,5.350658,https://independentcentervoice.com/insights/republicans-move-sharply-toward-independents-and-the-overall-market-holds,7/16/2026,09:00:48 20 Aug 2026,8/20/2026,,,901639,9016392,20aug2026
All polls,HarrisX,Harvard CAPS,7/11/2026,7/12/2026,, LV,0.5269274,0.2808762,,51,49,2,49.67393,45.33809,4.335842,https://harvardharrispoll.com/key-results-july-2026/,7/15/2026,09:00:48 20 Aug 2026,8/20/2026,,,901637,9016376,20aug2026
All polls,Morning Consult,,8/3/2026,8/9/2026,29719, RV,0.3229358,0.2777047,,47,42,5,49.04999,41.7259,7.324093,https://pro-assets.morningconsult.com/wp-uploads/2026/08/MCPI-Midterm-Ballot.html,8/18/2026,09:00:48 20 Aug 2026,8/20/2026,,,901732,9017321,20aug2026
All polls,Cygnal,,6/2/2026,6/3/2026,1500, LV,1.174893,0.2713278,,49,44,5,48.07975,42.23349,5.84626,https://www.cygn.al/news/poll-independents-arent-who-you-think-they-are-the-left-americas-250-and-who-trump-has-lost-since-the-inauguration/,6/11/2026,09:00:48 20 Aug 2026,8/20/2026,,,901540,9015401,20aug2026
All polls,Data for Progress,,5/15/2026,6/21/2026,5809, LV,1.03428,0.268869,,51,44,7,49.72838,43.17936,6.549019,https://www.dataforprogress.org/blog/2026/7/9/midterms-swing-voter-report-1,7/9/2026,09:00:48 20 Aug 2026,8/20/2026,,,901624,9016242,20aug2026
All polls,Echelon Insights,,6/18/2026,6/22/2026,1003, LV,0.8524748,0.2632936,,51,45,6,49.89309,42.60273,7.290359,https://echeloninsights.com/hubfs/_Media%20for%20Insights%20Blog/Echelon%20Insights%20America%20250%20Survey%20Topline%20-%20External.pdf,6/24/2026,09:00:48 20 Aug 2026,8/20/2026,,,901578,9015782,20aug2026
All polls,The Winston Group,Winning the Issues,5/30/2026,6/2/2026,1000, RV,1.07212,0.2627791,,48,41,7,47.85353,41.1583,6.695232,https://www.winningtheissues.org/2026/06/13/may-2026-winning-the-issues-survey/,7/1/2026,09:00:48 20 Aug 2026,8/20/2026,,,901598,9015982,20aug2026
All polls,Quantus Insights,,7/3/2026,7/7/2026,1140, LV,0.5625415,0.2569019,,47.1,42.3,4.799999,47.54084,42.03793,5.502911,https://quantusinsights.org/polling/f/trump-approval-and-wrong-track-majority-gives-democrats-2026-edge,7/9/2026,09:00:48 20 Aug 2026,8/20/2026,,,901623,9016232,20aug2026
All polls,Ipsos,Reuters,7/24/2026,7/26/2026,1003, RV,0.3621479,0.2556237,,40,38,2,44.98467,41.43001,3.554657,https://www.ipsos.com/en-us/americans-unimpressed-ideas-both-major-parties,7/28/2026,09:00:48 20 Aug 2026,8/20/2026,,,901677,9016775,20aug2026
All polls,YouGov,Economist,7/31/2026,8/3/2026,1473, RV,0.3062259,0.2480568,,46,42,4,48.46714,43.70424,4.762901,https://d3nkl3psvxxpe9.cloudfront.net/documents/econTabReport_mjKhx0z.pdf,8/4/2026,09:00:48 20 Aug 2026,8/20/2026,,,901700,9017004,20aug2026
All polls,AlphaROC,Independent Center,6/27/2026,6/28/2026,1000, RV,0.6180285,0.2445109,,43.1,36.5,6.599998,45.57761,38.42695,7.150661,https://independentcentervoice.com/insights/june-2026-national-survey-on-independent-candidates,7/3/2026,09:00:48 20 Aug 2026,8/20/2026,,,901605,9016052,20aug2026
All polls,HarrisX,2Way,7/9/2026,7/10/2026,787, LV,0.4688546,0.2378493,,51,49,2,49.67393,45.33809,4.335842,https://www.harrisx.com/content/july-2026-nato-summit-survey-findings-crosstabs,7/11/2026,09:00:48 20 Aug 2026,8/20/2026,,,901628,9016288,20aug2026
All polls,Research Co.,,6/4/2026,6/6/2026,1001, A,0.8606199,0.2361974,,38,33,5,40.49453,35.40499,5.089539,https://researchco.ca/2026/06/15/uspoli-june2026/,6/15/2026,09:00:48 20 Aug 2026,8/20/2026,,,901554,9015542,20aug2026
All polls,Echelon Insights,,6/11/2026,6/14/2026,1012, LV,0.8495172,0.2312298,,50,44,6,48.89309,41.60273,7.290359,https://echeloninsights.com/hubfs/_Media%20for%20Insights%20Blog/June%202026%20Voter%20Omnibus%20Topline%20-%20External.pdf,6/17/2026,09:00:48 20 Aug 2026,8/20/2026,,,901559,9015593,20aug2026
All polls,Ipsos,The Washington Post,7/8/2026,7/13/2026,2092, RV,0.4466367,0.2295461,,48,45,3,52.98467,48.43001,4.554657,https://www.washingtonpost.com/politics/2026/07/18/democrats-have-slim-lead-race-house-washington-post-ipsos-poll-finds/,7/20/2026,09:00:48 20 Aug 2026,8/20/2026,,,901640,9016404,20aug2026
All polls,The Argument/Verasight,,5/29/2026,6/3/2026,3008, RV,1.050938,0.2265618,,53,47,6,49.82364,43.749,6.074638,https://www.theargumentmag.com/p/the-biggest-issue-in-american-politics,6/10/2026,09:00:48 20 Aug 2026,8/20/2026,,,901533,9015332,20aug2026
All polls,Marquette University Law School,,5/20/2026,5/26/2026,576, LV,1.111557,0.2191675,,49,48,1,46.7192,46.33179,0.3874092,https://law.marquette.edu/poll/2026/06/03/detailed-results-of-the-marquette-law-school-supreme-court-poll-may-20-26-2026-national-issues/,6/3/2026,09:00:48 20 Aug 2026,8/20/2026,,,901511,9015115,20aug2026
All polls,The New York Times/Siena College,,5/11/2026,5/15/2026,1507, RV,1.416832,0.2110759,,50,39,11,49.42581,38.8619,10.56391,https://www.nytimes.com/interactive/2026/05/18/polls/times-siena-national-poll-toplines.html,5/18/2026,09:00:48 20 Aug 2026,8/20/2026,,,901463,9014633,20aug2026
All polls,Morning Consult,,7/27/2026,8/2/2026,24000, RV,0.2637643,0.2013439,,46.2,42.1,4.100002,48.24999,41.8259,6.424088,https://pro-assets.morningconsult.com/wp-uploads/2026/08/MCPI-Midterm-Ballot.html,8/6/2026,09:00:48 20 Aug 2026,8/20/2026,,,901705,9017051,20aug2026
All polls,Clarity Campaign Labs,,5/28/2026,6/5/2026,1045, LV,0.8896188,0.2010769,,48,45,3,46.60588,44.07194,2.533939,https://www.claritycampaigns.com/clarity-omnibus-2026-may,6/13/2026,09:00:48 20 Aug 2026,8/20/2026,,,901547,9015473,20aug2026
All polls,Focaldata,Financial Times,6/26/2026,6/30/2026,1795, RV,0.5595566,0.1975449,,49,42,7,48.35191,41.54833,6.803581,https://www.focaldata.com/blog/ossoffism-and-the-gops-elite-problem,7/6/2026,09:00:48 20 Aug 2026,8/20/2026,,,901610,9016104,20aug2026
All polls,YouGov,Economist,7/25/2026,7/27/2026,1407, RV,0.273688,0.1959446,,46,42,4,48.46714,43.70424,4.762901,https://d3nkl3psvxxpe9.cloudfront.net/documents/econTabReport_0t0YpHo.pdf,7/28/2026,09:00:48 20 Aug 2026,8/20/2026,,,901678,9016786,20aug2026
All polls,Emerson College,,5/24/2026,5/25/2026,1000, LV,1.004716,0.1951397,,49.8,41.3,8.5,49.82972,42.07797,7.751751,https://emersoncollegepolling.com/may-2026-national-poll/,5/28/2026,09:00:48 20 Aug 2026,8/20/2026,,,901495,9014952,20aug2026
All polls,Bedrock Polling,Third Way,5/20/2026,5/24/2026,1776, RV,0.9660645,0.1936491,,46,41,5,46.50943,41.17848,5.330952,https://www.thirdway.org/memo/americans-blame-the-government-for-high-health-costs-and-want-it-to-rein-in-the-industry,8/11/2026,09:00:48 20 Aug 2026,8/20/2026,,,901714,9017142,20aug2026
All polls,YouGov,CBS News,7/22/2026,7/24/2026,1474, RV,0.2699553,0.1823199,,47,40,7,49.46714,41.70424,7.762901,https://www.cbsnews.com/news/cbs-poll-analysis-cost-of-living-democrats-republicans/,7/31/2026,09:00:48 20 Aug 2026,8/20/2026,,,901693,9016931,20aug2026
All polls,The Rainey Center,,5/17/2026,5/18/2026,1000, LV,0.9496727,0.1697703,,45,43,2,45.75535,42.67197,3.083378,https://www.raineycenter.org/polling/data-centers-voters-are-persuadable-but-they-want-accountability-and-clean-energy,6/19/2026,09:00:48 20 Aug 2026,8/20/2026,,,901568,9015681,20aug2026
All polls,Rasmussen Reports,,5/13/2026,5/20/2026,2161, LV,1.150586,0.1661472,,47,41,6,48.12253,40.90862,7.213913,https://www.rasmussenreports.com/public_content/politics/mood_of_america/generic_congressional_ballot_may25,6/10/2026,09:00:48 20 Aug 2026,8/20/2026,,REP,901534,9015341,20aug2026
All polls,The Bullfinch Group,Independent Center,6/12/2026,6/16/2026,1000, RV,0.5514064,0.1632037,,44,36,8,46.55321,39.68874,6.864471,https://independentcentervoice.com/insights/the-local-antidote-how-stepping-away-from-national-screens-unites-americans,6/19/2026,09:00:48 20 Aug 2026,8/20/2026,,,901569,9015696,20aug2026
All polls,YouGov,Economist,7/17/2026,7/20/2026,1432, RV,0.2589651,0.160607,,46,41,5,48.46714,42.70424,5.762901,https://d3nkl3psvxxpe9.cloudfront.net/documents/econTabReport_ESdiNMa.pdf,7/21/2026,09:00:48 20 Aug 2026,8/20/2026,,,901658,9016586,20aug2026
All polls,Morning Consult,,7/20/2026,7/26/2026,24000, RV,0.2407614,0.1604958,,45.7,42.7,3,47.74999,42.4259,5.324089,https://pro-assets.morningconsult.com/wp-uploads/2026/07/MCPI-Midterm-Ballot_260727.html,7/29/2026,09:00:48 20 Aug 2026,8/20/2026,,,901682,9016821,20aug2026
All polls,Verasight,Strength in Numbers,6/17/2026,6/22/2026,1896, RV,0.5384804,0.1584837,,50,43,7,48.1696,43.07953,5.090073,https://www.gelliottmorris.com/p/2026-06-24-june-strength-in-numbers-verasight-poll,6/24/2026,09:00:48 20 Aug 2026,8/20/2026,,,901580,9015804,20aug2026
All polls,RMG Research,Napolitan News Service,6/1/2026,6/4/2026,2000, RV,0.7236381,0.1496335,,49,45,4,49.6022,42.61341,6.988789,https://napolitannews.org/posts/generic-ballot-dem-49-percent-gop-45-dems-more-enthusiastic,6/5/2026,09:00:48 20 Aug 2026,8/20/2026,,,901520,9015201,20aug2026
All polls,AtlasIntel,,5/4/2026,5/7/2026,2069, A,1.315043,0.147792,,54.6,40.1,14.5,51.36029,40.83784,10.52245,https://www.atlasintel.org/poll/usa-national-2026-05-11,5/12/2026,09:00:48 20 Aug 2026,8/20/2026,,,901449,9014493,20aug2026
All polls,Quantus Insights,,6/16/2026,6/17/2026,1000, LV,0.5142955,0.1462204,,47,43,4,47.44085,42.73793,4.702919,https://polls.quantusinsights.org/polls/national-approval-june-17?tab=toplines,6/19/2026,09:00:48 20 Aug 2026,8/20/2026,,,901566,9015662,20aug2026
All polls,Change Research,,6/10/2026,6/17/2026,1714, RV,0.5553575,0.1417159,,43,38,5,44.46621,38.59313,5.873081,https://portal.changeresearch.com/portal/projects/92fca10b-bc07-4b9c-9d7b-f281ec087a74,7/23/2026,09:00:48 20 Aug 2026,8/20/2026,,,901666,9016662,20aug2026
All polls,Quinnipiac University,,5/14/2026,5/18/2026,1106, RV,0.9127016,0.1346488,,50,39,11,49.11136,39.58452,9.52684,https://poll.qu.edu/poll-release?releaseid=3959,5/21/2026,09:00:48 20 Aug 2026,8/20/2026,,,901477,9014773,20aug2026
All polls,YouGov,Economist,7/10/2026,7/13/2026,1450, RV,0.2514304,0.1310321,,46,42,4,48.46714,43.70424,4.762901,https://d3nkl3psvxxpe9.cloudfront.net/documents/econTabReport_ie0SzVb.pdf,7/14/2026,09:00:48 20 Aug 2026,8/20/2026,,,901633,9016335,20aug2026
All polls,Impact Research/National Research ,Wall Street Journal,5/7/2026,5/18/2026,1500, RV,0.9035828,0.130733,,48,40,8,48.09704,40.17352,7.923519,https://www.wsj.com/politics/policy/trump-republican-congress-control-98a13bd9,5/24/2026,09:00:48 20 Aug 2026,8/20/2026,,,901486,9014864,20aug2026
All polls,The Bullfinch Group,Independent Center,5/29/2026,6/2/2026,1000, RV,0.5596828,0.125504,,42,36,6,44.55321,39.68874,4.864471,https://www.thebullfinchgroup.com/post/public-release-of-bullfinch-q2-nationwide-survey-4,6/4/2026,09:00:48 20 Aug 2026,8/20/2026,,,901514,9015144,20aug2026
All polls,John Zogby Strategies,,5/21/2026,5/22/2026,1000, LV,0.70833,0.1173564,,49.2,42,7.200001,48.97102,41.7613,7.209721,https://johnzogbystrategies.com/the-latest-zogby-political-poll-trump-economic-concerns-war-trends-05-22-26/,5/22/2026,09:00:48 20 Aug 2026,8/20/2026,,,901484,9014842,20aug2026
All polls,Echelon Insights,,5/14/2026,5/18/2026,1008, LV,0.8471357,0.1143732,,51,43,8,49.89309,40.60273,9.290359,https://echeloninsights.com/insights/may-2026-verified-voter-omnibus,5/19/2026,09:00:48 20 Aug 2026,8/20/2026,,,901468,9014682,20aug2026
All polls,Quantus Insights,,6/1/2026,6/2/2026,1050, LV,0.5392961,0.1135512,,47,42.3,4.700001,47.44085,42.03793,5.40292,https://quantusinsights.org/f/quantus-insights-trump-underwater-democrats-hold-edge,6/4/2026,09:00:48 20 Aug 2026,8/20/2026,,,901513,9015132,20aug2026
All polls,McLaughlin & Associates,,6/17/2026,6/23/2026,1000, LV,0.3961208,0.1094753,,46,43,3,47.66813,41.27405,6.394077,https://mclaughlinonline.com/pols/wp-content/uploads/2026/06/National-June-Presentation-RELEASE-June-2026.pdf,6/26/2026,09:00:48 20 Aug 2026,8/20/2026,,,901590,9015901,20aug2026
All polls,Focaldata,Financial Times,5/29/2026,6/1/2026,1537, RV,0.5360219,0.1043034,,48,43,5,47.35191,42.54833,4.803581,https://www.focaldata.com/blog/trump-inflation-approval-crashes-to-record-low,6/7/2026,09:00:48 20 Aug 2026,8/20/2026,,,901521,9015214,20aug2026
All polls,Public Opinion Strategies,CoinDesk,4/21/2026,4/27/2026,1000, RV,1.202772,0.1041361,,44,41,3,44.88967,40.81774,4.07193,https://www.coindesk.com/policy/2026/05/03/crypto-is-at-the-bottom-of-u-s-voters-priorities-heading-into-the-midterm-coindesk-survey-shows,5/4/2026,09:00:48 20 Aug 2026,8/20/2026,,,901419,9014191,20aug2026
All polls,YouGov,Economist,7/3/2026,7/6/2026,1443, RV,0.245565,0.1029812,,46,43,3,48.46714,44.70424,3.762901,https://d3nkl3psvxxpe9.cloudfront.net/documents/econTabReport_Qxo6bev.pdf,7/7/2026,09:00:48 20 Aug 2026,8/20/2026,,,901614,9016144,20aug2026
All polls,Ipsos,Reuters,6/3/2026,6/8/2026,3578, RV,0.4930763,0.1026477,,41,37,4,45.98467,40.43001,5.554657,https://www.ipsos.com/en-us/reutersipsos-june-2026-poll,6/8/2026,09:00:48 20 Aug 2026,8/20/2026,,,901524,9015245,20aug2026
All polls,Cygnal,Conservative Energy Network,5/4/2026,5/7/2026,1500, LV,1.095019,0.1016314,,48,41,7,47.2537,39.05955,8.194149,https://conservativeenergynetwork.org/new-national-poll-americans-demand-action-on-rising-energy-costs-support-modernizing-the-grid-and-expanding-domestic-energy-production/,5/27/2026,09:00:48 20 Aug 2026,8/20/2026,,REP,901493,9014931,20aug2026
All polls,Cygnal,,5/5/2026,5/6/2026,1500, LV,1.095019,0.1016314,,48.5,42.4,6.099998,47.57975,40.6335,6.946251,https://www.cygn.al/polls/may-2026-national-voter-trends-nvt-poll/,5/13/2026,09:00:48 20 Aug 2026,8/20/2026,,,901455,9014552,20aug2026
All polls,Marist University,NPR | PBS News,4/27/2026,4/30/2026,1155, RV,1.104741,0.1015604,,52,42,10,49.4416,41.92237,7.51923,https://maristpoll.marist.edu/polls/president-trump-while-at-war-may-2026/,5/6/2026,09:00:48 20 Aug 2026,8/20/2026,,,901433,9014334,20aug2026
All polls,Data for Progress,,5/15/2026,5/18/2026,1149, LV,0.5775459,0.0950725,,51,43,8,49.72838,42.17936,7.549019,https://www.dataforprogress.org/blog/2026/5/21/democrats-lead-the-generic-ballot-by-8-points-as-midterms-approach,5/21/2026,09:00:48 20 Aug 2026,8/20/2026,,,901478,90147813,20aug2026
All polls,Ipsos,Reuters,6/18/2026,6/22/2026,978, RV,0.3154459,0.0817856,,41,36,5,45.98467,39.43001,6.554657,https://www.ipsos.com/en-us/few-expect-us-iran-preliminary-agreement-bring-lasting-peace,6/24/2026,09:00:48 20 Aug 2026,8/20/2026,,,901577,9015774,20aug2026
All polls,Beacon Research/Shaw & Company Research,FOX News,4/17/2026,4/20/2026,1001, RV,1.123606,0.0804264,,52,47,5,50.00914,45.59908,4.410061,https://www.foxnews.com/politics/fox-news-poll-economic-gloom-trump-ratings-signal-tough-gop-midterm-path,4/23/2026,09:00:48 20 Aug 2026,8/20/2026,,,901387,9013872,20aug2026
All polls,HarrisX,Forbes,5/20/2026,6/7/2026,1137, LV,0.4213265,0.0799669,,46,45,1,44.67393,41.33809,3.335842,https://www.harrisx.com/content/forbes-harrisx-american-confidence-tracker-june-2026,6/12/2026,09:00:48 20 Aug 2026,8/20/2026,,,901545,9015456,20aug2026
All polls,Ipsos,Reuters,6/12/2026,6/15/2026,1195, RV,0.3308413,0.0783943,,41,38,3,45.98467,41.43001,4.554657,https://www.ipsos.com/en-us/reutersipsos-june-2026-poll-0,6/15/2026,09:00:48 20 Aug 2026,8/20/2026,,,901555,9015554,20aug2026
All polls,HarrisX/Harris Poll,Harvard CAPS,5/29/2026,5/31/2026,, LV,0.4030475,0.0780312,,52,48,4,50.67393,44.33809,6.335842,https://harvardharrispoll.com/key-results-may-2026/,6/2/2026,09:00:48 20 Aug 2026,8/20/2026,,,901509,9015095,20aug2026
All polls,YouGov,Economist,6/26/2026,6/29/2026,1428, RV,0.2411002,0.0761174,,45,42,3,47.46714,43.70424,3.762901,https://d3nkl3psvxxpe9.cloudfront.net/documents/econTabReport_1tbbxVr.pdf,6/30/2026,09:00:48 20 Aug 2026,8/20/2026,,,901596,9015966,20aug2026
All polls,Emerson College,,4/24/2026,4/26/2026,1000, LV,1.034189,0.0753594,,50.3,40.2,10.1,50.32972,40.97797,9.351749,https://emersoncollegepolling.com/april-2026-national-poll/,4/29/2026,09:00:48 20 Aug 2026,8/20/2026,,,901405,9014052,20aug2026
All polls,Morning Consult,Cato Institute,6/29/2026,7/5/2026,24000, RV,0.2030768,0.0752227,,45.4,42.1,3.300003,47.44999,41.8259,5.624088,https://pro-assets.morningconsult.com/wp-uploads/2026/07/MCPI-Midterm-Ballot_260706.html,7/7/2026,09:00:48 20 Aug 2026,8/20/2026,,,901617,9016171,20aug2026
All polls,KFF,,4/14/2026,4/19/2026,1107, RV,1.009139,0.0675896,,43,34,9,43.62579,35.43887,8.18692,https://www.kff.org/public-opinion/kff-health-tracking-poll-health-care-costs-and-the-midterms/,4/29/2026,09:00:48 20 Aug 2026,8/20/2026,,,901407,9014071,20aug2026
All polls,GBAO,Third Way,4/8/2026,4/15/2026,2000, RV,1.12634,0.06649,,48,40,8,47.80481,40.44413,7.36068,https://www.thirdway.org/memo/the-cost-of-misplaced-priorities-trumps-coalition-frays,5/12/2026,09:00:48 20 Aug 2026,8/20/2026,,,901453,9014532,20aug2026
All polls,Marquette University Law School,,4/8/2026,4/16/2026,576, LV,1.164699,0.0659143,,53,43,10,50.7192,41.33179,9.387409,https://law.marquette.edu/poll/2026/04/22/detailed-results-of-the-marquette-law-school-supreme-court-poll-april-8-16-2026-national-issues/,4/22/2026,09:00:48 20 Aug 2026,8/20/2026,,,901385,9013855,20aug2026
All polls,Verasight,Strength in Numbers,5/18/2026,5/19/2026,1413, RV,0.4248189,0.06262,,51,43,8,49.1696,43.07953,6.090073,https://www.gelliottmorris.com/p/2026-05-26-may-strength-in-numbers-verasight-poll,5/26/2026,09:00:48 20 Aug 2026,8/20/2026,,,901490,9014904,20aug2026
All polls,Hart Research Associates/Public Opinion Strategies,CNBC,4/15/2026,4/19/2026,1000, RV,0.9908994,0.0616275,,49,45,4,47.67974,43.41449,4.265251,https://www.cnbc.com/2026/04/23/trumps-approval-rating-on-economy-and-overall-falls-to-lowest-of-his-two-terms-cnbc-survey-shows.html,4/23/2026,09:00:48 20 Aug 2026,8/20/2026,,,901388,9013882,20aug2026
All polls,YouGov,Economist,6/19/2026,6/22/2026,1517, RV,0.2429713,0.0614353,,45,43,2,47.46714,44.70424,2.762901,https://d3nkl3psvxxpe9.cloudfront.net/documents/econTabReport_v8p0Pe8.pdf,6/23/2026,09:00:48 20 Aug 2026,8/20/2026,,,901575,9015755,20aug2026
All polls,Verasight/Morris Predictive Insights,Unite Here,5/18/2026,5/20/2026,2000, A,0.4092856,0.0603303,,52,41,11,50.1696,41.07953,9.090073,https://www.politico.com/newsletters/playbook/2026/05/22/pod-save-nobody-00933436,5/22/2026,09:00:48 20 Aug 2026,8/20/2026,,,901483,9014832,20aug2026
All polls,Clarity Campaign Labs,,4/15/2026,4/24/2026,1000, LV,0.9165429,0.0582946,,50,45,5,48.60588,44.07194,4.533939,https://www.claritycampaigns.com/clarity-omnibus-2026-april,5/5/2026,09:00:48 20 Aug 2026,8/20/2026,,,901432,9014322,20aug2026
All polls,CNN/SSRS,,4/30/2026,5/4/2026,1156, RV,0.6426443,0.0562616,,45,42,3,44.82375,41.79783,3.025921,https://www.cnn.com/2026/05/12/politics/cnn-poll-midterms-affordability-politics-impact,5/12/2026,09:00:48 20 Aug 2026,8/20/2026,,,901448,9014483,20aug2026
All polls,Focaldata,Financial Times,5/1/2026,5/5/2026,3167, RV,0.7576956,0.0546757,,49,42,7,48.35191,41.54833,6.803581,https://www.focaldata.com/blog/democrats-lead-economy-focaldata-financial-times-poll,5/11/2026,09:00:48 20 Aug 2026,8/20/2026,,,901444,9014444,20aug2026
All polls,RMG Research,Napolitan News Service,5/4/2026,5/6/2026,2000, RV,0.6753916,0.0543874,,50,41,9,50.6022,38.61341,11.98879,https://napolitannews.org/posts/generic-ballot-dem-50-percent-gop-41-dems-also-more-enthusiastic,5/8/2026,09:00:48 20 Aug 2026,8/20/2026,,,901441,9014411,20aug2026
All polls,Morning Consult,,7/17/2026,7/19/2026,2200, RV,0.0886683,0.0528714,,46,43,3,48.04999,42.7259,5.324093,https://intel.morningconsult.com/mc-content/trackers/donald-trump-congress-policy-republicans-polling,7/21/2026,09:00:48 20 Aug 2026,8/20/2026,,,901657,9016572,20aug2026
All polls,Morning Consult,,6/22/2026,6/28/2026,24000, RV,0.1959936,0.0525898,,45.5,42.4,3.099998,47.54999,42.1259,5.424091,https://pro-assets.morningconsult.com/wp-uploads/2026/07/MCPI-Midterm-Ballot_260701.html,7/2/2026,09:00:48 20 Aug 2026,8/20/2026,,,901600,9016001,20aug2026
All polls,YouGov,Economist,6/13/2026,6/15/2026,1403, RV,0.2291736,0.0513842,,46,44,2,48.46714,45.70424,2.762901,https://d3nkl3psvxxpe9.cloudfront.net/documents/econTabReport_GpnDRNm.pdf,6/16/2026,09:00:48 20 Aug 2026,8/20/2026,,,901557,9015575,20aug2026
All polls,Change Research,,5/5/2026,5/10/2026,2244, RV,0.5590022,0.0492819,,45,42,3,46.46621,42.59313,3.873081,https://portal.changeresearch.com/portal/projects/07dc6ff6-bb96-4bc5-a138-90b0ab3b22db,6/15/2026,09:00:48 20 Aug 2026,8/20/2026,,,901552,9015522,20aug2026
All polls,Morning Consult,,6/15/2026,6/21/2026,29540, RV,0.2098646,0.0492773,,45.6,42,3.599998,47.64999,41.7259,5.924091,https://pro-assets.morningconsult.com/wp-uploads/2026/06/MCPI-Midterm-Ballot_260622.html,6/25/2026,09:00:48 20 Aug 2026,8/20/2026,,,901585,9015851,20aug2026
All polls,Echelon Insights,,4/17/2026,4/20/2026,1012, LV,0.8142912,0.0492379,,50,44,6,48.89309,41.60273,7.290359,https://echeloninsights.com/insights/april-2026-verified-voter-omnibus,4/21/2026,09:00:48 20 Aug 2026,8/20/2026,,,901381,9013813,20aug2026
All polls,The Argument/Verasight,,4/20/2026,4/23/2026,1516, RV,0.7798193,0.0482627,,53,47,6,49.82364,43.749,6.074638,https://www.theargumentmag.com/p/why-democrats-cant-win-more-trump,4/29/2026,09:00:48 20 Aug 2026,8/20/2026,,,901406,9014062,20aug2026
All polls,Echelon Insights,NetChoice,4/3/2026,4/9/2026,2880, LV,1.220247,0.0472465,,50,45,5,48.89309,42.60273,6.290359,https://netchoice.org/wp-content/uploads/2026/04/NetChoice-Apr-2026-National-Antitrust-Survey-Topline.pdf,4/21/2026,09:00:48 20 Aug 2026,8/20/2026,,,901377,9013772,20aug2026
All polls,McLaughlin & Associates,America's New Majority Project,5/14/2026,5/18/2026,2000, RV,0.3462075,0.0448411,,39,36,3,40.84465,34.09752,6.747131,https://www.americasnewmajorityproject.net/p/democrat-lawmakers-are-taking-positions,6/17/2026,09:00:48 20 Aug 2026,8/20/2026,,REP,901560,9015601,20aug2026
All polls,YouGov,Economist,6/5/2026,6/8/2026,1438, RV,0.2227409,0.0442577,,45,41,4,47.46714,42.70424,4.762901,https://d3nkl3psvxxpe9.cloudfront.net/documents/econTabReport_nvajahp.pdf,6/9/2026,09:00:48 20 Aug 2026,8/20/2026,,,901525,9015254,20aug2026
All polls,Quantus Insights,,4/21/2026,4/23/2026,1452, LV,0.6948631,0.0441523,,46.5,42.3,4.200001,46.94085,42.03793,4.90292,https://quantusinsights.org/f/quantus-survey-a-divided-electorate-a-narrow-democratic-edge,4/24/2026,09:00:48 20 Aug 2026,8/20/2026,,,901394,9013942,20aug2026
All polls,Morning Consult,,7/10/2026,7/13/2026,2200, RV,0.0842994,0.0431595,,46,43,3,48.04999,42.7259,5.324093,https://drive.google.com/file/d/1cggsijQl76RMmlpuDL991Z3uyHfXfiZh/view,7/14/2026,09:00:48 20 Aug 2026,8/20/2026,,,901634,9016342,20aug2026
All polls,Tavern Research,,4/6/2026,4/9/2026,502, LV,0.8057504,0.0418572,,44,43,1,44.86448,42.76258,2.101898,https://www.tavernresearch.com/research-and-writings/cutting-room-floor-april-10-2026,5/12/2026,09:00:48 20 Aug 2026,8/20/2026,,,901452,9014521,20aug2026
All polls,McLaughlin & Associates,,5/12/2026,5/18/2026,1000, LV,0.3200547,0.0398987,,46,42,4,47.66813,40.27405,7.394077,https://mclaughlinonline.com/2026/05/22/national-monthly-may-2026/,5/23/2026,09:00:48 20 Aug 2026,8/20/2026,,,901485,9014851,20aug2026
All polls,John Zogby Strategies,,4/17/2026,4/18/2026,1001, LV,0.6446376,0.0391478,,48.3,44.4,3.899998,48.07102,44.1613,3.909718,https://johnzogbystrategies.com/wp-content/uploads/2026/04/Brand-New-Zogby-Poll-Amid-War-Confusion-04.20.26.html,4/21/2026,09:00:48 20 Aug 2026,8/20/2026,,,901370,9013702,20aug2026
All polls,Survey160,,4/9/2026,4/12/2026,1539, RV,0.7209998,0.0390073,,47,37,10,47.20734,39.1438,8.063541,https://www.survey160.com/methodological-research-blog/survey-160-tracking-poll-april-2026,4/23/2026,09:00:48 20 Aug 2026,8/20/2026,,,901389,9013892,20aug2026
All polls,HarrisX,Forbes,4/29/2026,5/5/2026,1891, LV,0.4879561,0.0389105,,48,42,6,46.67393,38.33809,8.335842,https://www.harrisx.com/posts/forbes-and-harrisx-partner-on-new-american-confidence-survey-as-gallup-ends-approval-polling,5/5/2026,09:00:48 20 Aug 2026,8/20/2026,,,901435,9014356,20aug2026
All polls,Morning Consult,,6/8/2026,6/14/2026,24000, RV,0.1902488,0.0388289,,45.8,41.9,3.899998,47.84999,41.6259,6.224091,https://pro-assets.morningconsult.com/wp-uploads/2026/06/MCPI-Midterm-Ballot_260622.html,6/25/2026,09:00:48 20 Aug 2026,8/20/2026,,,901584,9015841,20aug2026
All polls,YouGov,Economist,5/29/2026,6/1/2026,1453, RV,0.2158553,0.0372366,,46,42,4,48.46714,43.70424,4.762901,https://d3nkl3psvxxpe9.cloudfront.net/documents/econTabReport_AvLU7vY.pdf,6/2/2026,09:00:48 20 Aug 2026,8/20/2026,,,901508,9015085,20aug2026
All polls,Cygnal,,4/2/2026,4/3/2026,1500, LV,1.098128,0.0359796,,48.8,43.3,5.5,47.87975,41.53349,6.34626,https://www.cygn.al/wp-content/uploads/2026/04/23738-Cygnal-National-Apr26-NVT-Deck-Public.pdf,4/8/2026,09:00:48 20 Aug 2026,8/20/2026,,,901340,9013402,20aug2026
All polls,Morning Consult,,6/1/2026,6/7/2026,29264, RV,0.2025499,0.035543,,46,42,4,48.04999,41.7259,6.324093,https://intel.morningconsult.com/mc-content/trackers/2026-midterm-election-generic-ballot-polls,6/10/2026,09:00:48 20 Aug 2026,8/20/2026,,,901537,9015371,20aug2026
All polls,Ipsos,Reuters,5/15/2026,5/18/2026,984, RV,0.2815405,0.0353165,,39,38,1,43.98467,41.43001,2.554657,https://www.ipsos.com/en-us/americas-frustration-cost-living-continues-rise,5/19/2026,09:00:48 20 Aug 2026,8/20/2026,,,901469,9014695,20aug2026
All polls,HarrisX,Harvard CAPS,4/23/2026,4/26/2026,1963, LV,0.5035129,0.0340376,,50,50,0,48.67393,46.33809,2.335842,https://harvardharrispoll.com/key-results-april-2026/,4/28/2026,09:00:48 20 Aug 2026,8/20/2026,,,901402,9014026,20aug2026
All polls,YouGov,Economist,5/22/2026,5/26/2026,1397, RV,0.2056524,0.0298904,,46,41,5,48.46714,42.70424,5.762901,https://d3nkl3psvxxpe9.cloudfront.net/documents/econTabReport_aWdgoE7.pdf,5/27/2026,09:00:48 20 Aug 2026,8/20/2026,,,901492,9014924,20aug2026
All polls,Ipsos,Reuters,5/8/2026,5/11/2026,993, RV,0.2822523,0.0265787,,41,35,6,45.98467,38.43001,7.554657,https://www.ipsos.com/en-us/two-thirds-say-rising-gas-prices-have-affected-their-household-finances,5/11/2026,09:00:48 20 Aug 2026,8/20/2026,,,901445,9014455,20aug2026
All polls,RMG Research,Napolitan News Service,4/6/2026,4/9/2026,2000, RV,0.6666798,0.0256131,,49,44,5,49.6022,41.61341,7.988789,https://napolitannews.org/posts/generic-ballot-dem-45-percent-gop-42-dems-also-more-enthusiastic,4/10/2026,09:00:48 20 Aug 2026,8/20/2026,,,901349,9013491,20aug2026
All polls,YouGov,CBS News,5/13/2026,5/15/2026,1397, LV,0.2450312,0.0254358,,45,40,5,47.46714,41.70424,5.762901,https://www.cbsnews.com/news/redistricting-elections-opinion-poll-19-may-2026/,5/20/2026,09:00:48 20 Aug 2026,8/20/2026,,,901460,9014603,20aug2026
All polls,YouGov,Pennsylvania State University McCourtney Institute for Democracy,5/19/2026,5/26/2026,862, RV,0.168378,0.0237854,,41,37,4,43.46714,38.70424,4.762901,https://democracy.psu.edu/poll-report-archive/fewer-than-four-in-ten-americans-think-president-trump-is-doing-a-good-job/,6/4/2026,09:00:48 20 Aug 2026,8/20/2026,,,901516,9015161,20aug2026
All polls,YouGov,Economist,5/15/2026,5/18/2026,1380, RV,0.200935,0.0233989,,46,43,3,48.46714,44.70424,3.762901,https://d3nkl3psvxxpe9.cloudfront.net/documents/econTabReport_YTE4G2g.pdf,5/19/2026,09:00:48 20 Aug 2026,8/20/2026,,,901467,9014675,20aug2026
All polls,Ipsos,Reuters,4/15/2026,4/20/2026,3577, RV,0.4650962,0.0233431,,41,38,3,45.98467,41.43001,4.554657,https://www.ipsos.com/en-us/americans-remain-skeptical-trumps-handling-inflation,4/21/2026,09:00:48 20 Aug 2026,8/20/2026,,,901376,9013764,20aug2026
All polls,Ipsos,The Washington Post | ABC News,4/24/2026,4/28/2026,2059, RV,0.3666254,0.0228765,,49,44,5,53.98467,47.43001,6.554657,https://www.washingtonpost.com/politics/2026/05/03/trump-approval-ratings-poll/ ,5/4/2026,09:00:48 20 Aug 2026,8/20/2026,,,901417,9014174,20aug2026
All polls,Morning Consult,,5/18/2026,5/24/2026,24849, RV,0.1889375,0.0220913,,46,42,4,48.04999,41.7259,6.324093,https://intel.morningconsult.com/mc-content/trackers/2026-midterm-election-generic-ballot-polls,5/31/2026,09:00:48 20 Aug 2026,8/20/2026,,,901503,9015031,20aug2026
All polls,Morning Consult,,6/26/2026,6/28/2026,2002, RV,0.0730815,0.0217915,,46,42,4,48.04999,41.7259,6.324093,https://drive.google.com/file/d/1r9X_-vXE-Kkv1lXR5cu1KtWd-LAEMSJW/view,6/29/2026,09:00:48 20 Aug 2026,8/20/2026,,,901594,9015942,20aug2026
All polls,Verasight,Strength in Numbers,4/10/2026,4/14/2026,1386, RV,0.4640253,0.0200346,,50,43,7,48.1696,43.07953,5.090073,https://www.gelliottmorris.com/p/2026-04-21-april-strength-in-numbers-verasight-poll,4/21/2026,09:00:48 20 Aug 2026,8/20/2026,,,901375,9013754,20aug2026
All polls,Change Research,,4/3/2026,4/7/2026,2702, RV,0.5463405,0.0181533,,47,42,5,48.46621,42.59313,5.873081,https://changeresearch.com/who-do-voters-want-in-2028/,5/14/2026,09:00:48 20 Aug 2026,8/20/2026,,,901415,9014153,20aug2026
All polls,Morning Consult,Cato Institute,6/25/2026,6/26/2026,2253, A,0.0639599,0.0181267,,45,39,6,47.04999,38.7259,8.324093,https://www.cato.org/sites/cato.org/files/2026-07/Cato%20Fourth%20of%20July%202026%20Survey%20Toplines.pdf,7/2/2026,09:00:48 20 Aug 2026,8/20/2026,,,901602,9016022,20aug2026
All polls,Morning Consult,,5/11/2026,5/17/2026,28525, RV,0.1984843,0.0177713,,46,42,4,48.04999,41.7259,6.324093,https://intel.morningconsult.com/mc-content/trackers/2026-midterm-election-generic-ballot-polls,5/22/2026,09:00:48 20 Aug 2026,8/20/2026,,,901481,9014811,20aug2026
All polls,YouGov,Economist,5/9/2026,5/11/2026,1410, RV,0.2014402,0.0174397,,45,40,5,47.46714,41.70424,5.762901,https://d3nkl3psvxxpe9.cloudfront.net/documents/econTabReport_ONiR6Nb.pdf,5/12/2026,09:00:48 20 Aug 2026,8/20/2026,,,901447,9014475,20aug2026
All polls,Ipsos,Reuters,4/24/2026,4/27/2026,1014, RV,0.2761644,0.017232,,41,37,4,45.98467,40.43001,5.554657,https://www.ipsos.com/en-us/americans-increasingly-feel-economy-wrong-track,4/28/2026,09:00:48 20 Aug 2026,8/20/2026,,,901403,9014035,20aug2026
All polls,Quantus Insights,,3/25/2026,3/26/2026,1472, LV,0.7794808,0.0153353,,47,41.3,5.700001,47.44085,41.03793,6.40292,https://quantusinsights.org/f/new-quantus-survey-a-sour-national-mood-and-a-midterm-warning,4/6/2026,09:00:48 20 Aug 2026,8/20/2026,,,901332,9013322,20aug2026
All polls,CNN/SSRS,,3/26/2026,3/30/2026,951, RV,0.5890754,0.0141315,,48,42,6,47.82375,41.79783,6.025921,https://www.documentcloud.org/documents/27964261-cnn-poll-conducted-by-ssrs-trump-approval-economy/,4/3/2026,09:00:48 20 Aug 2026,8/20/2026,,,901318,9013184,20aug2026
All polls,McLaughlin & Associates,,4/8/2026,4/15/2026,1000, LV,0.3305468,0.0140146,,47,43,4,48.66813,41.27405,7.394077,https://mclaughlinonline.com/pols/wp-content/uploads/2026/04/National-April-Release-Presentation-4-16-26.pdf,4/17/2026,09:00:48 20 Aug 2026,8/20/2026,,,901365,9013651,20aug2026
All polls,YouGov,Economist,5/1/2026,5/4/2026,1409, RV,0.2008741,0.0129246,,44,41,3,46.46714,42.70424,3.762901,https://d3nkl3psvxxpe9.cloudfront.net/documents/econTabReport_i4K4elJ.pdf,5/5/2026,09:00:48 20 Aug 2026,8/20/2026,,,901429,9014295,20aug2026
All polls,YouGov,Economist,4/24/2026,4/27/2026,1647, RV,0.2119444,0.0117068,,46,41,5,48.46714,42.70424,5.762901,https://d3nkl3psvxxpe9.cloudfront.net/documents/econTabReport_Ty7ikPd.pdf,4/28/2026,09:00:48 20 Aug 2026,8/20/2026,,,901399,9013995,20aug2026
All polls,Quinnipiac University,,3/19/2026,3/23/2026,1191, RV,1.016783,0.0114422,,51,40,11,50.11136,40.58452,9.52684,https://poll.qu.edu/poll-release?releaseid=3953,3/25/2026,09:00:48 20 Aug 2026,8/20/2026,,,901302,9013023,20aug2026
All polls,YouGov,Economist,4/17/2026,4/20/2026,1553, RV,0.2056317,0.0094669,,45,40,5,47.46714,41.70424,5.762901,https://d3nkl3psvxxpe9.cloudfront.net/documents/econTabReport_I24AWdp.pdf,4/21/2026,09:00:48 20 Aug 2026,8/20/2026,,,901380,9013805,20aug2026
All polls,HarrisX,Harvard CAPS,3/25/2026,3/26/2026,1475, LV,0.5103771,0.0090614,,52,48,4,50.67393,44.33809,6.335842,https://harvardharrispoll.com/wp-content/uploads/2026/03/HHP_Mar2026_KeyResults.pdf,3/30/2026,09:00:48 20 Aug 2026,8/20/2026,,,901313,9013137,20aug2026
All polls,Morning Consult,,4/20/2026,4/26/2026,28235, RV,0.1768824,0.0082249,,45,42,3,47.04999,41.7259,5.324093,https://pro.morningconsult.com/trackers/2026-midterm-election-generic-ballot-polls,4/28/2026,09:00:48 20 Aug 2026,8/20/2026,,,901401,9014011,20aug2026
All polls,Morning Consult,,5/25/2026,5/31/2026,, RV,0.0526475,0.0076366,,45,42,3,47.04999,41.7259,5.324093,https://intel.morningconsult.com/mc-content/trackers/2026-midterm-election-generic-ballot-polls,6/10/2026,09:00:48 20 Aug 2026,8/20/2026,,,901538,9015381,20aug2026
All polls,YouGov,Economist,4/10/2026,4/13/2026,1573, RV,0.2050306,0.0075765,,45,40,5,47.46714,41.70424,5.762901,https://d3nkl3psvxxpe9.cloudfront.net/documents/econTabReport_G1zNgZq.pdf,4/14/2026,09:00:48 20 Aug 2026,8/20/2026,,,901355,9013555,20aug2026
All polls,Morning Consult,,5/15/2026,5/17/2026,2203, RV,0.0716697,0.0069467,,47,41,6,49.04999,40.7259,8.324093,https://intel.morningconsult.com/mc-content/trackers/donald-trump-congress-policy-republicans-polling,5/22/2026,09:00:48 20 Aug 2026,8/20/2026,,,901480,9014802,20aug2026
All polls,Morning Consult,,4/13/2026,4/19/2026,27869, RV,0.168386,0.0066056,,45,42,3,47.04999,41.7259,5.324093,https://pro.morningconsult.com/trackers/2026-midterm-election-generic-ballot-polls,4/21/2026,09:00:48 20 Aug 2026,8/20/2026,,,901374,9013741,20aug2026
All polls,Rasmussen Reports,,3/16/2026,3/19/2026,2222, LV,1.171124,0.0059516,,45,42,3,46.12253,41.90862,4.213913,https://www.rasmussenreports.com/platinum/political_tracking_crosstabs/march_2026/crosstabs_generic_congressional_ballot_march_16_19_and_22_23_2026#google_vignette,3/26/2026,09:00:48 20 Aug 2026,8/20/2026,,REP,901306,9013061,20aug2026
All polls,YouGov,Economist,4/3/2026,4/6/2026,1560, RV,0.2011207,0.0056468,,44,42,2,46.46714,43.70424,2.762901,https://d3nkl3psvxxpe9.cloudfront.net/documents/econTabReport_SVRZJH8.pdf,4/7/2026,09:00:48 20 Aug 2026,8/20/2026,,,901334,9013345,20aug2026
All polls,Morning Consult,,4/30/2026,5/3/2026,2200, RV,0.068335,0.0037421,,46,43,3,48.04999,42.7259,5.324093,https://pro.morningconsult.com/trackers/donald-trump-congress-policy-republicans-polling,5/5/2026,09:00:48 20 Aug 2026,8/20/2026,,,901431,9014312,20aug2026
All polls,YouGov,Economist,3/27/2026,3/30/2026,1505, RV,0.1929827,0.0036804,,45,39,6,47.46714,40.70424,6.762901,https://d3nkl3psvxxpe9.cloudfront.net/documents/econTabReport_3wplfYX.pdf,3/31/2026,09:00:48 20 Aug 2026,8/20/2026,,,901315,9013155,20aug2026
All polls,Emerson College,,3/16/2026,3/17/2026,1000, LV,1.024286,0.0036732,,49.2,41.5,7.700001,49.22972,42.27797,6.951752,https://emersoncollegepolling.com/march-2026-national-poll-47-oppose-us-military-action-in-iran-40-support/,3/20/2026,09:00:48 20 Aug 2026,8/20/2026,,,901231,9012312,20aug2026
All polls,John Zogby Strategies,,3/17/2026,3/18/2026,1000, LV,0.6573441,0.0035776,,46.3,45.8,0.5,46.07102,45.5613,0.5097198,https://x.com/zogbystrategies/status/2036096236139245673/photo/1,3/23/2026,09:00:48 20 Aug 2026,8/20/2026,,,901240,9012401,20aug2026
All polls,Morning Consult,,4/24/2026,4/27/2026,2201, RV,0.0653594,0.0032194,,45,43,2,47.04999,42.7259,4.324093,https://pro.morningconsult.com/trackers/donald-trump-congress-policy-republicans-polling,4/27/2026,09:00:48 20 Aug 2026,8/20/2026,,,901397,9013972,20aug2026
All polls,Ipsos,Reuters,3/20/2026,3/23/2026,985, RV,0.29155,0.0029507,,40,38,2,44.98467,41.43001,3.554657,https://www.ipsos.com/en-us/economy-and-foreign-conflicts-now-publics-top-two-issue-concerns,3/24/2026,09:00:48 20 Aug 2026,8/20/2026,,,901296,9012964,20aug2026
All polls,Morning Consult,,4/17/2026,4/20/2026,2203, RV,0.0622581,0.0026365,,45,42,3,47.04999,41.7259,5.324093,https://pro.morningconsult.com/trackers/donald-trump-congress-policy-republicans-polling,4/20/2026,09:00:48 20 Aug 2026,8/20/2026,,,901369,9013692,20aug2026
All polls,Morning Consult,,3/30/2026,4/5/2026,12505, RV,0.1130363,0.0026195,,45,42,3,47.04999,41.7259,5.324093,https://pro.morningconsult.com/trackers/2026-midterm-election-generic-ballot-polls,4/21/2026,09:00:48 20 Aug 2026,8/20/2026,,,901372,9013721,20aug2026
All polls,YouGov,University of Massachusetts Lowell,3/26/2026,3/30/2026,1000, A,0.1333767,0.0023657,,38,35,3,40.46714,36.70424,3.762901,https://www.uml.edu/Research/public-opinion/polls/default.aspx,4/9/2026,09:00:48 20 Aug 2026,8/20/2026,,,901342,9013423,20aug2026
All polls,Morning Consult,Gambling Is Not Investing,3/23/2026,3/29/2026,26725, RV,0.1466553,0.0021246,,45,42,3,47.04999,41.7259,5.324093,https://pro.morningconsult.com/trackers/2026-midterm-election-generic-ballot-polls,4/3/2026,09:00:48 20 Aug 2026,8/20/2026,,,901328,9013281,20aug2026
All polls,Yale University Institution for Social and Policy Studies,,3/9/2026,3/23/2026,3429, RV,1.03154,0.0021103,,46,43.7,2.299999,46.96399,43.68785,3.276138,https://youthpoll.yale.edu/spring-2026-results,4/13/2026,09:00:48 20 Aug 2026,8/20/2026,,,901353,9013532,20aug2026
All polls,The Winston Group,Winning the Issues,3/15/2026,3/17/2026,1000, RV,1.019396,0.0019432,,49,40,9,49.17833,39.8335,9.34483,https://www.winningtheissues.org/wp-content/uploads/2026/04/March-2026-Winning-the-Issues-Survey.pdf,4/9/2026,09:00:48 20 Aug 2026,8/20/2026,,REP,901343,9013432,20aug2026
All polls,YouGov,Economist,3/20/2026,3/23/2026,1502, RV,0.1885356,0.0018183,,45,42,3,47.46714,43.70424,3.762901,https://d3nkl3psvxxpe9.cloudfront.net/documents/econTabReport_o84FoNw.pdf,3/24/2026,09:00:48 20 Aug 2026,8/20/2026,,,901244,9012444,20aug2026
All polls,Morning Consult,,4/6/2026,4/9/2026,2200, RV,0.0585063,0.0017665,,46,42,4,48.04999,41.7259,6.324093,https://pro.morningconsult.com/trackers/donald-trump-congress-policy-republicans-polling,4/15/2026,09:00:48 20 Aug 2026,8/20/2026,,,901357,9013572,20aug2026
All polls,Morning Consult,,4/3/2026,4/5/2026,2200, RV,0.0571619,0.0014605,,45,42,3,47.04999,41.7259,5.324093,https://pro.morningconsult.com/trackers/donald-trump-congress-policy-republicans-polling,4/7/2026,09:00:48 20 Aug 2026,8/20/2026,,,901336,9013362,20aug2026
All polls,Verasight,Strength in Numbers,3/16/2026,3/18/2026,1370, RV,0.4647343,0.0014498,,49,43,6,47.1696,43.07953,4.090073,https://www.gelliottmorris.com/p/2026-03-24-march-sin-verasight-poll-main-release,3/24/2026,09:00:48 20 Aug 2026,8/20/2026,,,901242,9012424,20aug2026
All polls,Ipsos,Reuters,3/17/2026,3/19/2026,1206, RV,0.3162176,0.0013662,,40,37,3,44.98467,40.43001,4.554657,https://www.reuters.com/world/middle-east/americans-believe-trump-will-send-troops-into-iran-dont-like-idea-reutersipsos-2026-03-19/,3/20/2026,09:00:48 20 Aug 2026,8/20/2026,,,901227,9012273,20aug2026
All polls,Morning Consult,,3/16/2026,3/22/2026,26406, RV,0.1397731,0.0007527,,45,42,3,47.04999,41.7259,5.324093,https://pro.morningconsult.com/trackers/2026-midterm-election-generic-ballot-polls,3/24/2026,09:00:48 20 Aug 2026,8/20/2026,,,901298,9012981,20aug2026
All polls,Morning Consult,Gambling Is Not Investing,3/17/2026,3/22/2026,15029, A,0.0940355,0.0006316,,47,42,5,49.04999,41.7259,7.324093,https://www.gamblingisnotinvesting.com/morning-consult-poll-reveals-americans-concerns-with-prediction-markets/,4/2/2026,09:00:48 20 Aug 2026,8/20/2026,,,901322,9013221,20aug2026
All polls,YouGov,The Economist,9/5/2025,9/8/2025,1487, RV,0.1912931,0,,44,40,4,46.46714,41.70424,4.762901,https://d3nkl3psvxxpe9.cloudfront.net/documents/econtoplines_7flqP0S.pdf,9/8/2025,09:00:48 20 Aug 2026,8/20/2026,,,90614,222533,20aug2026
All polls,Public Religion Research Institute,"Brookings Institute, Carnegie Corporation of New York, Ford Foundation, Unitarian Universalist Veatch Program at Shelter Rock",8/15/2025,9/8/2025,5543, A,1.49832,0,,33,30,3,36.69991,33.5849,3.115009,https://prri.org/research/trumps-unprecedented-actions-deepen-asymmetric-divides/,11/13/2025,09:00:48 20 Aug 2026,8/20/2026,,,900816,907721,20aug2026
All polls,Morning Consult,,9/1/2025,9/7/2025,25541, RV,0.136664,0,,44.22,42.09,2.130001,46.26999,41.8159,4.45409,https://pro.morningconsult.com/trackers/2026-midterm-election-generic-ballot-polls,12/15/2025,09:00:48 20 Aug 2026,8/20/2026,,,90865,908641,20aug2026
All polls,Echelon Insights,Internet for Growth,9/5/2025,9/7/2025,1030, LV,0.8509964,0,,45,44,1,43.89309,41.60273,2.290359,https://internetforgrowth.com/voter-insights/,12/17/2025,09:00:48 20 Aug 2026,8/20/2026,,,900956,9009561,20aug2026
All polls,Cygnal,,9/2/2025,9/3/2025,1500, LV,1.213082,0,,47.6,45.2,2.399998,46.67975,43.43349,3.246258,https://www.cygn.al/poll-optimism-drops-while-trump-gop-maintain-issue-trust-with-midterm-voters-including-on-inflation-crime/,9/3/2025,09:00:48 20 Aug 2026,8/20/2026,,,90617,222552,20aug2026
All polls,YouGov,Yahoo News,9/25/2025,9/29/2025,1126, RV,0.1662328,0,,44,40,4,46.46714,41.70424,4.762901,https://www.yahoo.com/entertainment/tv/article/poll-americans-approve-of-jimmy-kimmels-return-to-tv-by-a-more-than-2-to-1-margin-183746388.html,9/29/2025,09:00:48 20 Aug 2026,8/20/2026,,,900765,222949,20aug2026
All polls,YouGov,The Economist,9/26/2025,9/29/2025,1518, RV,0.1871284,0,,44,41,3,46.46714,42.70424,3.762901,https://today.yougov.com/politics/articles/53094-donald-trump-approval-rebound-government-shutdown-chances-james-comey-flu-covid-vaccines-economy-september-26-29-2025-economist-yougov-poll,9/29/2025,09:00:48 20 Aug 2026,8/20/2026,,,90709,222917,20aug2026
All polls,Morning Consult,,9/22/2025,9/28/2025,21732, RV,0.1214103,0,,43.37,42.96,0.4099998,45.41999,42.6859,2.734089,https://pro.morningconsult.com/trackers/2026-midterm-election-generic-ballot-polls,12/15/2025,09:00:48 20 Aug 2026,8/20/2026,,,90868,908671,20aug2026
All polls,The New York Times/Siena College,,9/22/2025,9/27/2025,1313, RV,1.348304,0,,47,45,2,46.42581,44.8619,1.563911,https://www.nytimes.com/2025/09/30/polls/trump-approval-poll.html,9/27/2025,09:00:48 20 Aug 2026,8/20/2026,,,900759,222890,20aug2026
All polls,RMG Research,Napolitan Institute,9/22/2025,9/24/2025,2000, RV,0.6829158,0,,45,46,-1,45.6022,43.61341,1.988789,https://napolitannews.org/posts/generic-ballot-gop-43-percent-dem-41,9/24/2025,09:00:48 20 Aug 2026,8/20/2026,,,90710,222918,20aug2026
All polls,McLaughlin & Associates,,9/17/2025,9/22/2025,1000, LV,0.3560773,0,,41,47,-6,42.66813,45.27405,-2.605923,https://mclaughlinonline.com/2025/09/30/national-monthly-september-2025/,9/22/2025,09:00:48 20 Aug 2026,8/20/2026,,,90717,222950,20aug2026
All polls,YouGov,The Economist,9/19/2025,9/22/2025,1392, RV,0.1828606,0,,45,42,3,47.46714,43.70424,3.762901,https://d3nkl3psvxxpe9.cloudfront.net/documents/econtoplines_EYduduY.pdf,9/22/2025,09:00:48 20 Aug 2026,8/20/2026,,,90674,222805,20aug2026
All polls,Echelon Insights,,9/18/2025,9/22/2025,1071, LV,0.8717161,0,,47,46,1,45.89309,43.60273,2.290359,https://echeloninsights.com/in-the-news/september-2025-verified-voter-omnibus/,9/22/2025,09:00:48 20 Aug 2026,8/20/2026,,,900739,222766,20aug2026
All polls,Ipsos,Reuters,9/19/2025,9/21/2025,799, RV,0.2985452,0,,40,38,2,44.98467,41.43001,3.554657,https://www.reuters.com/data/which-party-do-americans-want-run-congress-2025-11-05/,12/15/2025,09:00:48 20 Aug 2026,8/20/2026,,,900746,908191,20aug2026
All polls,Morning Consult,,9/15/2025,9/21/2025,21386, RV,0.1231925,0,,43.87,42.74,1.129997,45.91999,42.4659,3.45409,https://pro.morningconsult.com/trackers/2026-midterm-election-generic-ballot-polls,12/15/2025,09:00:48 20 Aug 2026,8/20/2026,,,90867,908661,20aug2026
All polls,YouGov,The Economist,8/29/2025,9/2/2025,1549, RV,0.1955918,0,,43,39,4,45.46714,40.70424,4.762901,https://d3nkl3psvxxpe9.cloudfront.net/documents/econtoplines_yFjgYJq.pdf,9/2/2025,09:00:48 20 Aug 2026,8/20/2026,,,90539,222397,20aug2026
All polls,YouGov,Yahoo News,8/29/2025,9/2/2025,1136, RV,0.1727752,0,,44,40,4,46.46714,41.70424,4.762901,https://www.scribd.com/document/911899946/Yahoo-YouGov-Newsom-Poll-August-2025,9/2/2025,09:00:48 20 Aug 2026,8/20/2026,,,900698,222441,20aug2026
All polls,Verasight,Strength In Numbers,9/15/2025,9/19/2025,1268, RV,0.5114151,0,,50,45,5,48.1696,45.07953,3.090073,https://www.gelliottmorris.com/p/new-poll-voters-to-blame-republicans-for-shutdown,9/19/2025,09:00:48 20 Aug 2026,8/20/2026,,,90675,2228031,20aug2026
All polls,The Argument/Verasight,,9/15/2025,9/18/2025,1541, RV,0.7463055,0,,53,47,6,49.82364,43.749,6.074638,https://www.theargumentmag.com/p/chatgpt-and-the-end-of-learning,9/18/2025,09:00:48 20 Aug 2026,8/20/2026,,,90714,222929,20aug2026
All polls,AtlasIntel,,9/12/2025,9/16/2025,1066, A,0.9429561,0,,51.8,43.5,8.299999,48.56029,44.23784,4.322453,https://atlasintel.org/poll/usa-national-2025-09-19,9/16/2025,09:00:48 20 Aug 2026,8/20/2026,,,900736,222715,20aug2026
All polls,"Normington, Petts & Associates",Third Way,9/11/2025,9/16/2025,800, LV,0.8875322,0,,40,40,0,40.25558,39.35374,0.9018402,https://www.thirdway.org/memo/americans-caught-between-trumps-cruelty-and-democrats-chaos,11/13/2025,09:00:48 20 Aug 2026,8/20/2026,,,900827,907741,20aug2026
All polls,YouGov,The Economist,9/12/2025,9/15/2025,1420, RV,0.1863821,0,,43,41,2,45.46714,42.70424,2.762901,https://d3nkl3psvxxpe9.cloudfront.net/documents/econtoplines_XBYs983.pdf,9/15/2025,09:00:48 20 Aug 2026,8/20/2026,,,90645,222648,20aug2026
All polls,Morning Consult,,9/8/2025,9/14/2025,23465, RV,0.1301173,0,,43.89,42.44,1.450001,45.93999,42.1659,3.77409,https://pro.morningconsult.com/trackers/2026-midterm-election-generic-ballot-polls,12/15/2025,09:00:48 20 Aug 2026,8/20/2026,,,90866,908651,20aug2026
All polls,NAIP,,9/6/2025,9/13/2025,2071, LV,1.102736,0,,45,43,2,45.88499,42.28223,3.60276,https://www.realclearpolitics.com/articles/2025/09/19/generic_ballot_tracking_poll_republicans_narrow_dems_lead.html,12/15/2025,09:00:48 20 Aug 2026,8/20/2026,,REP,90813,908131,20aug2026
All polls,i360,Americans for Prosperity,9/10/2025,9/12/2025,577, RV,0.7193716,0,,35,32,3,37.86441,33.44637,4.418041,https://www.politico.com/news/2025/12/03/obamacare-subsidies-expire-this-month-many-republicans-are-shrugging-00672949,12/3/2025,09:00:48 20 Aug 2026,8/20/2026,,REP,90802,908021,20aug2026
All polls,Clarity Campaign Labs,,9/4/2025,9/11/2025,1001, RV,0.6969455,0,,50,44,6,48.60588,43.07194,5.533939,https://www.claritycampaigns.com/clarity-omnibus-september-2025,9/11/2025,09:00:48 20 Aug 2026,8/20/2026,,,900731,222678,20aug2026
All polls,Change Research,,9/5/2025,9/10/2025,2223, RV,0.6411889,0,,45,43,2,46.46621,43.59313,2.873081,https://portal.changeresearch.com/portal/projects/9b77cc10-feae-4dd6-b303-1b83ee015192,5/5/2026,09:00:48 20 Aug 2026,8/20/2026,,,901422,9014222,20aug2026
All polls,CNN/SSRS,,8/21/2025,9/1/2025,1768, RV,0.8077916,0,,52,48,4,51.82375,47.79783,4.025921,https://www.cnn.com/2025/09/26/politics/us-politics-negative-sentiment-republicans-democrats,9/1/2025,09:00:48 20 Aug 2026,8/20/2026,,,90692,222840,20aug2026
All polls,Survey160,,8/26/2025,9/1/2025,1437, RV,0.8235024,0,,46,39,7,46.20734,41.1438,5.063541,https://www.survey160.com/methodological-research-blog/introducing-the-survey-160-tracking-poll,12/5/2025,09:00:48 20 Aug 2026,8/20/2026,,,900919,908041,20aug2026
All polls,The Winston Group,Winning the Issues,8/30/2025,9/1/2025,1000, RV,0.9599504,0,,47,43,4,47.17833,42.8335,4.34483,https://www.winningtheissues.org/2025/12/31/2025-winning-the-issues-research/,2/27/2026,09:00:48 20 Aug 2026,8/20/2026,,REP,901147,9011473,20aug2026
All polls,Cygnal,,8/7/2025,8/9/2025,1500, LV,1.200493,0,,47.4,46.4,1,46.47976,44.6335,1.84626,https://www.cygn.al/national-poll-69-percent-of-americans-reject-race-based-redistricting-views-on-the-american-dream-on-life-support-and-the-fed-gets-low-marks-on-handling-of-interest-rates/,8/9/2025,09:00:48 20 Aug 2026,8/20/2026,,,90410,221956,20aug2026
All polls,YouGov,The Economist,8/1/2025,8/4/2025,1528, RV,0.2045883,0,,43.7,38.4,5.299999,46.16714,40.10424,6.062901,https://today.yougov.com/topics/politics/trackers/congressional-ballot-voting-intention,8/4/2025,09:00:48 20 Aug 2026,8/20/2026,,,90388,221810,20aug2026
All polls,Morning Consult,,8/25/2025,8/31/2025,26531, RV,0.1407303,0,,43.81,42.4,1.41,45.85999,42.1259,3.734089,https://pro.morningconsult.com/trackers/2026-midterm-election-generic-ballot-polls,12/15/2025,09:00:48 20 Aug 2026,8/20/2026,,,90864,908631,20aug2026
All polls,Morning Consult,,8/29/2025,8/31/2025,2202, RV,0.0518602,0,,45,41,4,47.04999,40.7259,6.324093,https://links.morningconsult.com/s/vb/zpOJTp1fd-BIR_rEUoDVVpbxjXadg6zyKojmasnqASm1Hp621kq0xaatdElmOwOyNR5BxVXYL1h85IVSEMQ-rZTd-Yz0U-hjJgu1WfIkrldD66UKOSCLbrYHiSzLtKjUuUOD33LEK9wVgTQl22Ic8BUrAP0z3AlRWdSJsA/dAaqMr_Kzp13zZAl6CKc8AYgFM7Csr5U/12,8/31/2025,09:00:48 20 Aug 2026,8/20/2026,,,900696,222387,20aug2026
All polls,Morning Consult,,7/28/2025,8/3/2025,27432, RV,0.148015,0,,43.68,42.53,1.150002,45.72999,42.2559,3.474087,https://pro.morningconsult.com/trackers/2026-midterm-election-generic-ballot-polls,12/15/2025,09:00:48 20 Aug 2026,8/20/2026,,,90860,908591,20aug2026
All polls,Hart Research Associates/Public Opinion Strategies,CNBC,7/29/2025,8/3/2025,800, RV,0.9796585,0,,49,44,5,47.67974,42.41449,5.265251,https://www.cnbc.com/video/2025/08/07/cnbc-all-america-economic-survey-45-percent-approve-of-pres-trumps-handling-of-the-economy.html,8/3/2025,09:00:48 20 Aug 2026,8/20/2026,,,900640,221845,20aug2026
All polls,Emerson College,,8/25/2025,8/26/2025,1000, RV,0.9405274,0,,43.3,43,0.2999992,43.32972,43.77797,-0.4482498,https://emersoncollegepolling.com/august-2025-national/,8/26/2025,09:00:48 20 Aug 2026,8/20/2026,,,900689,222344,20aug2026
All polls,McLaughlin & Associates,,8/21/2025,8/26/2025,1000, LV,0.3095384,0,,45,47,-2,46.66813,45.27405,1.394077,https://mclaughlinonline.com/2025/09/02/national-monthly-august-2025/?utm_source=rss&utm_medium=rss&utm_campaign=national-monthly-august-2025,8/26/2025,09:00:48 20 Aug 2026,8/20/2026,,,90537,222383,20aug2026
All polls,YouGov,The Economist,8/22/2025,8/25/2025,1377, RV,0.1891856,0,,43,41,2,45.46714,42.70424,2.762901,https://d3nkl3psvxxpe9.cloudfront.net/documents/econtoplines_ziFpJLd.pdf,8/25/2025,09:00:48 20 Aug 2026,8/20/2026,,,90501,222186,20aug2026
All polls,Morning Consult,,8/18/2025,8/24/2025,27673, RV,0.1455167,0,,44.05,42.24,1.809998,46.09999,41.9659,4.13409,https://pro.morningconsult.com/trackers/2026-midterm-election-generic-ballot-polls,12/15/2025,09:00:48 20 Aug 2026,8/20/2026,,,90863,908621,20aug2026
All polls,Ipsos,Reuters,8/22/2025,8/24/2025,895, RV,0.3468601,0,,36,39,-3,40.98467,42.43001,-1.445343,https://www.reuters.com/data/which-party-do-americans-want-run-congress-2025-11-05/,12/15/2025,09:00:48 20 Aug 2026,8/20/2026,,,900680,908202,20aug2026
All polls,Verasight,Strength In Numbers,8/18/2025,8/21/2025,1500, A,0.4658435,0,,49,41,8,47.1696,41.07953,6.090073,https://www.gelliottmorris.com/p/democrats-lead-the-us-house-generic,8/21/2025,09:00:48 20 Aug 2026,8/20/2026,,,90502,222184,20aug2026
All polls,RMG Research,Napolitan Institute,8/18/2025,8/21/2025,2000, RV,0.668799,0,,47,47,0,47.6022,44.61341,2.988789,https://napolitannews.org/posts/generic-ballot-gop-44-percent-dem-44,8/21/2025,09:00:48 20 Aug 2026,8/20/2026,,,90497,222124,20aug2026
All polls,YouGov,The Economist,8/15/2025,8/18/2025,1408, RV,0.1931294,0,,44,39,5,46.46714,40.70424,5.762901,https://d3nkl3psvxxpe9.cloudfront.net/documents/econtoplines_ep7WXyn.pdf,8/18/2025,09:00:48 20 Aug 2026,8/20/2026,,,90480,222093,20aug2026
All polls,Echelon Insights,,8/14/2025,8/18/2025,1057, LV,0.8740035,0,,47,46,1,45.89309,43.60273,2.290359,https://echeloninsights.com/in-the-news/august-2025-verified-voter-omnibus/,8/18/2025,09:00:48 20 Aug 2026,8/20/2026,,,90476,222042,20aug2026
All polls,Ipsos,Reuters,8/13/2025,8/18/2025,3516, RV,0.6072351,0,,42,37,5,46.98467,40.43001,6.554657,https://www.reuters.com/data/which-party-do-americans-want-run-congress-2025-11-05/,12/15/2025,09:00:48 20 Aug 2026,8/20/2026,,,900665,908211,20aug2026
All polls,Morning Consult,,8/11/2025,8/17/2025,27248, RV,0.146277,0,,43.93,42.88,1.049999,45.97999,42.6059,3.374088,https://pro.morningconsult.com/trackers/2026-midterm-election-generic-ballot-polls,12/15/2025,09:00:48 20 Aug 2026,8/20/2026,,,90862,908611,20aug2026
All polls,The Argument/Verasight,,8/8/2025,8/17/2025,1562, RV,0.8770283,0,,50.7,49.3,1.400002,47.52364,46.049,1.47464,https://www.theargumentmag.com/p/when-americans-bite-their-tongues,8/17/2025,09:00:48 20 Aug 2026,8/20/2026,,,90521,222313,20aug2026
All polls,YouGov,The Economist,8/9/2025,8/11/2025,1474, RV,0.1992659,0,,42,40,2,44.46714,41.70424,2.762901,https://d3nkl3psvxxpe9.cloudfront.net/documents/econtoplines_V8D6b4L.pdf,8/11/2025,09:00:48 20 Aug 2026,8/20/2026,,,90405,221952,20aug2026
All polls,Morning Consult,,8/4/2025,8/10/2025,26631, RV,0.145654,0,,43.79,42.66,1.130001,45.83999,42.3859,3.45409,https://pro.morningconsult.com/trackers/2026-midterm-election-generic-ballot-polls,12/15/2025,09:00:48 20 Aug 2026,8/20/2026,,,90861,908601,20aug2026
All polls,YouGov,The Economist,7/4/2025,7/7/2025,1389, RV,0.2141197,0,,43,40,3,45.46714,41.70424,3.762901,https://today.yougov.com/topics/politics/trackers/congressional-ballot-voting-intention,7/7/2025,09:00:48 20 Aug 2026,8/20/2026,,,90241,221735,20aug2026
All polls,Morning Consult,,6/30/2025,7/6/2025,27913, RV,0.1519047,0,,44.36,42.51,1.850002,46.40999,42.2359,4.174088,https://pro.morningconsult.com/trackers/2026-midterm-election-generic-ballot-polls,12/15/2025,09:00:48 20 Aug 2026,8/20/2026,,,90856,908551,20aug2026
All polls,Clarity Campaign Labs,,7/24/2025,7/31/2025,1018, RV,0.7210499,0,,51,43,8,49.60588,42.07194,7.533939,https://static1.squarespace.com/static/61ae8d5e55be5c7314b4c83a/t/68936b40c111f97bb04773dd/1754491714447/Clarity+Omnibus+Overview+-+July+2025+%5BPUBLIC%5D.pdf,7/31/2025,09:00:48 20 Aug 2026,8/20/2026,,,900639,221844,20aug2026
All polls,GrayHouse,America One Policies,7/27/2025,7/29/2025,2000, RV,0.9684486,0,,47,44,3,48.28114,43.87189,4.409248,https://www.americaonepolicies.com/polls/selling-the-one-big-beautiful-bill,3/6/2026,09:00:48 20 Aug 2026,8/20/2026,,REP,901181,9011812,20aug2026
All polls,YouGov,The Economist,7/25/2025,7/28/2025,1610, RV,0.2109963,0,,43,41,2,45.46714,42.70424,2.762901,https://today.yougov.com/topics/politics/trackers/congressional-ballot-voting-intention,7/28/2025,09:00:48 20 Aug 2026,8/20/2026,,,90363,221738,20aug2026
All polls,YouGov,Yahoo News,7/24/2025,7/28/2025,1167, RV,0.1860078,0,,46,39,7,48.46714,40.70424,7.762901,https://d3nkl3psvxxpe9.cloudfront.net/documents/20250728_yahoo.pdf,7/28/2025,09:00:48 20 Aug 2026,8/20/2026,,,900643,221899,20aug2026
All polls,Morning Consult,,7/21/2025,7/27/2025,28524, RV,0.1510388,0,,44.07,42.19,1.880001,46.11999,41.9159,4.20409,https://pro.morningconsult.com/trackers/2026-midterm-election-generic-ballot-polls,12/15/2025,09:00:48 20 Aug 2026,8/20/2026,,,90859,908581,20aug2026
All polls,Ipsos,Reuters,7/25/2025,7/27/2025,884, RV,0.3756978,0,,40,39,1,44.98467,42.43001,2.554657,https://www.reuters.com/data/which-party-do-americans-want-run-congress-2025-11-05/,12/15/2025,09:00:48 20 Aug 2026,8/20/2026,,,900621,908221,20aug2026
All polls,McLaughlin & Associates,America's New Majority Project,7/21/2025,7/24/2025,1633, LV,0.3011802,0,,48,43.9,4.099998,49.84465,41.99752,7.84713,https://americasnewmajorityproject.com/winning-with-one-big-beautiful-bill/,7/24/2025,09:00:48 20 Aug 2026,8/20/2026,,REP,900618,221687,20aug2026
All polls,Emerson College,Nexstar,7/21/2025,7/22/2025,1400, RV,1.072233,0,,44,41.5,2.5,44.02972,42.27797,1.751751,https://www.conchovalleyhomepage.com/news/majority-disapprove-of-trumps-handling-of-epstein-files-emerson-college-polling-survey/,7/22/2025,09:00:48 20 Aug 2026,8/20/2026,,,900612,221656,20aug2026
All polls,YouGov,The Economist,7/18/2025,7/21/2025,1551, RV,0.2129302,0,,44,41,3,46.46714,42.70424,3.762901,https://today.yougov.com/topics/politics/trackers/congressional-ballot-voting-intention,7/21/2025,09:00:48 20 Aug 2026,8/20/2026,,,90338,221737,20aug2026
All polls,"Fabrizio, Lee & Associates/Impact Research",The Wall Street Journal,7/16/2025,7/20/2025,1500, RV,0.9407095,0,,46,43,3,46.45662,43.30313,3.153488,https://www.wsj.com/politics/elections/trump-approval-rating-poll-july-2025-745b0f5f,7/20/2025,09:00:48 20 Aug 2026,8/20/2026,,,90353,221660,20aug2026
All polls,Morning Consult,,7/14/2025,7/20/2025,28190, RV,0.1511525,0,,44.32,42.59,1.73,46.36999,42.3159,4.054092,https://pro.morningconsult.com/trackers/2026-midterm-election-generic-ballot-polls,12/15/2025,09:00:48 20 Aug 2026,8/20/2026,,,90858,908571,20aug2026
All polls,Cygnal,,7/1/2025,7/2/2025,1500, LV,1.149007,0,,47.1,45.7,1.399998,46.17975,43.93349,2.246258,https://www.cygn.al/poll-karens-freak-out-over-ice-raids-as-hispanic-support-for-deportations-surges/,7/2/2025,09:00:48 20 Aug 2026,8/20/2026,,,90244,221241,20aug2026
All polls,AtlasIntel,,7/13/2025,7/18/2025,1935, A,1.158618,0,,51.3,42.7,8.599998,48.06029,43.43784,4.622452,https://atlasintel.org/poll/usa-national-2025-07-18,7/18/2025,09:00:48 20 Aug 2026,8/20/2026,,,900590,221520,20aug2026
All polls,Rasmussen Reports,,7/13/2025,7/17/2025,2288, LV,1.321881,0,,46,42,4,47.12253,41.90862,5.213913,https://www.rasmussenreports.com/public_content/politics/mood_of_america/generic_congressional_ballot_july22,11/13/2025,09:00:48 20 Aug 2026,8/20/2026,,REP,90780,907801,20aug2026
All polls,RMG Research,Napolitan Institute,7/14/2025,7/16/2025,2000, RV,0.6378598,0,,45,49,-4,45.6022,46.61341,-1.011211,https://napolitannews.org/posts/generic-ballot-july-2025-republicans-46-percent-democrats-42,7/16/2025,09:00:48 20 Aug 2026,8/20/2026,,,90334,221547,20aug2026
All polls,Verasight,Strength In Numbers,7/14/2025,7/16/2025,1500, A,0.500186,0,,47,43,4,45.1696,43.07953,2.090073,https://www.gelliottmorris.com/p/new-poll-dems-lead-house-generic,7/16/2025,09:00:48 20 Aug 2026,8/20/2026,,,90336,221563,20aug2026
All polls,Echelon Insights,,7/10/2025,7/14/2025,1084, LV,0.878176,0,,47,48,-1,45.89309,45.60273,0.2903595,https://echeloninsights.com/in-the-news/july-2025-verified-voter-omnibus-2-2-2-2-2-2-2/,7/14/2025,09:00:48 20 Aug 2026,8/20/2026,,,900575,221405,20aug2026
All polls,McLaughlin & Associates,,7/9/2025,7/14/2025,1000, LV,0.2288187,0,,42,47,-5,43.66813,45.27405,-1.605923,https://mclaughlinonline.com/2025/07/17/ma-poll-national-monthly-july-2025/,7/14/2025,09:00:48 20 Aug 2026,8/20/2026,,,90321,221484,20aug2026
All polls,YouGov,The Economist,7/11/2025,7/14/2025,1506, RV,0.2162586,0,,43,39,4,45.46714,40.70424,4.762901,https://today.yougov.com/topics/politics/trackers/congressional-ballot-voting-intention,7/14/2025,09:00:48 20 Aug 2026,8/20/2026,,,90311,221736,20aug2026
All polls,Morning Consult,,7/7/2025,7/13/2025,28276, RV,0.1521908,0,,44.72,42.75,1.970001,46.76999,42.4759,4.29409,https://pro.morningconsult.com/trackers/2026-midterm-election-generic-ballot-polls,12/15/2025,09:00:48 20 Aug 2026,8/20/2026,,,90857,908561,20aug2026
All polls,RMG Research,Napolitan Institute,6/9/2025,6/9/2025,1000, RV,0.4773994,0,,35,35,0,35.6022,32.61341,2.988789,https://napolitannews.org/posts/musk-3rd-party-would-get-8-percent-of-voters,6/9/2025,09:00:48 20 Aug 2026,8/20/2026,,,90063,219708,20aug2026
All polls,YouGov,The Economist,6/6/2025,6/9/2025,1397, RV,0.2464521,0,,44,43,1,46.46714,44.70424,1.762901,https://today.yougov.com/topics/politics/trackers/congressional-ballot-voting-intention,6/9/2025,09:00:48 20 Aug 2026,8/20/2026,,,90053,221731,20aug2026
All polls,Morning Consult,,6/2/2025,6/8/2025,28551, RV,0.1543784,0,,42.98,45.28,-2.299999,45.02999,45.0059,0.0240898,https://pro.morningconsult.com/trackers/2026-midterm-election-generic-ballot-polls,12/15/2025,09:00:48 20 Aug 2026,8/20/2026,,,90852,908511,20aug2026
All polls,J.L. Partners,DailyMail.com,6/6/2025,6/6/2025,1006, RV,0.9842626,0,,42,35,7,42.0768,36.12804,5.948761,https://www.dailymail.co.uk/news/article-14796175/polling-donald-trump-2024-election-elon-musk.html,6/6/2025,09:00:48 20 Aug 2026,8/20/2026,,,90057,219706,20aug2026
All polls,Cygnal,,6/3/2025,6/4/2025,1500, LV,1.139432,0,,47.2,46.9,0.2999992,46.27975,45.1335,1.146252,https://www.cygn.al/national-poll-record-number-say-nation-is-on-right-track-voters-back-trumps-one-big-beautiful-bill-for-tax-relief-and-border-security/,6/4/2025,09:00:48 20 Aug 2026,8/20/2026,,,90056,219697,20aug2026
All polls,YouGov,The Economist,6/27/2025,6/30/2025,1491, RV,0.224976,0,,44,40,4,46.46714,41.70424,4.762901,https://today.yougov.com/topics/politics/trackers/congressional-ballot-voting-intention,6/30/2025,09:00:48 20 Aug 2026,8/20/2026,,,90219,221734,20aug2026
All polls,Morning Consult,,6/23/2025,6/29/2025,27694, RV,0.1517282,0,,43.58,43.34,0.2400017,45.62999,43.0659,2.564091,https://pro.morningconsult.com/trackers/2026-midterm-election-generic-ballot-polls,12/15/2025,09:00:48 20 Aug 2026,8/20/2026,,,90855,908541,20aug2026
All polls,Emerson College,,6/24/2025,6/25/2025,1000, RV,0.9920143,0,,42.5,39.8,2.700001,42.52972,40.57797,1.951752,https://emersoncollegepolling.com/june-national-poll/,6/25/2025,09:00:48 20 Aug 2026,8/20/2026,,,900538,221051,20aug2026
All polls,American Pulse Research & Polling,,6/23/2025,6/25/2025,633, RV,0.7365844,0,,46.6,42.4,4.199997,46.43689,42.50481,3.932079,https://www.americanpulse.us/thankyou-pollresults-publicopinion-post-landscape-shaping-events-2,6/25/2025,09:00:48 20 Aug 2026,8/20/2026,,,900534,221029,20aug2026
All polls,YouGov,The Economist,6/20/2025,6/23/2025,1455, RV,0.2296183,0,,44,40,4,46.46714,41.70424,4.762901,https://today.yougov.com/topics/politics/trackers/congressional-ballot-voting-intention,6/23/2025,09:00:48 20 Aug 2026,8/20/2026,,,90183,221733,20aug2026
All polls,Ipsos,Reuters,6/20/2025,6/23/2025,994, RV,0.4187194,0,,40,36,4,44.98467,39.43001,5.554657,https://www.reuters.com/data/which-party-do-americans-want-run-congress-2025-11-05/,12/15/2025,09:00:48 20 Aug 2026,8/20/2026,,,90824,908231,20aug2026
All polls,Morning Consult,,6/16/2025,6/22/2025,28021, RV,0.1526053,0,,43.99,43.73,0.2600021,46.03999,43.4559,2.584091,https://pro.morningconsult.com/trackers/2026-midterm-election-generic-ballot-polls,12/15/2025,09:00:48 20 Aug 2026,8/20/2026,,,90854,908531,20aug2026
All polls,Cygnal,,6/19/2025,6/21/2025,800, LV,0.8855824,0,,48.4,46,2.400002,47.47976,44.23349,3.246269,https://www.cygn.al/poll-bitcoin-owners-lean-republican-emerging-as-sought-after-voting-bloc-in-2026-elections/,6/21/2025,09:00:48 20 Aug 2026,8/20/2026,,,90186,221001,20aug2026
All polls,YouGov,The Economist,5/30/2025,6/2/2025,1436, RV,0.2637599,0,,44,42,2,46.46714,43.70424,2.762901,https://d3nkl3psvxxpe9.cloudfront.net/documents/econtoplines_uOptfZ9.pdf,6/2/2025,09:00:48 20 Aug 2026,8/20/2026,,,90039,219670,20aug2026
All polls,RMG Research,Napolitan Institute,6/18/2025,6/19/2025,1000, RV,0.470074,0,,44,52,-8,44.6022,49.61341,-5.011211,https://napolitannews.org/posts/generic-ballot-gop-holds-largest-lead-of-the-year,6/19/2025,09:00:48 20 Aug 2026,8/20/2026,,,90180,220954,20aug2026
All polls,Echelon Insights,,6/17/2025,6/18/2025,1002, LV,0.8336412,0,,47,48,-1,45.89309,45.60273,0.2903595,https://echeloninsights.com/in-the-news/middle-east-update/,6/18/2025,09:00:48 20 Aug 2026,8/20/2026,,,900514,220920,20aug2026
All polls,Echelon Insights,,6/12/2025,6/17/2025,982, LV,0.8288878,0,,47,48,-1,45.89309,45.60273,0.2903595,https://echeloninsights.com/in-the-news/june-2025-verified-voter-omnibus-2-2-2-2-2-2/,6/17/2025,09:00:48 20 Aug 2026,8/20/2026,,,900510,220836,20aug2026
All polls,Ipsos,Reuters,6/11/2025,6/16/2025,3458, RV,0.6857741,0,,40,38,2,44.98467,41.43001,3.554657,https://www.reuters.com/data/which-party-do-americans-want-run-congress-2025-11-05/,12/15/2025,09:00:48 20 Aug 2026,8/20/2026,,,900505,908241,20aug2026
All polls,co/efficient,,6/12/2025,6/16/2025,1035, LV,0.8761247,0,,46,46,0,46.65256,44.97928,1.673283,https://coefficient.org/one-big-beautiful-bill/,6/16/2025,09:00:48 20 Aug 2026,8/20/2026,,REP,90166,220929,20aug2026
All polls,YouGov,The Economist,6/13/2025,6/16/2025,1351, RV,0.2318537,0,,44,41,3,46.46714,42.70424,3.762901,https://today.yougov.com/topics/politics/trackers/congressional-ballot-voting-intention,6/16/2025,09:00:48 20 Aug 2026,8/20/2026,,,90083,221732,20aug2026
All polls,Morning Consult,,6/9/2025,6/15/2025,28058, RV,0.1529363,0,,43.68,44.94,-1.259998,45.72999,44.6659,1.064087,https://pro.morningconsult.com/trackers/2026-midterm-election-generic-ballot-polls,12/15/2025,09:00:48 20 Aug 2026,8/20/2026,,,90853,908521,20aug2026
All polls,McLaughlin & Associates,,6/10/2025,6/15/2025,1000, LV,0.199854,0,,42,47,-5,43.66813,45.27405,-1.605923,https://mclaughlinonline.com/pols/wp-content/uploads/2025/06/National-June-Presentation-RELEASE-6-16-25.pdf,6/15/2025,09:00:48 20 Aug 2026,8/20/2026,,,90161,220909,20aug2026
All polls,McLaughlin & Associates,America's New Majority Project,6/12/2025,6/15/2025,1637, LV,0.2438385,0,,47.2,46.4,0.7999992,49.04465,44.49752,4.547131,https://americasnewmajorityproject.com/how-to-talk-about-taxes-and-the-budget-bill-what-voters-respond-to-best/,6/15/2025,09:00:48 20 Aug 2026,8/20/2026,,REP,900524,220937,20aug2026
All polls,Clarity Campaign Labs,,6/5/2025,6/14/2025,1000, RV,0.7412483,0,,50,45,5,48.60588,44.07194,4.533939,https://static1.squarespace.com/static/61ae8d5e55be5c7314b4c83a/t/6852fc5a3ac4c05449fc450e/1750269023826/Clarity+Omnibus+Overview+-+June+2025+%5BPUBLIC%5D.pdf,6/14/2025,09:00:48 20 Aug 2026,8/20/2026,,,900513,220899,20aug2026
All polls,The Winston Group,Winning the Issues,6/12/2025,6/14/2025,1000, RV,1.014024,0,,46,42,4,46.17833,41.8335,4.34483,https://www.winningtheissues.org/2025/06/30/winning-the-issues-june-2025-national-survey/,6/14/2025,09:00:48 20 Aug 2026,8/20/2026,,REP,900568,221307,20aug2026
All polls,Verasight,Strength In Numbers,6/6/2025,6/12/2025,1500, A,0.5413883,0,,45,37,8,43.1696,37.07953,6.090073,https://www.gelliottmorris.com/p/trump-approval-at-42-democrats-up,6/12/2025,09:00:48 20 Aug 2026,8/20/2026,,,90074,219731,20aug2026
All polls,McLaughlin & Associates,Club for Growth (PAC),6/9/2025,6/11/2025,1000, LV,0.2013118,0,,44,46,-2,45.84465,44.09752,1.747131,https://www.clubforgrowth.org/icymi-new-cfg-poll-finds-vast-majority-of-republicans-democrats-support-school-freedom-bills/,6/11/2025,09:00:48 20 Aug 2026,8/20/2026,,REP,90076,219733,20aug2026
All polls,Morning Consult,,5/26/2025,6/1/2025,29002, RV,0.1558435,0,,43.67,44.28,-0.6100006,45.71999,44.0059,1.714088,https://pro.morningconsult.com/trackers/2026-midterm-election-generic-ballot-polls,12/15/2025,09:00:48 20 Aug 2026,8/20/2026,,,90851,908501,20aug2026
All polls,co/efficient,,5/7/2025,5/9/2025,1462, LV,0.9393271,0,,45,42,3,45.65256,40.97928,4.673283,https://coefficient.org/national-approval-study/,5/9/2025,09:00:48 20 Aug 2026,8/20/2026,,REP,900429,219403,20aug2026
All polls,Cygnal,,5/6/2025,5/8/2025,1500, LV,1.18613,0,,47.1,46.6,0.5,46.17975,44.83349,1.34626,https://www.cygn.al/poll-aoc-more-popular-than-schumer-trump-image-improving-republicans-decimating-democrats-on-key-issue-trust-and-more/,5/8/2025,09:00:48 20 Aug 2026,8/20/2026,,,89881,219394,20aug2026
All polls,Verasight,Strength In Numbers,5/1/2025,5/6/2025,1000, A,0.5373484,0,,47,41,6,45.1696,41.07953,4.090073,https://www.gelliottmorris.com/p/new-poll-americans-oppose-trumps,5/6/2025,09:00:48 20 Aug 2026,8/20/2026,,,89882,219395,20aug2026
All polls,Morning Consult,,4/28/2025,5/4/2025,25876, RV,0.151693,0,,44.38,43.51,0.8700027,46.42999,43.2359,3.194088,https://pro.morningconsult.com/trackers/2026-midterm-election-generic-ballot-polls,12/15/2025,09:00:48 20 Aug 2026,8/20/2026,,,90847,908461,20aug2026
All polls,AtlasIntel,,5/21/2025,5/27/2025,3469, A,1.465722,0,,50.9,41.7,9.200001,47.66029,42.43784,5.22245,https://cdn.atlasintel.org/20c89f8f-d65e-4991-a491-388ae96986c9.pdf,5/27/2025,09:00:48 20 Aug 2026,8/20/2026,,,900464,219652,20aug2026
All polls,YouGov,The Economist,5/23/2025,5/26/2025,1486, RV,0.2832384,0,,43,41,2,45.46714,42.70424,2.762901,https://today.yougov.com/topics/politics/trackers/congressional-ballot-voting-intention,5/26/2025,09:00:48 20 Aug 2026,8/20/2026,,,90016,221730,20aug2026
All polls,McLaughlin & Associates,,5/21/2025,5/26/2025,1000, LV,0.2137732,0,,43,47,-4,44.66813,45.27405,-0.6059227,https://mclaughlinonline.com/pols/wp-content/uploads/2025/05/National-May-Presentation-RELEASE-05-27-25.pdf,5/26/2025,09:00:48 20 Aug 2026,8/20/2026,,,90022,219637,20aug2026
All polls,Morning Consult,,5/19/2025,5/25/2025,28855, RV,0.1561586,0,,43.21,44.82,-1.610001,45.25999,44.5459,0.7140923,https://pro.morningconsult.com/trackers/2026-midterm-election-generic-ballot-polls,12/15/2025,09:00:48 20 Aug 2026,8/20/2026,,,90850,908491,20aug2026
All polls,RMG Research,Napolitan Institute,5/20/2025,5/21/2025,1000, RV,0.5105906,0,,48,45,3,48.6022,42.61341,5.988789,https://napolitannews.org/posts/generic-ballot-gop-43-percent-dem-43,5/21/2025,09:00:48 20 Aug 2026,8/20/2026,,,90014,219587,20aug2026
All polls,Fabrizio Ward,Pinpoint Policy Institute,5/15/2025,5/19/2025,800, RV,0.9952917,0,,42,42,0,42.79161,42.22092,0.5706902,https://pinpointpolicyinstitute.org/pinpoint-policy-institute-quarterly-economic-tracking-poll/,5/19/2025,09:00:48 20 Aug 2026,8/20/2026,,,900471,219660,20aug2026
All polls,YouGov,The Economist,5/16/2025,5/19/2025,1558, RV,0.3091904,0,,43,42,1,45.46714,43.70424,1.762901,https://today.yougov.com/topics/politics/trackers/congressional-ballot-voting-intention,5/19/2025,09:00:48 20 Aug 2026,8/20/2026,,,89897,221729,20aug2026
All polls,YouGov,Economist,5/16/2025,5/19/2025,1558, RV,0.3091904,0,,43,42,1,45.46714,43.70424,1.762901,https://today.yougov.com/topics/politics/trackers/congressional-ballot-voting-intention,11/25/2025,09:00:48 20 Aug 2026,8/20/2026,,,900442,907951,20aug2026
All polls,Morning Consult,,5/12/2025,5/18/2025,28103, RV,0.1552392,0,,43.26,44.45,-1.190002,45.30999,44.1759,1.13409,https://pro.morningconsult.com/trackers/2026-midterm-election-generic-ballot-polls,12/15/2025,09:00:48 20 Aug 2026,8/20/2026,,,90849,908481,20aug2026
All polls,Ipsos,Reuters,5/16/2025,5/18/2025,885, RV,0.4448302,0,,40,39,1,44.98467,42.43001,2.554657,https://www.reuters.com/data/which-party-do-americans-want-run-congress-2025-11-05/,12/15/2025,09:00:48 20 Aug 2026,8/20/2026,,,900443,908251,20aug2026
All polls,Rasmussen Reports,,5/14/2025,5/16/2025,1012, LV,1.044061,0,,45,44,1,46.12253,43.90862,2.213913,https://www.rasmussenreports.com/public_content/archive/mood_of_america_archive/generic_congressional_ballot/democrats_have_slim_lead_in_early_2026_congressional_forecast,11/13/2025,09:00:48 20 Aug 2026,8/20/2026,,REP,90779,907791,20aug2026
All polls,Echelon Insights,,5/8/2025,5/12/2025,1000, LV,0.9059898,0,,47,48,-1,45.89309,45.60273,0.2903595,https://echeloninsights.com/in-the-news/may-2025-verified-voter-omnibus-2-2-2-2-2/,5/12/2025,09:00:48 20 Aug 2026,8/20/2026,,,900421,219377,20aug2026
All polls,Morning Consult,,5/5/2025,5/11/2025,27882, RV,0.1555028,0,,43.35,44.53,-1.18,45.39999,44.2559,1.144089,https://pro.morningconsult.com/trackers/2026-midterm-election-generic-ballot-polls,12/15/2025,09:00:48 20 Aug 2026,8/20/2026,,,90848,908471,20aug2026
All polls,YouGov,The Economist,4/5/2025,4/8/2025,1558, RV,0.5640653,0,,43,42,1,45.46714,43.70424,1.762901,https://d3nkl3psvxxpe9.cloudfront.net/documents/econtoplines_Emo4hnf.pdf,4/8/2025,09:00:48 20 Aug 2026,8/20/2026,,,89690,219142,20aug2026
All polls,Morning Consult,,3/31/2025,4/6/2025,25977, RV,0.1568351,0,,43.68,43.99,-0.3100014,45.72999,43.7159,2.014088,https://pro.morningconsult.com/trackers/2026-midterm-election-generic-ballot-polls,12/15/2025,09:00:48 20 Aug 2026,8/20/2026,,,90843,908421,20aug2026
All polls,Wick,2Way,4/29/2025,4/30/2025,1000, RV,0.9714795,0,,42,39,3,42.81966,39.93885,2.88081,https://my.wick.io/analysis/shared/item/859BF9A4-407C-4E48-9DCF-C5F6A33B0CDA/view,11/13/2025,09:00:48 20 Aug 2026,8/20/2026,,,900757,907781,20aug2026
All polls,Yale University Institution for Social and Policy Studies,,4/1/2025,4/3/2025,4100, RV,1.14198,0,,43.3,41.7,1.599998,44.26399,41.68785,2.576138,https://youthpoll.yale.edu/spring-2025-results,4/3/2025,09:00:48 20 Aug 2026,8/20/2026,,,89744,219144,20aug2026
All polls,Cygnal,,4/1/2025,4/3/2025,1500, LV,1.208816,0,,47.5,46.5,1,46.57975,44.73349,1.84626,https://www.cygn.al/poll-democrats-continue-to-struggle-as-trump-maintains-strong-approval-even-in-light-of-tariffs/,4/3/2025,09:00:48 20 Aug 2026,8/20/2026,,,900331,219140,20aug2026
All polls,McLaughlin & Associates,,4/22/2025,4/29/2025,1000, LV,0.2458768,0,,43,45,-2,44.66813,43.27405,1.394077,https://mclaughlinonline.com/pols/wp-content/uploads/2025/05/National-April-Presentation-RELEASE-04-29-25.pdf,4/29/2025,09:00:48 20 Aug 2026,8/20/2026,,,89825,219310,20aug2026
All polls,Ipsos,Reuters,4/25/2025,4/27/2025,897, RV,0.4961865,0,,40,39,1,44.98467,42.43001,2.554657,https://www.reuters.com/data/which-party-do-americans-want-run-congress-2025-11-05/,12/15/2025,09:00:48 20 Aug 2026,8/20/2026,,,900394,908261,20aug2026
All polls,NewsNation,,4/23/2025,4/27/2025,1448, RV,0.9621595,0,,45,40,5,45.05062,39.70491,5.345711,https://www.newsnationnow.com/politics/recession-inflation-immigration-ddhq-poll/,4/27/2025,09:00:48 20 Aug 2026,8/20/2026,,,900398,219154,20aug2026
All polls,Morning Consult,,4/21/2025,4/27/2025,25544, RV,0.1518076,0,,44.09,43.14,0.9500008,46.13999,42.8659,3.274094,https://pro.morningconsult.com/trackers/2026-midterm-election-generic-ballot-polls,12/15/2025,09:00:48 20 Aug 2026,8/20/2026,,,90846,908451,20aug2026
All polls,The New York Times/Siena College,,4/21/2025,4/24/2025,913, RV,1.201842,0,,47,44,3,46.42581,43.8619,2.563911,https://www.nytimes.com/2025/04/25/us/politics/trump-poll-approval.html,4/24/2025,09:00:48 20 Aug 2026,8/20/2026,,,900377,219152,20aug2026
All polls,Beacon Research/Shaw & Co. Research,Fox News,4/18/2025,4/21/2025,1104, RV,1.212213,0,,49,42,7,47.00914,40.59908,6.410061,https://www.foxnews.com/official-polls/fox-news-poll-democrats-favorability-hits-new-low-still-favored-over-gop-2026-midterms,4/21/2025,09:00:48 20 Aug 2026,8/20/2026,,,89718,219153,20aug2026
All polls,Morning Consult,,4/14/2025,4/20/2025,26905, RV,0.1560839,0,,44.04,43.36,0.6800003,46.08999,43.0859,3.004089,https://pro.morningconsult.com/trackers/2026-midterm-election-generic-ballot-polls,12/15/2025,09:00:48 20 Aug 2026,8/20/2026,,,90845,908441,20aug2026
All polls,McLaughlin & Associates,America's New Majority Project,4/16/2025,4/19/2025,1638, LV,0.3143542,0,,45.7,47.1,-1.399998,47.54465,45.19752,2.34713,https://americasnewmajorityproject.com/most-support-blocking-states-from-giving-medicaid-to-illegal-immigrants/,4/19/2025,09:00:48 20 Aug 2026,8/20/2026,,REP,900375,219151,20aug2026
All polls,Noble Predictive Insights,The Center Square,4/15/2025,4/18/2025,2527, RV,1.453194,0,,45,42,3,45.90419,42.0006,3.903591,https://www.thecentersquare.com/polls/,4/18/2025,09:00:48 20 Aug 2026,8/20/2026,,,89719,219149,20aug2026
All polls,RMG Research,Napolitan Institute,4/16/2025,4/16/2025,1000, RV,0.6194792,0,,50,45,5,50.6022,42.61341,7.988789,https://napolitannews.org/posts/democrats-make-huge-gains-on-generic-ballot,4/16/2025,09:00:48 20 Aug 2026,8/20/2026,,,89745,219148,20aug2026
All polls,Clarity Campaign Labs,,4/9/2025,4/14/2025,1008, RV,0.7158472,0,,44,45,-1,42.60588,44.07194,-1.466061,https://45840940.fs1.hubspotusercontent-na1.net/hubfs/45840940/Clarity%20Omnibus%20Overview_April%202025.pdf,4/14/2025,09:00:48 20 Aug 2026,8/20/2026,,,900355,219146,20aug2026
All polls,Echelon Insights,,4/10/2025,4/14/2025,1014, LV,0.9521633,0,,47,47,0,45.89309,44.60273,1.290359,https://echeloninsights.com/in-the-news/april-2025-verified-voter-omnibus-2-2-2-2/,4/14/2025,09:00:48 20 Aug 2026,8/20/2026,,,900347,219143,20aug2026
All polls,Hart Research Associates/Public Opinion Strategies,CNBC,4/9/2025,4/13/2025,800, RV,0.9632434,0,,48,46,2,46.67974,44.41449,2.265251,https://www.cnbc.com/video/2025/04/17/tariffs-weight-on-trump-approval-cnbc-survey-finds.html,4/13/2025,09:00:48 20 Aug 2026,8/20/2026,,,900354,219145,20aug2026
All polls,Morning Consult,,4/7/2025,4/13/2025,26749, RV,0.1570661,0,,43.54,43.98,-0.4399986,45.58999,43.7059,1.88409,https://pro.morningconsult.com/trackers/2026-midterm-election-generic-ballot-polls,12/15/2025,09:00:48 20 Aug 2026,8/20/2026,,,90844,908431,20aug2026
All polls,Morning Consult,,4/6/2025,4/12/2026,12505, RV,0.0929273,0,,46,42,4,48.04999,41.7259,6.324093,https://pro.morningconsult.com/trackers/2026-midterm-election-generic-ballot-polls,4/21/2026,09:00:48 20 Aug 2026,8/20/2026,,,901373,9013731,20aug2026
All polls,RealClear Opinion Research,,4/10/2025,4/12/2025,1000, RV,0.8474652,0,,39.8,39.2,0.5999985,41.10858,40.15699,0.9515915,https://www.realclearpolitics.com/articles/2025/04/18/rcp_poll_voters_see_campus_bias_reject_trumps_tariff_pitch_152678.html,4/12/2025,09:00:48 20 Aug 2026,8/20/2026,,,900361,219147,20aug2026
All polls,The Winston Group,Winning the Issues,4/8/2025,4/10/2025,1000, RV,1.060541,0,,46,44,2,46.17833,43.8335,2.34483,https://www.winningtheissues.org/2025/04/30/winning-the-issues-april-2025-national-survey/,4/10/2025,09:00:48 20 Aug 2026,8/20/2026,,REP,900570,221306,20aug2026
All polls,"Fabrizio, Lee & Associates/Impact Research",The Wall Street Journal,3/27/2025,4/1/2025,1500, RV,0.8108907,0,,44,43,1,44.45662,43.30313,1.153488,https://www.wsj.com/politics/policy/trump-foreign-policy-approval-voters-poll-c0c29dd0,4/1/2025,09:00:48 20 Aug 2026,8/20/2026,,,89685,219139,20aug2026
All polls,YouGov,Economist,3/6/2026,3/9/2026,1405, RV,0.1766461,0,,45,42,3,47.46714,43.70424,3.762901,https://d3nkl3psvxxpe9.cloudfront.net/documents/econTabReport_EcCnfRV.pdf,3/10/2026,09:00:48 20 Aug 2026,8/20/2026,,,901190,9011904,20aug2026
All polls,McLaughlin & Associates,,3/4/2026,3/9/2026,1000, LV,0.3245663,0,,47,43,4,48.66813,41.27405,7.394077,https://mclaughlinonline.com/pols/wp-content/uploads/2026/03/National-March-Presentation-RELEASE-03-10-26.pdf,3/13/2026,09:00:48 20 Aug 2026,8/20/2026,,,901201,9012011,20aug2026
All polls,Clarity Campaign Labs,,3/3/2025,3/9/2025,1036, RV,0.6994112,0,,46,44,2,44.60588,43.07194,1.533939,https://static1.squarespace.com/static/61ae8d5e55be5c7314b4c83a/t/67d0921f11ba8d57a17670a9/1741722147070/Clarity+Omnibus+Overview+-+March+2025+PUBLIC.pdf,3/9/2025,09:00:48 20 Aug 2026,8/20/2026,,,900268,219133,20aug2026
All polls,Morning Consult,,3/3/2025,3/9/2025,27685, RV,0.1716616,0,,42.92,44.98,-2.060001,44.96999,44.7059,0.2640915,https://pro.morningconsult.com/trackers/2026-midterm-election-generic-ballot-polls,12/15/2025,09:00:48 20 Aug 2026,8/20/2026,,,90839,908381,20aug2026
All polls,Morning Consult,,3/6/2026,3/8/2026,2002, RV,0.0479832,0,,47,43,4,49.04999,42.7259,6.324093,https://pro.morningconsult.com/trackers/donald-trump-congress-policy-republicans-polling,3/12/2026,09:00:48 20 Aug 2026,8/20/2026,,,901196,9011962,20aug2026
All polls,Morning Consult,,3/2/2026,3/8/2026,25948, RV,0.133038,0,,44,42,2,46.04999,41.7259,4.324093,https://pro.morningconsult.com/trackers/2026-midterm-election-generic-ballot-polls,3/12/2026,09:00:48 20 Aug 2026,8/20/2026,,,901198,9011981,20aug2026
All polls,McLaughlin & Associates,America's New Majority Project,3/4/2025,3/7/2025,1655, LV,0.3117336,0,,45.1,47.8,-2.700001,46.94465,45.89752,1.047131,https://americasnewmajorityproject.com/most-americans-support-trumps-maha-agenda/,3/7/2025,09:00:48 20 Aug 2026,8/20/2026,,REP,900267,219273,20aug2026
All polls,Noble Predictive Insights,Center Square,3/2/2026,3/5/2026,2659, RV,1.46966,0,,44,43,1,44.90419,43.0006,1.903591,https://www.thecentersquare.com/national/article_c3795c17-be14-4566-a625-eb38b4ffc1bf.html,3/14/2026,09:00:48 20 Aug 2026,8/20/2026,,,901204,9012042,20aug2026
All polls,Cygnal,,3/3/2025,3/5/2025,1500, LV,1.212618,0,,47.4,45.9,1.5,46.47976,44.1335,2.34626,https://www.cygn.al/poll-48-percent-support-trump-negotiating-settlement-to-war-in-ukraine-as-optimism-at-home-rises/,3/5/2025,09:00:48 20 Aug 2026,8/20/2026,,,900272,219134,20aug2026
All polls,Cygnal,,3/3/2026,3/4/2026,1500, LV,1.048102,0,,49,44.8,4.200001,48.07975,43.03349,5.046261,https://www.cygn.al/wp-content/uploads/2026/03/23673-Cygnal-National-Mar26-NVT-Deck-Public.pdf,3/9/2026,09:00:48 20 Aug 2026,8/20/2026,,,901188,9011881,20aug2026
All polls,RMG Research,Napolitan News Service,3/2/2026,3/4/2026,2000, RV,0.6428904,0,,46,46,0,46.6022,43.61341,2.988789,https://napolitannews.org/posts/generic-ballot-dem-44-percent-gop-43-dems-also-more-enthusiastic,3/6/2026,09:00:48 20 Aug 2026,8/20/2026,,,901176,9011761,20aug2026
All polls,Marist University,NPR | PBS News,3/2/2026,3/4/2026,1392, RV,1.162056,0,,53,44,9,50.4416,43.92237,6.51923,https://maristpoll.marist.edu/wp-content/uploads/2026/03/NPR_PBS-News_Marist-Poll_USA-NOS-and-Tables_202603091024.pdf,3/11/2026,09:00:48 20 Aug 2026,8/20/2026,,,901194,9011943,20aug2026
All polls,Morning Consult,,3/24/2025,3/30/2025,27397, RV,0.1621203,0,,43.6,44.44,-0.8400002,45.64999,44.1659,1.484089,https://pro.morningconsult.com/trackers/2026-midterm-election-generic-ballot-polls,12/15/2025,09:00:48 20 Aug 2026,8/20/2026,,,90842,908411,20aug2026
All polls,Hart Research Associates/Public Opinion Strategies,NBC News,2/27/2026,3/3/2026,1000, RV,1.026943,0,,50,44,6,48.67974,42.41449,6.265251,https://www.nbcnews.com/politics/2026-election/poll-trump-struggles-immigration-prices-iran-democrats-midterm-edge-rcna261861,3/8/2026,09:00:48 20 Aug 2026,8/20/2026,,,901183,9011832,20aug2026
All polls,Emerson College,,3/2/2025,3/3/2025,1000, RV,1.17192,0,,44.4,41.4,3,44.42972,42.17797,2.251751,https://emersoncollegepolling.com/march-2025-national-poll/,3/3/2025,09:00:48 20 Aug 2026,8/20/2026,,,89624,218732,20aug2026
All polls,Ipsos,Reuters,3/21/2025,3/23/2025,911, RV,0.5454781,0,,38,38,0,42.98467,41.43001,1.554657,https://www.reuters.com/data/which-party-do-americans-want-run-congress-2025-11-05/,12/15/2025,09:00:48 20 Aug 2026,8/20/2026,,,900299,908271,20aug2026
All polls,Morning Consult,,3/17/2025,3/23/2025,27364, RV,0.1642994,0,,43.09,44.61,-1.52,45.13999,44.3359,0.8040924,https://pro.morningconsult.com/trackers/2026-midterm-election-generic-ballot-polls,12/15/2025,09:00:48 20 Aug 2026,8/20/2026,,,90841,908401,20aug2026
All polls,Impact Research/BSP Research,"Third Way, UnidosUS",3/10/2026,3/20/2026,1000, LV,0.9496727,0,,45,41,4,45.71132,41.27747,4.433849,https://www.thirdway.org/memo/president-trumps-immigration-problem,4/16/2026,09:00:48 20 Aug 2026,8/20/2026,,,901360,9013601,20aug2026
All polls,YouGov,Economist,2/27/2026,3/2/2026,1366, RV,0.1725035,0,,45,41,4,47.46714,42.70424,4.762901,https://d3nkl3psvxxpe9.cloudfront.net/documents/econTabReport_ubu5DXD.pdf,3/3/2026,09:00:48 20 Aug 2026,8/20/2026,,,901163,9011634,20aug2026
All polls,Public Opinion Strategies,Paragon Health Institute,2/25/2025,3/2/2025,1000, RV,1.202772,0,,44,46,-2,44.88967,45.81774,-0.9280701,https://paragoninstitute.org/medicaid/paragon-health-policy-survey-2025/,3/2/2025,09:00:48 20 Aug 2026,8/20/2026,,,900289,219137,20aug2026
All polls,Morning Consult,,2/24/2025,3/2/2025,28092, RV,0.1788053,0,,42.96,44.61,-1.650002,45.00999,44.3359,0.6740913,https://pro.morningconsult.com/trackers/2026-midterm-election-generic-ballot-polls,12/15/2025,09:00:48 20 Aug 2026,8/20/2026,,,90838,908371,20aug2026
All polls,"Normington, Petts & Associates",Third Way,3/12/2025,3/19/2025,800, LV,0.8875322,0,,50,50,0,50.25558,49.35374,0.9018402,https://www.thirdway.org/polling/democrats-immigration-opportunity,3/19/2025,09:00:48 20 Aug 2026,8/20/2026,,,89821,219302,20aug2026
All polls,The Argument/Verasight,,3/12/2026,3/17/2026,1519, RV,0.7212003,0,,54,46,8,50.82364,42.749,8.074638,https://www.theargumentmag.com/p/americans-would-trade-jobs-for-cheaper,3/23/2026,09:00:48 20 Aug 2026,8/20/2026,,,901239,9012392,20aug2026
All polls,Morning Consult,,3/13/2026,3/16/2026,2201, RV,0.0510068,0,,48,40,8,50.04999,39.7259,10.32409,https://pro.morningconsult.com/trackers/donald-trump-congress-policy-republicans-polling,3/17/2026,09:00:48 20 Aug 2026,8/20/2026,,,901211,9012112,20aug2026
All polls,YouGov,Economist,3/13/2026,3/16/2026,1429, RV,0.1806409,0,,43,41,2,45.46714,42.70424,2.762901,https://d3nkl3psvxxpe9.cloudfront.net/documents/econTabReport_CwWXhS2.pdf,3/17/2026,09:00:48 20 Aug 2026,8/20/2026,,,901210,9012104,20aug2026
All polls,Echelon Insights,,3/12/2026,3/16/2026,1033, LV,0.8397796,0,,49,44,5,47.89309,41.60273,6.290359,https://echelonin.wpenginepowered.com/wp-content/uploads/March-2026-Omnibus-Topline-External.pdf,3/16/2026,09:00:48 20 Aug 2026,8/20/2026,,,901208,9012082,20aug2026
All polls,Morning Consult,,3/10/2025,3/16/2025,26877, RV,0.1657467,0,,43.2,44.95,-1.75,45.24999,44.6759,0.5740891,https://pro.morningconsult.com/trackers/2026-midterm-election-generic-ballot-polls,12/15/2025,09:00:48 20 Aug 2026,8/20/2026,,,90840,908391,20aug2026
All polls,Morning Consult,,3/9/2026,3/15/2026,26634, RV,0.1367702,0,,45,42,3,47.04999,41.7259,5.324093,https://pro.morningconsult.com/trackers/2026-midterm-election-generic-ballot-polls,3/17/2026,09:00:48 20 Aug 2026,8/20/2026,,,901212,9012121,20aug2026
All polls,Survey160,,3/9/2026,3/15/2026,1546, RV,0.7148681,0,,48,38,10,48.20734,40.1438,8.063541,https://www.survey160.com/methodological-research-blog/survey-160-tracking-poll-march-2026,3/24/2026,09:00:48 20 Aug 2026,8/20/2026,,,901243,9012432,20aug2026
All polls,Echelon Insights,,3/10/2025,3/13/2025,1007, LV,1.006631,0,,46,47,-1,44.89309,44.60273,0.2903595,https://echeloninsights.com/in-the-news/march-2025-verified-voter-omnibus-2-2-2/,3/13/2025,09:00:48 20 Aug 2026,8/20/2026,,,900276,219135,20aug2026
All polls,YouGov,Yahoo News,3/12/2026,3/12/2026,1148, RV,0.164229,0,,44,40,4,46.46714,41.70424,4.762901,https://www.yahoo.com/news/politics/article/poll-66-of-americans-disapprove-of-trump-on-gas-prices-as-they-feel-effects-of-iran-war-120000483.html,3/18/2026,09:00:48 20 Aug 2026,8/20/2026,,,901216,9012163,20aug2026
All polls,Change Research,,3/8/2026,3/12/2026,1540, RV,0.4309449,0,,47,41,6,48.46621,41.59313,6.873081,https://portal.changeresearch.com/portal/projects/61cdcd30-3c32-4785-9ccb-5fe82cb36389,5/5/2026,09:00:48 20 Aug 2026,8/20/2026,,,901428,9014283,20aug2026
All polls,Hart Research Associates/Public Opinion Strategies,NBC News,3/7/2025,3/11/2025,1000, RV,1.06479,0,,48,47,1,46.67974,45.41449,1.265251,https://www.nbcnews.com/politics/politics-news/democratic-party-hits-new-polling-low-voters-want-fight-trump-harder-rcna196161,3/11/2025,09:00:48 20 Aug 2026,8/20/2026,,,900279,219136,20aug2026
All polls,Focaldata,,3/6/2026,3/10/2026,1534, RV,0.580347,0,,48,42,6,47.35191,41.54833,5.803581,https://www.focaldata.com/blog/democrats-increase-lead-and-rubio-stock-surges-amid-iran-war,3/13/2026,09:00:48 20 Aug 2026,8/20/2026,,,901203,9012034,20aug2026
All polls,McLaughlin & Associates,Tea Party Patriots,3/10/2026,3/10/2026,1000, LV,0.3235947,0,,46.9,43.3,3.600002,48.74465,41.39752,7.347134,https://www.teapartypatriots.org/save-america-act-poll/,3/18/2026,09:00:48 20 Aug 2026,8/20/2026,,REP,901222,9012221,20aug2026
All polls,Morning Consult,,2/23/2026,3/1/2026,25404, RV,0.1301255,0,,45,42,3,47.04999,41.7259,5.324093,https://pro.morningconsult.com/trackers/2026-midterm-election-generic-ballot-polls,3/12/2026,09:00:48 20 Aug 2026,8/20/2026,,,901197,9011971,20aug2026
All polls,YouGov,Economist,2/6/2026,2/9/2026,1551, RV,0.1801741,0,,44,38,6,46.46714,39.70424,6.762901,https://d3nkl3psvxxpe9.cloudfront.net/documents/econTabReport_vNnwPx2.pdf,2/10/2026,09:00:48 20 Aug 2026,8/20/2026,,,901094,9010944,20aug2026
All polls,Morning Consult,,2/6/2026,2/9/2026,2200, RV,0.0483243,0,,45,41,4,47.04999,40.7259,6.324093,https://pro.morningconsult.com/trackers/donald-trump-congress-policy-republicans-polling#trump-s-performance-on-the-issues,2/9/2026,09:00:48 20 Aug 2026,8/20/2026,,,901091,9010912,20aug2026
All polls,Morning Consult,,2/3/2025,2/9/2025,26690, RV,0.2112717,0,,42.65,45.22,-2.57,44.69999,44.9459,-0.2459106,https://pro.morningconsult.com/trackers/2026-midterm-election-generic-ballot-polls,12/15/2025,09:00:48 20 Aug 2026,8/20/2026,,,90835,908341,20aug2026
All polls,Morning Consult,,2/2/2026,2/8/2026,24606, RV,0.1268728,0,,45,42,3,47.04999,41.7259,5.324093,https://pro.morningconsult.com/trackers/2026-midterm-election-generic-ballot-polls,2/9/2026,09:00:48 20 Aug 2026,8/20/2026,,,901093,9010931,20aug2026
All polls,Clarity Campaign Labs,,1/31/2025,2/6/2025,1102, RV,0.7783728,0,,45,44,1,43.60588,43.07194,0.5339394,https://static1.squarespace.com/static/61ae8d5e55be5c7314b4c83a/t/67aa57a7976e415c4d212706/1739216809584/Clarity+Omnibus+Overview+-+Jan_Feb+2025.pdf,2/6/2025,09:00:48 20 Aug 2026,8/20/2026,,,89553,218119,20aug2026
All polls,John Zogby Strategies,,2/4/2026,2/5/2026,1000, LV,0.7672434,0,,46.9,41.2,5.700001,46.67102,40.9613,5.709721,https://johnzogbystrategies.com/the-presidents-approval-ratings-underwater-on-overall-job-all-key-voter-issues/,2/7/2026,09:00:48 20 Aug 2026,8/20/2026,,,901087,9010872,20aug2026
All polls,Cygnal,,2/4/2025,2/5/2025,1500, LV,1.215793,0,,46.2,47.2,-1,45.27975,45.43349,-0.1537399,https://www.cygn.al/poll-trump-winning-over-black-men-dei-skeptics-and-border-hawks-as-democrats-lose-ground/,2/5/2025,09:00:48 20 Aug 2026,8/20/2026,,,89560,218218,20aug2026
All polls,Cygnal,,2/3/2026,2/4/2026,1500, LV,1.035055,0,,47.8,44.4,3.399998,46.87975,42.6335,4.24625,https://www.cygn.al/wp-content/uploads/2026/02/23572-Cygnal-National-NVT-Feb26-Deck-Public.pdf,2/11/2026,09:00:48 20 Aug 2026,8/20/2026,,,901099,9010991,20aug2026
All polls,TIPP Insights,Issues & Insights,2/24/2026,2/27/2026,1264, RV,1.235537,0,,45.5,44.2,1.299999,46.50791,44.05936,2.448551,https://tippinsights.com/americas-stalemate/,3/13/2026,09:00:48 20 Aug 2026,8/20/2026,,,901202,9012021,20aug2026
All polls,HarrisX,Harvard CAPS,2/25/2026,2/26/2026,1560, LV,0.5844427,0,,50,50,0,48.67393,46.33809,2.335842,https://harvardharrispoll.com/key-results-february-2026/,3/2/2026,09:00:48 20 Aug 2026,8/20/2026,,,901161,9011615,20aug2026
All polls,Cygnal,American Principles Project,2/24/2026,2/26/2026,1048, LV,0.897121,0,,48.3,44.6,3.700001,47.5537,42.65955,4.89415,https://act.americanprinciplesproject.org/p/protect-kids-online/results?access=press,3/6/2026,09:00:48 20 Aug 2026,8/20/2026,,REP,901177,9011771,20aug2026
All polls,Ipsos,Reuters,2/18/2026,2/23/2026,3686, RV,0.4829522,0,,40,38,2,44.98467,41.43001,3.554657,https://www.reuters.com/world/us/most-americans-say-trump-is-growing-erratic-with-age-reutersipsos-poll-finds-2026-02-24/,2/24/2026,09:00:48 20 Aug 2026,8/20/2026,,,901130,9011303,20aug2026
All polls,YouGov,Pennsylvania State University McCourtney Institute for Democracy,2/18/2026,2/23/2026,824, RV,0.1379884,0,,42,37,5,44.46714,38.70424,5.762901,https://democracy.psu.edu/poll-report-archive/democrats-have-edge-in-congressional-generic-ballot/,3/10/2026,09:00:48 20 Aug 2026,8/20/2026,,,901191,9011911,20aug2026
All polls,YouGov,Economist,2/20/2026,2/23/2026,1402, RV,0.1718835,0,,45,41,4,47.46714,42.70424,4.762901,https://d3nkl3psvxxpe9.cloudfront.net/documents/econTabReport_5ZLQm8s.pdf,2/24/2026,09:00:48 20 Aug 2026,8/20/2026,,,901129,9011294,20aug2026
All polls,Echelon Insights,,2/19/2026,2/23/2026,1002, LV,0.8725334,0,,50,46,4,48.89309,43.60273,5.290359,https://echeloninsights.com/in-the-news/february-2026-verified-voter-omnibus/,2/23/2026,09:00:48 20 Aug 2026,8/20/2026,,,901127,9011272,20aug2026
All polls,GrayHouse,America One Policies,2/20/2026,2/23/2026,1394, RV,0.8174829,0,,43,40,3,44.28114,39.87189,4.409248,https://www.americaonepolicies.com/polls/attitudes-on-iran-the-economy-and-affordability,3/5/2026,09:00:48 20 Aug 2026,8/20/2026,,REP,901173,9011731,20aug2026
All polls,Ipsos,Reuters,2/21/2025,2/23/2025,891, RV,0.5598569,0,,38,40,-2,42.98467,43.43001,-0.445343,https://www.reuters.com/data/which-party-do-americans-want-run-congress-2025-11-05/,12/15/2025,09:00:48 20 Aug 2026,8/20/2026,,,89602,908281,20aug2026
All polls,Morning Consult,,2/17/2025,2/23/2025,27621, RV,0.1862507,0,,42.1,45.1,-3,44.14999,44.8259,-0.6759109,https://pro.morningconsult.com/trackers/2026-midterm-election-generic-ballot-polls,12/15/2025,09:00:48 20 Aug 2026,8/20/2026,,,90837,908361,20aug2026
All polls,Morning Consult,,2/16/2026,2/22/2026,26087, RV,0.129711,0,,45,42,3,47.04999,41.7259,5.324093,https://pro.morningconsult.com/trackers/2026-midterm-election-generic-ballot-polls,2/26/2026,09:00:48 20 Aug 2026,8/20/2026,,,901141,9011411,20aug2026
All polls,Emerson College,,2/21/2026,2/22/2026,1000, LV,1.022207,0,,50.4,42.4,8,50.42972,43.17797,7.251751,https://emersoncollegepolling.com/february-2026-national-poll-trump-approval-steady-as-disapproval-rises-vance-leads-gop-field-while-democrats-hold-midterm-edge/,2/26/2026,09:00:48 20 Aug 2026,8/20/2026,,,901139,9011392,20aug2026
All polls,Morning Consult,,2/20/2026,2/22/2026,2002, RV,0.0466766,0,,46,42,4,48.04999,41.7259,6.324093,https://pro.morningconsult.com/trackers/donald-trump-congress-policy-republicans-polling,2/25/2026,09:00:48 20 Aug 2026,8/20/2026,,,901137,9011372,20aug2026
All polls,Global Strategy Group,Campaign For A Family Friendly Economy (PAC),2/17/2026,2/22/2026,1051, LV,1.020801,0,,48,40,8,47.93648,40.5625,7.373981,https://www.semafor.com/article/03/23/2026/poll-caretaking-anecdotes-resonate-with-voters,3/24/2026,09:00:48 20 Aug 2026,8/20/2026,,,901245,9012451,20aug2026
All polls,RMG Research,Napolitan Institute,2/20/2025,2/21/2025,1000, RV,0.7005252,0,,46,48,-2,46.6022,45.61341,0.9887886,https://x.com/ScottWRasmussen/status/1894720317291114920,2/21/2025,09:00:48 20 Aug 2026,8/20/2026,,,89604,218572,20aug2026
All polls,Verasight,Strength in Numbers,2/18/2026,2/20/2026,1401, RV,0.4937717,0,,52,42,10,50.1696,42.07953,8.090073,https://www.gelliottmorris.com/p/ahead-of-state-of-the-union-address,2/24/2026,09:00:48 20 Aug 2026,8/20/2026,,,901131,9011314,20aug2026
All polls,YouGov,Economist,1/30/2026,2/2/2026,1504, RV,0.1809378,0,,44,40,4,46.46714,41.70424,4.762901,https://d3nkl3psvxxpe9.cloudfront.net/documents/econTabReport_DDIQ8jz.pdf,2/3/2026,09:00:48 20 Aug 2026,8/20/2026,,,901075,9010754,20aug2026
All polls,Morning Consult,,1/27/2025,2/2/2025,29303, RV,0.242181,0,,42.85,43.76,-0.9099998,44.89999,43.4859,1.414089,https://pro.morningconsult.com/trackers/2026-midterm-election-generic-ballot-polls,12/15/2025,09:00:48 20 Aug 2026,8/20/2026,,,90834,908331,20aug2026
All polls,Talker Research,Scripps News,2/13/2026,2/19/2026,1000, A,0.7470228,0,,42,36,6,42.89995,37.51526,5.384689,https://www.scrippsnews.com/politics/scripps-news-talker-research-poll-high-interest-in-state-of-the-union-amid-economic-worries,2/24/2026,09:00:48 20 Aug 2026,8/20/2026,,,901134,9011342,20aug2026
All polls,Change Research,,2/5/2026,2/18/2026,1741, RV,0.4617745,0,,43,40,3,44.46621,40.59313,3.873081,https://portal.changeresearch.com/portal/projects/9c8a3c8a-70c6-47f8-80bf-596426bc3318,5/5/2026,09:00:48 20 Aug 2026,8/20/2026,,,901427,9014272,20aug2026
All polls,YouGov,Bowling Green State University,2/13/2026,2/18/2026,1200, RV,0.1607052,0,,49,41,8,51.46714,42.70424,8.762901,https://scholarworks.bgsu.edu/cgi/viewcontent.cgi?article=1017&context=depo,2/24/2026,09:00:48 20 Aug 2026,8/20/2026,,,901133,9011332,20aug2026
All polls,YouGov,The Economist,2/16/2025,2/18/2025,1451, RV,0.8102629,0,,42,41,1,44.46714,42.70424,1.762901,https://d3nkl3psvxxpe9.cloudfront.net/documents/econTabReport_OFVhPxp.pdf,2/18/2025,09:00:48 20 Aug 2026,8/20/2026,,,89579,218440,20aug2026
All polls,McLaughlin & Associates,,2/11/2025,2/18/2025,1000, LV,0.2479396,0,,41,48,-7,42.66813,46.27405,-3.605923,https://mclaughlinonline.com/pols/wp-content/uploads/2025/02/National-February-Presentation-RELEASE-02-18-25.pdf,2/18/2025,09:00:48 20 Aug 2026,8/20/2026,,,89590,218441,20aug2026
All polls,Ipsos,The Washington Post | ABC News,2/12/2026,2/17/2026,2087, RV,0.3844451,0,,47,45,2,51.98467,48.43001,3.554657,https://www.washingtonpost.com/politics/2026/02/25/poll-democrats-trump-republicans-midterms/,2/26/2026,09:00:48 20 Aug 2026,8/20/2026,,,901121,9011213,20aug2026
All polls,McLaughlin & Associates,U.S. Chamber of Commerce,2/13/2025,2/17/2025,1600, LV,0.2992223,0,,43,47,-4,44.84465,45.09752,-0.2528687,https://www.uschamber.com/assets/documents/USCC_National-Tax-Survey_Deck_Feb-2025.pdf,2/17/2025,09:00:48 20 Aug 2026,8/20/2026,,REP,89766,219131,20aug2026
All polls,co/efficient,,2/15/2025,2/17/2025,2063, LV,1.185373,0,,44,46,-2,44.65256,44.97928,-0.3267174,https://coefficient.org/doge-part-2/,2/17/2025,09:00:48 20 Aug 2026,8/20/2026,,REP,89596,218564,20aug2026
All polls,Morning Consult,,2/13/2026,2/16/2026,2200, RV,0.0481543,0,,45,41,4,47.04999,40.7259,6.324093,https://pro.morningconsult.com/trackers/donald-trump-congress-policy-republicans-polling,2/17/2026,09:00:48 20 Aug 2026,8/20/2026,,,901115,9011152,20aug2026
All polls,YouGov,Economist,2/13/2026,2/16/2026,1512, RV,0.1762925,0,,47,40,7,49.46714,41.70424,7.762901,https://d3nkl3psvxxpe9.cloudfront.net/documents/econTabReport_usZL1Jt.pdf,2/17/2026,09:00:48 20 Aug 2026,8/20/2026,,,901112,9011124,20aug2026
All polls,The Bullfinch Group,Independent Center,2/13/2026,2/16/2026,1000, RV,0.6390123,0,,46,35,11,48.55321,38.68874,9.864471,https://www.thebullfinchgroup.com/post/public-release-of-bullfinch-mainframe-q1-nationwide-survey,6/4/2026,09:00:48 20 Aug 2026,8/20/2026,,,901515,9015154,20aug2026
All polls,Ipsos,Reuters,2/13/2026,2/16/2026,846, RV,0.2666899,0,,41,37,4,45.98467,40.43001,5.554657,https://www.reuters.com/world/us/trumps-immigration-approval-hits-new-low-according-reutersipsos-poll-2026-02-17/,2/18/2026,09:00:48 20 Aug 2026,8/20/2026,,,901116,9011163,20aug2026
All polls,Morning Consult,,2/10/2025,2/16/2025,27203, RV,0.1968723,0,,42.33,45.23,-2.899998,44.37999,44.9559,-0.5759087,https://pro.morningconsult.com/trackers/2026-midterm-election-generic-ballot-polls,12/15/2025,09:00:48 20 Aug 2026,8/20/2026,,,90836,908351,20aug2026
All polls,Morning Consult,,2/9/2026,2/15/2026,12505, RV,0.0965183,0,,45,42,3,47.04999,41.7259,5.324093,https://pro.morningconsult.com/trackers/2026-midterm-election-generic-ballot-polls,2/27/2026,09:00:48 20 Aug 2026,8/20/2026,,,901151,9011511,20aug2026
All polls,Echelon Insights,,2/10/2025,2/13/2025,1010, LV,1.107661,0,,46,47,-1,44.89309,44.60273,0.2903595,https://echeloninsights.com/in-the-news/feb-2025-verified-voter-omnibus-2-2/,2/13/2025,09:00:48 20 Aug 2026,8/20/2026,,,89566,218247,20aug2026
All polls,RMG Research,Napolitan News Service,2/9/2026,2/12/2026,2000, RV,0.6404142,0,,45,47,-2,45.6022,44.61341,0.9887886,https://napolitannews.org/posts/generic-ballot-gop-44-percent-dem-41-but-dems-more-enthusiastic,2/13/2026,09:00:48 20 Aug 2026,8/20/2026,,,901104,9011041,20aug2026
All polls,YouGov,Yahoo News,2/9/2026,2/12/2026,1149, RV,0.1589617,0,,44,41,3,46.46714,42.70424,3.762901,https://www.yahoo.com/news/politics/article/poll-trumps-approval-rating-hits-new-low-as-immigration-backlash-grows-and-ice-withdraws-from-minnesota-204723473.html,2/19/2026,09:00:48 20 Aug 2026,8/20/2026,,,901108,9011083,20aug2026
All polls,The Argument/Verasight,,2/4/2026,2/10/2026,3003, RV,0.8525737,0,,53,47,6,49.82364,43.749,6.074638,https://www.theargumentmag.com/p/the-trans-rights-backlash-is-real,2/17/2026,09:00:48 20 Aug 2026,8/20/2026,,,901113,9011132,20aug2026
All polls,Focaldata,,2/10/2026,2/10/2026,957, LV,0.5549732,0,,51.1,43.6,7.5,50.45191,43.14833,7.303577,https://www.focaldata.com/blog/cost-of-living-fuelling-democrat-strength-in-new-midterms-polling,2/13/2026,09:00:48 20 Aug 2026,8/20/2026,,,901106,9011066,20aug2026
All polls,Morning Consult,,1/26/2026,2/1/2026,25492, RV,0.1294968,0,,44,42,2,46.04999,41.7259,4.324093,https://pro.morningconsult.com/trackers/2026-midterm-election-generic-ballot-polls,2/9/2026,09:00:48 20 Aug 2026,8/20/2026,,,901092,9010921,20aug2026
All polls,Morning Consult,,1/30/2026,2/1/2026,2201, RV,0.0485623,0,,47,42,5,49.04999,41.7259,7.324093,https://pro.morningconsult.com/trackers/donald-trump-congress-policy-republicans-polling,2/2/2026,09:00:48 20 Aug 2026,8/20/2026,,,901072,9010722,20aug2026
All polls,"Fabrizio, Lee & Associates/Impact Research",AARP,1/27/2025,2/1/2025,3000, RV,1.015174,0,,43,43,0,43.45662,43.30313,0.1534882,https://www.aarp.org/content/dam/aarp/research/topics/voter-opinion-research/politics/federal-tax-package-legislative-priorities.doi.10.26419-2fres.00921.001.pdf,2/1/2025,09:00:48 20 Aug 2026,8/20/2026,,,89555,218160,20aug2026
All polls,Ipsos,Reuters,12/3/2025,12/8/2025,3521, RV,0.5110547,0,,40,39,1,44.98467,42.43001,2.554657,https://www.reuters.com/data/trumps-approval-rating-2025-01-21/,12/15/2025,09:00:48 20 Aug 2026,8/20/2026,,,900932,9009324,20aug2026
All polls,GrayHouse,America One Policies,12/6/2025,12/8/2025,2058, RV,0.8931435,0,,45,41,4,46.28114,40.87189,5.409248,https://www.americaonepolicies.com/polls/selling-the-one-big-beautiful-bill,3/6/2026,09:00:48 20 Aug 2026,8/20/2026,,REP,901182,9011821,20aug2026
All polls,YouGov,Economist,12/5/2025,12/8/2025,1380, RV,0.1882515,0,,42,37,5,44.46714,38.70424,5.762901,https://d3nkl3psvxxpe9.cloudfront.net/documents/econTabReport_qLhWxpK.pdf,12/15/2025,09:00:48 20 Aug 2026,8/20/2026,,,900931,908082,20aug2026
All polls,Hart Research Associates/Public Opinion Strategies,CNBC,12/4/2025,12/8/2025,800, RV,0.9065882,0,,50,46,4,48.67974,44.41449,4.265251,https://fm.cnbc.com/applications/cnbc.com/resources/editorialfiles/2025/12/16/TOPLINES_250313_CNBC_AAES_Q4_2025_new.pdf,12/17/2025,09:00:48 20 Aug 2026,8/20/2026,,,900958,9009582,20aug2026
All polls,Morning Consult,,12/5/2025,12/7/2025,2201, RV,0.0488355,0,,46,43,3,48.04999,42.7259,5.324093,https://pro.morningconsult.com/trackers/donald-trump-congress-policy-republicans-polling,12/15/2025,09:00:48 20 Aug 2026,8/20/2026,,,900929,908121,20aug2026
All polls,Morning Consult,,12/1/2025,12/7/2025,19970, RV,0.1173499,0,,44.22,42.82,1.400002,46.26999,42.5459,3.724091,https://pro.morningconsult.com/trackers/2026-midterm-election-generic-ballot-polls,12/15/2025,09:00:48 20 Aug 2026,8/20/2026,,,90878,908771,20aug2026
All polls,Cygnal,,12/5/2025,12/7/2025,1500, LV,1.177523,0,,48,44.1,3.900002,47.07975,42.33349,4.746262,https://www.cygn.al/wp-content/uploads/2025/12/23448-Cygnal-National-Dec25-NVT-Deck-Public.pdf,12/15/2025,09:00:48 20 Aug 2026,8/20/2026,,,90811,908111,20aug2026
All polls,RMG Research,Napolitan Institute,12/1/2025,12/4/2025,2000, RV,0.6809877,0,,44,48,-4,44.6022,45.61341,-1.011211,https://napolitannews.org/posts/generic-ballot-gop-45-percent-dem-41,12/15/2025,09:00:48 20 Aug 2026,8/20/2026,,,90807,908071,20aug2026
All polls,YouGov,Economist,12/26/2025,12/29/2025,1420, RV,0.1900602,0,,42,38,4,44.46714,39.70424,4.762901,https://d3nkl3psvxxpe9.cloudfront.net/documents/econTabReport_h1aYmmb.pdf,12/30/2025,09:00:48 20 Aug 2026,8/20/2026,,,900985,9009854,20aug2026
All polls,YouGov,Economist,12/20/2025,12/22/2025,1425, RV,0.1923153,0,,43,40,3,45.46714,41.70424,3.762901,https://d3nkl3psvxxpe9.cloudfront.net/documents/econTabReport_nBgFw7w.pdf,12/23/2025,09:00:48 20 Aug 2026,8/20/2026,,,900976,9009764,20aug2026
All polls,Morning Consult,,12/19/2025,12/21/2025,2203, RV,0.0502214,0,,47,43,4,49.04999,42.7259,6.324093,https://pro.morningconsult.com/trackers/donald-trump-congress-policy-republicans-polling,12/22/2025,09:00:48 20 Aug 2026,8/20/2026,,,900973,9009732,20aug2026
All polls,Morning Consult,,12/15/2025,12/21/2025,20240, RV,0.1212738,0,,44.63,42.35,2.280003,46.67999,42.0759,4.604088,https://pro.morningconsult.com/trackers/2026-midterm-election-generic-ballot-polls,12/22/2025,09:00:48 20 Aug 2026,8/20/2026,,,900974,9009741,20aug2026
All polls,AtlasIntel,,12/15/2025,12/19/2025,2315, A,1.342132,0,,54.4,38.4,16,51.16029,39.13784,12.02245,https://www.atlasintel.org/poll/usa-national-2025-12-19,12/19/2025,09:00:48 20 Aug 2026,8/20/2026,,,900964,9009642,20aug2026
All polls,McLaughlin & Associates,,12/12/2025,12/19/2025,1000, LV,0.3829303,0,,46,45,1,47.66813,43.27405,4.394077,https://mclaughlinonline.com/2025/12/23/national-monthly-december-2025/,12/26/2025,09:00:48 20 Aug 2026,8/20/2026,,,900979,9009791,20aug2026
All polls,Fabrizio Ward,Building Americaâs Future,12/15/2025,12/17/2025,1000, RV,1.071721,0,,45,38,7,46.15043,38.34976,7.800671,https://buildingamericasfuture.com/wp-content/uploads/2025/12/AI-Federal-Preemption-National-Voter-Survey-Memo.pdf,12/22/2025,09:00:48 20 Aug 2026,8/20/2026,,REP,900970,9009701,20aug2026
All polls,Echelon Insights/GBAO,AARP,12/9/2025,12/16/2025,2023, LV,1.053675,0,,47,43,4,47.06082,42.81136,4.249462,https://www.aarp.org/content/dam/aarp/research/topics/work-finances-retirement/financial-security-retirement/shes-the-difference-financial-security-annotated-questionnaire.doi.10.26419-2fres.01033.002.pdf,2/12/2026,09:00:48 20 Aug 2026,8/20/2026,,,901102,9011022,20aug2026
All polls,McLaughlin & Associates,,12/11/2024,12/16/2024,1000, LV,0.474803,0,,42,47,-5,43.66813,45.27405,-1.605923,https://mclaughlinonline.com/2024/12/18/ma-poll-national-monthly-december-2024/,12/16/2024,09:00:48 20 Aug 2026,8/20/2026,,,89445,217185,20aug2026
All polls,Quinnipiac University,,12/11/2025,12/15/2025,1035, RV,0.9742082,0,,47,43,4,46.11136,43.58452,2.52684,https://poll.qu.edu/poll-release?releaseid=3943,12/17/2025,09:00:48 20 Aug 2026,8/20/2026,,,900955,9009552,20aug2026
All polls,Echelon Insights,,12/11/2025,12/15/2025,1011, LV,0.9524329,0,,48,45,3,46.89309,42.60273,4.290359,https://echelonin.wpenginepowered.com/wp-content/uploads/December-2025-Omnibus-Topline-External.pdf,12/16/2025,09:00:48 20 Aug 2026,8/20/2026,,,900948,9009482,20aug2026
All polls,Ipsos,Reuters,12/12/2025,12/15/2025,775, RV,0.2902109,0,,40,36,4,44.98467,39.43001,5.554657,https://www.reuters.com/data/which-party-do-americans-want-run-congress-2025-11-05/,12/16/2025,09:00:48 20 Aug 2026,8/20/2026,,,900951,9009512,20aug2026
All polls,Morning Consult,,12/12/2025,12/15/2025,2201, RV,0.04965,0,,45,44,1,47.04999,43.7259,3.324093,https://pro.morningconsult.com/trackers/donald-trump-congress-policy-republicans-polling,12/15/2025,09:00:48 20 Aug 2026,8/20/2026,,,900945,908321,20aug2026
All polls,Emerson College,,12/14/2025,12/15/2025,1000, RV,0.8940574,0,,43.5,41.7,1.799999,43.52972,42.47797,1.05175,https://emersoncollegepolling.com/december-2025-national-poll-trumps-approval-flips-since-start-of-the-year/,12/18/2025,09:00:48 20 Aug 2026,8/20/2026,,,900960,9009602,20aug2026
All polls,YouGov,Economist,12/12/2025,12/15/2025,1453, RV,0.1937343,0,,43,39,4,45.46714,40.70424,4.762901,https://d3nkl3psvxxpe9.cloudfront.net/documents/econTabReport_FJyfDu9.pdf,12/16/2025,09:00:48 20 Aug 2026,8/20/2026,,,900947,9009474,20aug2026
All polls,Ipsos,Reuters,12/13/2024,12/15/2024,890, RV,0.7307567,0,,41,37,4,45.98467,40.43001,5.554657,https://www.reuters.com/data/which-party-do-americans-want-run-congress-2025-11-05/,12/15/2025,09:00:48 20 Aug 2026,8/20/2026,,,90831,908301,20aug2026
All polls,Morning Consult,,12/8/2025,12/14/2025,19954, RV,0.1189745,0,,44.19,42.53,1.66,46.23999,42.2559,3.984089,https://pro.morningconsult.com/trackers/2026-midterm-election-generic-ballot-polls,12/16/2025,09:00:48 20 Aug 2026,8/20/2026,,,900952,9009521,20aug2026
All polls,Clarity Campaign Labs,,12/4/2025,12/11/2025,1000, RV,0.7103853,0,,49,44,5,47.60588,43.07194,4.533939,https://www.claritycampaigns.com/clarity-omnibus-dec-2025,12/16/2025,09:00:48 20 Aug 2026,8/20/2026,,,900949,9009492,20aug2026
All polls,The Argument/Verasight,,12/5/2025,12/11/2025,1521, RV,0.7103798,0,,50.6,49.4,1.199997,47.42364,46.14901,1.274632,https://www.theargumentmag.com/p/have-democrats-lost-their-education,12/16/2025,09:00:48 20 Aug 2026,8/20/2026,,,900950,9009502,20aug2026
All polls,Cygnal,,12/9/2024,12/11/2024,1500, LV,1.407075,0,,44.6,48.4,-3.800003,43.67975,46.6335,-2.953751,https://www.cygn.al/poll-musk-most-effective-trump-surrogate-as-voters-rally-behind-doge-deportations-and-congressional-republicans/,12/11/2024,09:00:48 20 Aug 2026,8/20/2026,,,89437,217076,20aug2026
All polls,Change Research,,12/5/2025,12/10/2025,1520, RV,0.4784936,0,,43,43,0,44.46621,43.59313,0.8730812,https://portal.changeresearch.com/portal/projects/462322ed-5e5a-43bd-b4ff-43acb1d433e2,5/5/2026,09:00:48 20 Aug 2026,8/20/2026,,,901425,9014252,20aug2026
All polls,YouGov,Economist,11/28/2025,12/1/2025,1456, RV,0.1902269,0,,45,39,6,47.46714,40.70424,6.762901,https://d3nkl3psvxxpe9.cloudfront.net/documents/econTabReport_szm0BQt.pdf,12/2/2025,09:00:48 20 Aug 2026,8/20/2026,,,900913,908002,20aug2026
All polls,Morning Consult,,11/7/2025,11/9/2025,2201, RV,0.0458544,0,,48,43,5,50.04999,42.7259,7.324093,https://pro.morningconsult.com/trackers/donald-trump-congress-policy-republicans-polling,11/12/2025,09:00:48 20 Aug 2026,8/20/2026,,,900862,907701,20aug2026
All polls,Morning Consult,,11/3/2025,11/9/2025,21394, RV,0.1134572,0,,43.83,42.3,1.530003,45.87999,42.0259,3.854088,https://pro.morningconsult.com/trackers/2026-midterm-election-generic-ballot-polls,12/15/2025,09:00:48 20 Aug 2026,8/20/2026,,,90874,908731,20aug2026
All polls,Cygnal,,11/5/2025,11/6/2025,1500, LV,1.198579,0,,50,44,6,49.07975,42.23349,6.84626,https://www.cygn.al/poll-voters-say-less-socialism-more-stabilityeconomic-concerns-surge-heading-into-2026/,11/14/2025,09:00:48 20 Aug 2026,8/20/2026,,,90781,907811,20aug2026
All polls,Emerson College,,11/3/2025,11/4/2025,1000, RV,0.9000256,0,,43.5,40.1,3.400002,43.52972,40.87797,2.651749,https://emersoncollegepolling.com/november-2025-national-poll/,11/12/2025,09:00:48 20 Aug 2026,8/20/2026,,,900856,907691,20aug2026
All polls,Morning Consult,,11/24/2025,11/30/2025,21658, RV,0.1190034,0,,44,42.42,1.580002,46.04999,42.1459,3.904091,https://pro.morningconsult.com/trackers/2026-midterm-election-generic-ballot-polls,12/15/2025,09:00:48 20 Aug 2026,8/20/2026,,,90877,908761,20aug2026
All polls,Morning Consult,,11/26/2025,11/30/2025,2200, RV,0.0478408,0,,45,41,4,47.04999,40.7259,6.324093,https://pro.morningconsult.com/trackers/donald-trump-congress-policy-republicans-polling,12/2/2025,09:00:48 20 Aug 2026,8/20/2026,,,900911,907991,20aug2026
All polls,YouGov,The Economist,10/31/2025,11/3/2025,1470, RV,0.1846349,0,,44,41,3,46.46714,42.70424,3.762901,https://d3nkl3psvxxpe9.cloudfront.net/documents/econTabReport_5RO6eos.pdf,11/12/2025,09:00:48 20 Aug 2026,8/20/2026,,,90768,907682,20aug2026
All polls,GBAO,Third Way,11/19/2025,11/26/2025,2000, RV,1.12634,0,,48,42,6,47.80481,42.44413,5.36068,https://uploads.thirdway.org/downloads/food-medicine-fuel-for-a-wave/Third-WayGBAO-National-Framing-Survey-Toplines-November-2025.pdf,12/26/2025,09:00:48 20 Aug 2026,8/20/2026,,,900980,9009802,20aug2026
All polls,J.L. Partners,DailyMail.com,11/19/2025,11/25/2025,797, LV,0.9288057,0,,50,46,4,50.0768,47.12804,2.948761,https://jlpartners.com/nov25-rv,12/6/2025,09:00:48 20 Aug 2026,8/20/2026,,,90806,908061,20aug2026
All polls,The Bullfinch Group,,11/21/2025,11/25/2025,1000, RV,0.6282905,0,,41,35,6,43.55321,38.68874,4.864471,https://www.thebullfinchgroup.com/post/public-release-of-bullfinch-q4-nationwide-survey-3,12/2/2025,09:00:48 20 Aug 2026,8/20/2026,,,900910,907982,20aug2026
All polls,McLaughlin & Associates,,11/17/2025,11/24/2025,1000, LV,0.3746423,0,,45,44,1,46.66813,42.27405,4.394077,https://mclaughlinonline.com/pols/wp-content/uploads/2025/11/National-November-Presentation-RELEASE-11-25-25-1.pdf,11/28/2025,09:00:48 20 Aug 2026,8/20/2026,,,90797,907971,20aug2026
All polls,YouGov,Economist,11/21/2025,11/24/2025,1511, RV,0.1909047,0,,44,39,5,46.46714,40.70424,5.762901,https://d3nkl3psvxxpe9.cloudfront.net/documents/econTabReport_uZaQqtv.pdf,11/25/2025,09:00:48 20 Aug 2026,8/20/2026,,,900900,907942,20aug2026
All polls,YouGov,Yahoo News,11/20/2025,11/24/2025,1131, RV,0.1699167,0,,43,40,3,45.46714,41.70424,3.762901,"https://www.scribd.com/document/955905163/Yahoo-YouGov-Politics-Poll-November-2025#content=query:election,pageNum:2,indexOnPage:0,bestMatch:false",11/28/2025,09:00:48 20 Aug 2026,8/20/2026,,,900905,907961,20aug2026
All polls,Morning Consult,,11/21/2025,11/23/2025,2200, RV,0.0471044,0,,45,43,2,47.04999,42.7259,4.324093,https://pro.morningconsult.com/trackers/donald-trump-congress-policy-republicans-polling,11/25/2025,09:00:48 20 Aug 2026,8/20/2026,,,900898,907921,20aug2026
All polls,Rasmussen Reports,,11/18/2025,11/23/2025,2410, LV,1.250664,0,,45,42,3,46.12253,41.90862,4.213913,https://www.rasmussenreports.com/public_content/politics/mood_of_america/generic_congressional_ballot_dec03,12/3/2025,09:00:48 20 Aug 2026,8/20/2026,,REP,90801,908011,20aug2026
All polls,Morning Consult,,11/17/2025,11/23/2025,19675, RV,0.112463,0,,43.7,42.11,1.59,45.74999,41.8359,3.914089,https://pro.morningconsult.com/trackers/2026-midterm-election-generic-ballot-polls,12/15/2025,09:00:48 20 Aug 2026,8/20/2026,,,90876,908751,20aug2026
All polls,Morning Consult,,10/31/2025,11/2/2025,2202, RV,0.0456111,0,,45,42,3,47.04999,41.7259,5.324093,https://pro.morningconsult.com/trackers/donald-trump-congress-policy-republicans-polling,11/12/2025,09:00:48 20 Aug 2026,8/20/2026,,,900848,907671,20aug2026
All polls,Morning Consult,,10/27/2025,11/2/2025,22207, RV,0.114909,0,,43.25,42.9,0.3499985,45.29999,42.6259,2.674091,https://pro.morningconsult.com/trackers/2026-midterm-election-generic-ballot-polls,12/15/2025,09:00:48 20 Aug 2026,8/20/2026,,,90873,908721,20aug2026
All polls,The Winston Group,Winning the Issues,11/15/2025,11/17/2025,1000, RV,0.8928603,0,,47,42,5,47.17833,41.8335,5.34483,https://www.winningtheissues.org/2025/12/31/2025-winning-the-issues-research/,2/27/2026,09:00:48 20 Aug 2026,8/20/2026,,REP,901149,9011492,20aug2026
All polls,YouGov,Economist,11/15/2025,11/17/2025,1382, RV,0.1835257,0,,43,40,3,45.46714,41.70424,3.762901,https://d3nkl3psvxxpe9.cloudfront.net/documents/econTabReport_Hb6uOe2.pdf,11/18/2025,09:00:48 20 Aug 2026,8/20/2026,,,900879,907832,20aug2026
All polls,The Argument/Verasight,,11/10/2025,11/17/2025,1508, RV,0.6865417,0,,53,47,6,49.82364,43.749,6.074638,https://www.theargumentmag.com/p/2026-is-looking-terrible-for-republicans#footnote-1-179372962,11/19/2025,09:00:48 20 Aug 2026,8/20/2026,,,900888,907881,20aug2026
All polls,Echelon Insights,,11/13/2025,11/17/2025,1051, LV,0.9378861,0,,49,45,4,47.89309,42.60273,5.290359,https://echelonin.wpenginepowered.com/wp-content/uploads/November-2025-Voter-Omnibus-Topline-External.pdf,11/18/2025,09:00:48 20 Aug 2026,8/20/2026,,,900880,907841,20aug2026
All polls,Ipsos,Reuters,11/14/2025,11/17/2025,818, RV,0.2625837,0,,40,39,1,44.98467,42.43001,2.554657,https://www.reuters.com/data/which-party-do-americans-want-run-congress-2025-11-05/,12/15/2025,09:00:48 20 Aug 2026,8/20/2026,,,900883,908141,20aug2026
All polls,Morning Consult,,11/14/2025,11/16/2025,2201, RV,0.0463744,0,,46,44,2,48.04999,43.7259,4.324093,https://pro.morningconsult.com/trackers/donald-trump-congress-policy-republicans-polling,11/17/2025,09:00:48 20 Aug 2026,8/20/2026,,,900877,907821,20aug2026
All polls,Morning Consult,,11/10/2025,11/16/2025,21313, RV,0.1144317,0,,43.93,42.52,1.41,45.97999,42.2459,3.734089,https://pro.morningconsult.com/trackers/2026-midterm-election-generic-ballot-polls,12/15/2025,09:00:48 20 Aug 2026,8/20/2026,,,90875,908741,20aug2026
All polls,High Point University Survey Research Center,,11/10/2025,11/14/2025,837, RV,0.8533396,0,,48,39,9,47.77016,39.7598,8.010361,https://www.highpoint.edu/src/files/2023/08/HPUPoll-115-and-116-Registered-Voters.pdf,12/15/2025,09:00:48 20 Aug 2026,8/20/2026,,,900901,908101,20aug2026
All polls,Verasight,Strength in Numbers,11/12/2025,11/14/2025,860, LV,0.5305996,0,,49,45,4,47.1696,45.07953,2.090073,https://www.gelliottmorris.com/p/new-poll-democrats-lead-the-2026,11/18/2025,09:00:48 20 Aug 2026,8/20/2026,,,900881,907853,20aug2026
All polls,Marist University,NPR | PBS News,11/10/2025,11/13/2025,1291, RV,1.208359,0,,55,41,14,52.4416,40.92237,11.51923,https://maristpoll.marist.edu/polls/a-look-to-the-2026-midterms-november-2025/,11/19/2025,09:00:48 20 Aug 2026,8/20/2026,,,900884,907861,20aug2026
All polls,Ipsos,Reuters,11/7/2025,11/12/2025,938, RV,0.2738039,0,,38,36,2,42.98467,39.43001,3.554657,https://www.reuters.com/data/which-party-do-americans-want-run-congress-2025-11-05/,12/15/2025,09:00:48 20 Aug 2026,8/20/2026,,,900870,908151,20aug2026
All polls,Marquette University Law School,,11/5/2025,11/12/2025,602, LV,1.258381,0,,53,44,9,50.7192,42.33179,8.387409,https://law.marquette.edu/poll/2025/11/18/detailed-results-of-the-marquette-law-school-supreme-court-poll-nov-5-12-2025-national-issues/,11/19/2025,09:00:48 20 Aug 2026,8/20/2026,,,900885,907873,20aug2026
All polls,Yale University Institution for Social and Policy Studies,,10/29/2025,11/11/2025,3426, RV,1.031361,0,,45,43,2,45.96399,42.98785,2.976139,https://youthpoll.yale.edu/fall-2025-results,12/15/2025,09:00:48 20 Aug 2026,8/20/2026,,,900924,908091,20aug2026
All polls,Survey160,,11/6/2025,11/10/2025,1513, RV,0.8171551,0,,46,39,7,46.20734,41.1438,5.063541,https://www.survey160.com/methodological-research-blog/survey-160-tracking-poll-november-2025-update,12/5/2025,09:00:48 20 Aug 2026,8/20/2026,,,900920,908051,20aug2026
All polls,YouGov Blue,,11/7/2025,11/10/2025,517, RV,0.6907277,0,,48,45,3,47.79108,44.51114,3.279942,https://www.the-downballot.com/p/new-poll-shows-democrats-best-path,11/13/2025,09:00:48 20 Aug 2026,8/20/2026,,,90776,907761,20aug2026
All polls,YouGov,The Economist,11/7/2025,11/10/2025,1499, RV,0.1879188,0,,46,39,7,48.46714,40.70424,7.762901,https://d3nkl3psvxxpe9.cloudfront.net/documents/econTabReport_EAdEA3C.pdf,11/12/2025,09:00:48 20 Aug 2026,8/20/2026,,,90771,907712,20aug2026
All polls,Change Research,,11/6/2025,11/10/2025,1572, RV,0.489607,0,,47,43,4,48.46621,43.59313,4.873081,https://portal.changeresearch.com/portal/projects/f8ad986a-d2e5-4fb6-a21f-63b6b92c2998,5/5/2026,09:00:48 20 Aug 2026,8/20/2026,,,901424,9014242,20aug2026
All polls,Cygnal,,10/7/2025,10/8/2025,1500, LV,1.223237,0,,47.5,45.3,2.200001,46.57975,43.53349,3.046261,https://www.cygn.al/poll-42-of-liberals-approve-of-law-breaking-in-response-to-disagreeing-with-a-government-action/,11/12/2025,09:00:48 20 Aug 2026,8/20/2026,,,90748,907481,20aug2026
All polls,Ipsos,Reuters,10/3/2025,10/7/2025,864, RV,0.2843603,0,,41,38,3,45.98467,41.43001,4.554657,https://www.reuters.com/data/which-party-do-americans-want-run-congress-2025-11-05/,12/15/2025,09:00:48 20 Aug 2026,8/20/2026,,,900784,908181,20aug2026
All polls,YouGov,The Economist,10/4/2025,10/6/2025,1490, RV,0.1848564,0,,44,39,5,46.46714,40.70424,5.762901,https://today.yougov.com/politics/articles/53131-government-shutdown-2026-congressional-election-donald-trump-job-approval-the-economy-october-4-6-2025-economist-yougov-poll,10/6/2025,09:00:48 20 Aug 2026,8/20/2026,,,90747,223055,20aug2026
All polls,Noble Predictive Insights,Center Square,10/2/2025,10/6/2025,2565, RV,1.454739,0,,45,43,2,45.90419,43.0006,2.903591,https://www.thecentersquare.com/image_f6c02a7b-df0a-426c-b38e-7825e2b1cec6.html,11/13/2025,09:00:48 20 Aug 2026,8/20/2026,,,900793,907731,20aug2026
All polls,Change Research,,9/28/2025,10/6/2025,1596, RV,0.506948,0,,46,42,4,47.46621,42.59313,4.873081,https://portal.changeresearch.com/portal/projects/0326caf4-1de0-4774-8b12-23385ba6d752,5/5/2026,09:00:48 20 Aug 2026,8/20/2026,,,901423,9014232,20aug2026
All polls,Morning Consult,,9/29/2025,10/5/2025,21493, RV,0.1180328,0,,43.89,43.29,0.5999985,45.93999,43.0159,2.924091,https://pro.morningconsult.com/trackers/2026-midterm-election-generic-ballot-polls,12/15/2025,09:00:48 20 Aug 2026,8/20/2026,,,90869,908681,20aug2026
All polls,Morning Consult,,10/3/2025,10/5/2025,2200, RV,0.0471801,0,,46,43,3,48.04999,42.7259,5.324093,https://pro.morningconsult.com/analysis/government-shutdown-polling-october-2025,10/5/2025,09:00:48 20 Aug 2026,8/20/2026,,,900777,223046,20aug2026
All polls,CNN/SSRS,,10/27/2025,10/30/2025,954, RV,0.634336,0,,47,42,5,46.82375,41.79783,5.025921,https://s3.documentcloud.org/documents/26211915/cnn-poll-trump-midterms-east-wing-parties.pdf,11/13/2025,09:00:48 20 Aug 2026,8/20/2026,,,900846,907751,20aug2026
All polls,RMG Research,Napolitan Institute,10/27/2025,10/30/2025,2000, RV,0.6892818,0,,42,43,-1,42.6022,40.61341,1.988789,https://napolitannews.org/posts/generic-ballot-gop-43-percent-dem-42,11/12/2025,09:00:48 20 Aug 2026,8/20/2026,,,90766,907661,20aug2026
All polls,Verasight,Strength In Numbers,10/24/2025,10/29/2025,1352, RV,0.5022969,0,,49,41,8,47.1696,41.07953,6.090073,https://www.gelliottmorris.com/p/new-poll-voters-want-democrats-to,11/12/2025,09:00:48 20 Aug 2026,8/20/2026,,,90765,9076511,20aug2026
All polls,NewsNation,,10/27/2025,10/29/2025,1158, LV,1.02405,0,,47,47,0,47.05062,46.70491,0.3457108,https://www.newsnationnow.com/polls/full-poll-results-newsnation-national-survey-trump/,11/12/2025,09:00:48 20 Aug 2026,8/20/2026,,,900843,907642,20aug2026
All polls,Hart Research Associates/Public Opinion Strategies,NBC News,10/24/2025,10/28/2025,1000, RV,0.9381177,0,,50,42,8,48.67974,40.41449,8.265251,https://pos.org/wp-content/uploads/2025/11/NBC-News-October-2025-Poll-11-02-2025-Release.pdf,11/22/2025,09:00:48 20 Aug 2026,8/20/2026,,,900841,907911,20aug2026
All polls,Ipsos,The Washington Post | ABC News,10/24/2025,10/28/2025,2203, RV,0.3755651,0,,46,44,2,50.98467,47.43001,3.554657,https://www.washingtonpost.com/documents/1d305cca-df33-44a8-ba8d-c98790a67f99.pdf?itid=lk_inline_manual_4,11/12/2025,09:00:48 20 Aug 2026,8/20/2026,,,900842,907632,20aug2026
All polls,YouGov,Yahoo News,10/23/2025,10/27/2025,1197, RV,0.1681205,0,,45,40,5,47.46714,41.70424,5.762901,https://www.scribd.com/document/940273112/Yahoo-YouGov-Shutdown-Poll-October-2025,11/12/2025,09:00:48 20 Aug 2026,8/20/2026,,,900830,907612,20aug2026
All polls,YouGov,The Economist,10/24/2025,10/27/2025,1472, RV,0.1827361,0,,43,40,3,45.46714,41.70424,3.762901,https://d3nkl3psvxxpe9.cloudfront.net/documents/econTabReport_0AkNOQp.pdf,11/12/2025,09:00:48 20 Aug 2026,8/20/2026,,,90762,907622,20aug2026
All polls,McLaughlin & Associates,,10/21/2025,10/27/2025,1000, RV,0.3166469,0,,44,46,-2,45.66813,44.27405,1.394077,https://mclaughlinonline.com/pols/wp-content/uploads/2025/10/National-October-Presentation-RELEASE.pdf,11/12/2025,09:00:48 20 Aug 2026,8/20/2026,,,90760,907601,20aug2026
All polls,Manhattan Institute,,10/15/2025,10/26/2025,500, RV,0.6818506,0,,47,44,3,47.17141,43.53363,3.637779,https://manhattan.institute/article/the-new-gop-survey-analysis-of-americans-overall-todays-republican-coalition-and-the-minorities-of-maga,12/4/2025,09:00:48 20 Aug 2026,8/20/2026,,,90803,908031,20aug2026
All polls,The Winston Group,Winning the Issues,10/15/2025,10/26/2025,1000, RV,0.8905156,0,,47,43,4,47.17833,42.8335,4.34483,https://www.winningtheissues.org/2025/12/31/2025-winning-the-issues-research/,2/27/2026,09:00:48 20 Aug 2026,8/20/2026,,REP,901148,9011482,20aug2026
All polls,Ipsos,Reuters,10/24/2025,10/26/2025,805, RV,0.249689,0,,41,40,1,45.98467,43.43001,2.554657,https://www.reuters.com/data/which-party-do-americans-want-run-congress-2025-11-05/,12/15/2025,09:00:48 20 Aug 2026,8/20/2026,,,900831,908161,20aug2026
All polls,Morning Consult,,10/24/2025,10/26/2025,2202, RV,0.0457987,0,,45,42,3,47.04999,41.7259,5.324093,https://pro.morningconsult.com/trackers/donald-trump-congress-policy-republicans-polling,11/12/2025,09:00:48 20 Aug 2026,8/20/2026,,,900826,907591,20aug2026
All polls,Morning Consult,,10/20/2025,10/26/2025,21290, RV,0.1135442,0,,43.71,41.77,1.939999,45.75999,41.4959,4.264091,https://pro.morningconsult.com/trackers/2026-midterm-election-generic-ballot-polls,12/15/2025,09:00:48 20 Aug 2026,8/20/2026,,,90872,908711,20aug2026
All polls,Clarity Campaign Labs,,10/16/2025,10/23/2025,1047, RV,0.7168939,0,,47,46,1,45.60588,45.07194,0.5339394,https://www.claritycampaigns.com/clarity-omnibus-oct-2025,11/12/2025,09:00:48 20 Aug 2026,8/20/2026,,,900836,907581,20aug2026
All polls,YouGov,The Economist,10/17/2025,10/20/2025,1447, RV,0.1808608,0,,45,40,5,47.46714,41.70424,5.762901,https://d3nkl3psvxxpe9.cloudfront.net/documents/econTabReport_yAo1neA.pdf,11/12/2025,09:00:48 20 Aug 2026,8/20/2026,,,90757,907572,20aug2026
All polls,YouGov,University of Massachusetts Lowell,10/16/2025,10/20/2025,1000, A,0.1274014,0,,38,35,3,40.46714,36.70424,3.762901,https://www.uml.edu/docs/2025-National-Oct-Highlights_tcm18-411272.pdf,11/12/2025,09:00:48 20 Aug 2026,8/20/2026,,,900834,907551,20aug2026
All polls,Echelon Insights,,10/16/2025,10/20/2025,1010, LV,0.8942636,0,,47,46,1,45.89309,43.60273,2.290359,https://echeloninsights.com/in-the-news/october-2025-verified-voter-omnibus-2/,11/12/2025,09:00:48 20 Aug 2026,8/20/2026,,,900810,907561,20aug2026
All polls,Ipsos,Reuters,10/15/2025,10/20/2025,3439, RV,0.4612963,0,,39,39,0,43.98467,42.43001,1.554657,https://www.reuters.com/data/which-party-do-americans-want-run-congress-2025-11-05/,12/15/2025,09:00:48 20 Aug 2026,8/20/2026,,,900812,908171,20aug2026
All polls,Quinnipiac University,,10/16/2025,10/20/2025,1327, RV,1.088786,0,,50,41,9,49.11136,41.58452,7.52684,https://poll.qu.edu/poll-release?releaseid=3938,11/22/2025,09:00:48 20 Aug 2026,8/20/2026,,,900817,907891,20aug2026
All polls,Morning Consult,,10/17/2025,10/19/2025,2200, RV,0.0460138,0,,46,43,3,48.04999,42.7259,5.324093,https://pro.morningconsult.com/trackers/donald-trump-congress-policy-republicans-polling,11/12/2025,09:00:48 20 Aug 2026,8/20/2026,,,900806,907541,20aug2026
All polls,Morning Consult,,10/13/2025,10/19/2025,21829, RV,0.1152657,0,,44.49,42.4,2.09,46.53999,42.1259,4.414089,https://pro.morningconsult.com/trackers/2026-midterm-election-generic-ballot-polls,12/15/2025,09:00:48 20 Aug 2026,8/20/2026,,,90871,908701,20aug2026
All polls,The Argument/Verasight,,10/10/2025,10/16/2025,1530, RV,0.7132258,0,,44,43,1,40.82364,39.749,1.074638,https://www.theargumentmag.com/p/the-immigration-problem-is-a-crime,11/12/2025,09:00:48 20 Aug 2026,8/20/2026,,,90753,907531,20aug2026
All polls,J.L. Partners,DailyMail.com,10/14/2025,10/15/2025,1005, RV,0.8367792,0,,43,37,6,43.0768,38.12804,4.948761,https://jlpartners.com/trump-tracker-october-2025,11/12/2025,09:00:48 20 Aug 2026,8/20/2026,,,90752,907521,20aug2026
All polls,Emerson College,,10/13/2025,10/14/2025,1000, RV,0.9134874,0,,43.9,42.5,1.400002,43.92972,43.27797,0.6517525,https://emersoncollegepolling.com/october-2025-poll/,11/12/2025,09:00:48 20 Aug 2026,8/20/2026,,,900800,907511,20aug2026
All polls,YouGov,The Economist,10/10/2025,10/13/2025,1466, RV,0.1825656,0,,43,40,3,45.46714,41.70424,3.762901,https://d3nkl3psvxxpe9.cloudfront.net/documents/econTabReport_GAAzhe0.pdf,11/12/2025,09:00:48 20 Aug 2026,8/20/2026,,,90750,907502,20aug2026
All polls,Hart Research Associates/Public Opinion Strategies,CNBC,10/8/2025,10/12/2025,800, RV,0.8672947,0,,48,47,1,46.67974,45.41449,1.265251,https://fm.cnbc.com/applications/cnbc.com/resources/editorialfiles/2025/10/17/CNBC_All-America_Economic_Survey_Q3_2025.pdf,11/22/2025,09:00:48 20 Aug 2026,8/20/2026,,,900802,907901,20aug2026
All polls,Morning Consult,,10/6/2025,10/12/2025,21246, RV,0.1148738,0,,44.39,42.71,1.68,46.43999,42.4359,4.004089,https://pro.morningconsult.com/trackers/2026-midterm-election-generic-ballot-polls,12/15/2025,09:00:48 20 Aug 2026,8/20/2026,,,90870,908691,20aug2026
All polls,Morning Consult,,10/10/2025,10/12/2025,2202, RV,0.0463439,0,,46,43,3,48.04999,42.7259,5.324093,https://pro.morningconsult.com/trackers/donald-trump-congress-policy-republicans-polling,11/12/2025,09:00:48 20 Aug 2026,8/20/2026,,,900790,907491,20aug2026
All polls,RMG Research,Napolitan News Service,1/5/2026,1/8/2026,2000, RV,0.6722823,0,,47,46,1,47.6022,43.61341,3.988789,https://napolitannews.org/posts/generic-ballot-gop-43-percent-dem-44,1/12/2026,09:00:48 20 Aug 2026,8/20/2026,,,901006,9010061,20aug2026
All polls,Cygnal,,1/7/2026,1/8/2026,1500, LV,1.095173,0,,48.2,44.6,3.600002,47.27975,42.83349,4.446262,https://www.cygn.al/polls/january-2026-national-voter-trends-nvt-poll/,1/15/2026,09:00:48 20 Aug 2026,8/20/2026,,,901019,9010192,20aug2026
All polls,YouGov,Economist,1/2/2026,1/5/2026,1389, RV,0.1850905,0,,45,39,6,47.46714,40.70424,6.762901,https://d3nkl3psvxxpe9.cloudfront.net/documents/econTabReport_aY8mpiN.pdf,1/6/2026,09:00:48 20 Aug 2026,8/20/2026,,,900996,9009964,20aug2026
All polls,Morning Consult,,12/29/2025,1/4/2026,22709, A,0.1075335,0,,44,42,2,46.04999,41.7259,4.324093,https://pro.morningconsult.com/trackers/2026-midterm-election-generic-ballot-polls,1/5/2026,09:00:48 20 Aug 2026,8/20/2026,,,900993,9009931,20aug2026
All polls,Morning Consult,,1/2/2026,1/4/2026,2201, RV,0.050353,0,,45,42,3,47.04999,41.7259,5.324093,https://pro.morningconsult.com/trackers/donald-trump-congress-policy-republicans-polling,1/6/2026,09:00:48 20 Aug 2026,8/20/2026,,,900995,9009952,20aug2026
All polls,Public Policy Polling,,1/29/2026,1/30/2026,652, RV,0.7478946,0,,48,41,7,47.56472,41.24672,6.318001,https://e1.nmcdn.io/assets/ppp/wp-content/uploads/2026/01/January2026NationalSurvey.pdf,2/1/2026,09:00:48 20 Aug 2026,8/20/2026,,,901066,9010662,20aug2026
All polls,TIPP Insights,Issues & Insights,1/27/2026,1/29/2026,1126, RV,1.191634,0,,45,42,3,46.00791,41.85936,4.148552,https://issuesinsights.com/2026/02/16/who-leads-in-2028-presidential-race-and-in-2026-midterm-elections-ii-tipp-poll/,2/16/2026,09:00:48 20 Aug 2026,8/20/2026,,,901111,9011111,20aug2026
All polls,HarrisX,Harvard CAPS,1/28/2026,1/29/2026,1508, LV,0.6952086,0,,49.5,46,3.5,48.17393,42.33809,5.835842,https://harvardharrispoll.com/key-results-january-6/,2/2/2026,09:00:48 20 Aug 2026,8/20/2026,*,,901071,9010715,20aug2026
All polls,Marquette University Law School,,1/21/2026,1/28/2026,577, LV,1.209028,0,,52,45,7,49.7192,43.33179,6.387409,https://law.marquette.edu/poll/2026/02/04/detailed-results-of-the-marquette-law-school-supreme-court-poll-jan-21-28-2025-national-issues/,2/4/2026,09:00:48 20 Aug 2026,8/20/2026,,,901078,9010785,20aug2026
All polls,Cygnal,,1/27/2026,1/28/2026,1004, LV,0.8921397,0,,48,44,4,47.07975,42.23349,4.84626,https://www.cygn.al/wp-content/uploads/2026/02/Cygnal-Deportation-Poll-Data.pdf,2/2/2026,09:00:48 20 Aug 2026,8/20/2026,,,901070,9010701,20aug2026
All polls,McLaughlin & Associates,,1/21/2026,1/27/2026,1000, LV,0.3896137,0,,46,44,2,47.66813,42.27405,5.394077,https://mclaughlinonline.com/pols/wp-content/uploads/2026/02/National-January-2026-Presentation-RELEASE-1-1.pdf,2/4/2026,09:00:48 20 Aug 2026,8/20/2026,,,901081,9010811,20aug2026
All polls,The Argument/Verasight,,1/26/2026,1/27/2026,1515, RV,0.6625282,0,,52,48,4,48.82364,44.749,4.074638,https://www.theargumentmag.com/p/immigration-is-turning-into-a-disaster,1/29/2026,09:00:48 20 Aug 2026,8/20/2026,,,901061,9010612,20aug2026
All polls,McLaughlin & Associates,,1/22/2025,1/27/2025,1000, LV,0.2878084,0,,40,48,-8,41.66813,46.27405,-4.605923,https://mclaughlinonline.com/pols/wp-content/uploads/2025/01/National-January-Presentation-RELEASE-01-28-25.pdf,1/27/2025,09:00:48 20 Aug 2026,8/20/2026,,,89530,217902,20aug2026
All polls,Focaldata,,1/23/2026,1/26/2026,1709, LV,0.7486621,0,,50,45,5,49.35191,44.54833,4.803581,https://www.focaldata.com/blog/cost-of-living-fuelling-democrat-strength-in-new-midterms-polling,2/16/2026,09:00:48 20 Aug 2026,8/20/2026,,,901105,9011056,20aug2026
All polls,Echelon Insights,,1/22/2026,1/26/2026,1029, LV,0.9369453,0,,49,44,5,47.89309,41.60273,6.290359,https://echelonin.wpenginepowered.com/wp-content/uploads/January-2026-Voter-Omnibus-Topline.pdf,1/26/2026,09:00:48 20 Aug 2026,8/20/2026,,,901048,9010482,20aug2026
All polls,YouGov,Economist,1/23/2026,1/26/2026,1520, RV,0.1842941,0,,43,38,5,45.46714,39.70424,5.762901,https://d3nkl3psvxxpe9.cloudfront.net/documents/econTabReport_8FWGyNz.pdf,1/27/2026,09:00:48 20 Aug 2026,8/20/2026,,,901051,9010514,20aug2026
All polls,Beacon Research/Shaw & Company Research,FOX News,1/23/2026,1/26/2026,1005, RV,1.134222,0,,52,46,6,50.00914,44.59908,5.410061,https://www.foxnews.com/politics/fox-news-poll-early-look-2026-midterms,1/29/2026,09:00:48 20 Aug 2026,8/20/2026,,,901058,9010582,20aug2026
All polls,Morning Consult,,1/20/2025,1/26/2025,33299, RV,0.2900463,0,,41.86,44.78,-2.919998,43.90999,44.5059,-0.5959129,https://pro.morningconsult.com/trackers/2026-midterm-election-generic-ballot-polls,12/15/2025,09:00:48 20 Aug 2026,8/20/2026,,,90833,908321,20aug2026
All polls,Ipsos,Reuters,1/24/2025,1/26/2025,902, RV,0.6029822,0,,35,37,-2,39.98467,40.43001,-0.445343,https://www.reuters.com/data/which-party-do-americans-want-run-congress-2025-11-05/,12/15/2025,09:00:48 20 Aug 2026,8/20/2026,,,89522,908291,20aug2026
All polls,Morning Consult,,1/23/2026,1/25/2026,2201, RV,0.0490225,0,,45,43,2,47.04999,42.7259,4.324093,https://pro.morningconsult.com/trackers/donald-trump-congress-policy-republicans-polling,1/27/2026,09:00:48 20 Aug 2026,8/20/2026,,,901053,9010532,20aug2026
All polls,Ipsos,Reuters,1/23/2026,1/25/2026,1139, A,0.2794003,0,,41,37,4,45.98467,40.43001,5.554657,https://www.reuters.com/data/trumps-approval-rating-2025-01-21/,1/26/2026,09:00:48 20 Aug 2026,8/20/2026,,,901049,9010492,20aug2026
All polls,Morning Consult,,1/19/2026,1/25/2026,24675, RV,0.1290365,0,,44,43,1,46.04999,42.7259,3.324093,https://pro.morningconsult.com/trackers/2026-midterm-election-generic-ballot-polls,1/28/2026,09:00:48 20 Aug 2026,8/20/2026,,,901059,9010591,20aug2026
All polls,Clarity Campaign Labs,,1/15/2026,1/22/2026,1147, LV,0.9311304,0,,51,42,9,49.60588,41.07194,8.533939,https://www.claritycampaigns.com/clarity-omnibus-jan-2026,1/28/2026,09:00:48 20 Aug 2026,8/20/2026,,,901057,9010572,20aug2026
All polls,Verasight,Strength in Numbers,1/14/2026,1/20/2026,1057, LV,0.5884699,0,,55,42,13,53.1696,42.07953,11.09007,https://www.gelliottmorris.com/p/new-poll-trump-slips-on-immigration,1/21/2026,09:00:48 20 Aug 2026,8/20/2026,,,901037,9010375,20aug2026
All polls,KFF,,1/13/2026,1/20/2026,1141, RV,1.01866,0,,49,42,7,49.62579,43.43887,6.18692,https://www.kff.org/public-opinion/kff-health-tracking-poll-health-care-costs-expiring-aca-tax-credits-and-the-2026-midterms/,1/29/2026,09:00:48 20 Aug 2026,8/20/2026,,,901062,9010621,20aug2026
All polls,Change Research,,1/13/2026,1/19/2026,1348, RV,0.4434077,0,,46,43,3,47.46621,43.59313,3.873081,https://portal.changeresearch.com/portal/projects/45449a2d-6c0e-412f-a3e1-a053b39f12b0,5/5/2026,09:00:48 20 Aug 2026,8/20/2026,,,901426,9014262,20aug2026
All polls,Emerson College,,1/17/2026,1/19/2026,1000, LV,1.054693,0,,48.1,41.7,6.399998,48.12971,42.47797,5.651741,https://emersoncollegepolling.com/january-2026-national-poll/,1/22/2026,09:00:48 20 Aug 2026,8/20/2026,,,901039,9010392,20aug2026
All polls,YouGov,Economist,1/16/2026,1/19/2026,1549, RV,0.188498,0,,43,39,4,45.46714,40.70424,4.762901,https://d3nkl3psvxxpe9.cloudfront.net/documents/econTabReport_z9wtNZI.pdf,1/20/2026,09:00:48 20 Aug 2026,8/20/2026,,,901032,9010324,20aug2026
All polls,Morning Consult,,1/16/2026,1/18/2026,2201, RV,0.0494792,0,,45,43,2,47.04999,42.7259,4.324093,https://pro.morningconsult.com/trackers/donald-trump-congress-policy-republicans-polling,1/20/2026,09:00:48 20 Aug 2026,8/20/2026,,,901029,9010292,20aug2026
All polls,Morning Consult,,1/12/2026,1/18/2026,12505, RV,0.0992815,0,,45,43,2,47.04999,42.7259,4.324093,https://pro.morningconsult.com/trackers/2026-midterm-election-generic-ballot-polls,1/19/2026,09:00:48 20 Aug 2026,8/20/2026,,,901030,9010301,20aug2026
All polls,The New York Times/Siena College,,1/12/2026,1/17/2026,1625, RV,1.442314,0,,48,43,5,47.42581,42.8619,4.563911,https://www.nytimes.com/interactive/2026/01/22/polls/times-siena-national-poll-toplines.html,1/22/2026,09:00:48 20 Aug 2026,8/20/2026,,,901038,9010382,20aug2026
All polls,RMG Research,Napolitan Institute,1/15/2025,1/16/2025,1000, RV,0.7688288,0,,44,51,-7,44.6022,48.61341,-4.011211,https://napolitannews.org/posts/generic-ballot-gop-51-percent-dem-44,1/16/2025,09:00:48 20 Aug 2026,8/20/2026,,,89497,217652,20aug2026
All polls,Research Co.,,1/13/2026,1/15/2026,1002, A,0.8673273,0,,42,36,6,44.49453,38.40499,6.089539,https://researchco.ca/2026/01/26/amendment/,1/26/2026,09:00:48 20 Aug 2026,8/20/2026,,,901047,9010472,20aug2026
All polls,Public Policy Polling,Progress Action Fund (hybrid PAC),1/13/2026,1/14/2026,597, RV,0.7154305,0,,50,42,8,49.00316,42.80828,6.194878,https://drive.google.com/file/d/1iHoieThBdqtE4vH3gDLGzOI334wGWU6_/view,2/3/2026,09:00:48 20 Aug 2026,8/20/2026,,DEM,901074,9010742,20aug2026
All polls,Rasmussen Reports,,1/7/2026,1/14/2026,2273, LV,1.16437,0,,47,41,6,48.12253,40.90862,7.213913,https://www.rasmussenreports.com/public_content/archive/mood_of_america_archive/generic_congressional_ballot/democrats_increase_advantage_in_midterm_forecast,1/19/2026,09:00:48 20 Aug 2026,8/20/2026,,REP,901028,901028,20aug2026
All polls,Impact Research/National Research ,Wall Street Journal,1/8/2026,1/13/2026,1500, RV,0.9126564,0,,47,43,4,47.09704,43.17352,3.923519,https://www.wsj.com/politics/elections/trump-approval-rating-economy-poll-b3a62e57,1/17/2026,09:00:48 20 Aug 2026,8/20/2026,,,901024,9010242,20aug2026
All polls,Ipsos,Reuters,1/12/2026,1/13/2026,941, RV,0.3207052,0,,40,38,2,44.98467,41.43001,3.554657,https://www.reuters.com/data/which-party-do-americans-want-run-congress-2025-11-05/,1/14/2026,09:00:48 20 Aug 2026,8/20/2026,,,901016,9010163,20aug2026
All polls,YouGov,Economist,1/9/2026,1/12/2026,1437, RV,0.1844967,0,,44,40,4,46.46714,41.70424,4.762901,https://d3nkl3psvxxpe9.cloudfront.net/documents/econTabReport_qsNv5iE.pdf,1/13/2026,09:00:48 20 Aug 2026,8/20/2026,,,901009,9010094,20aug2026
All polls,CNN/SSRS,,1/9/2026,1/12/2026,968, RV,0.6471591,0,,46,41,5,45.82375,40.79783,5.025921,https://www.cnn.com/2026/01/18/politics/cnn-poll-democrats-are-deeply-motivated-for-the-midterms-despite-having-dismal-views-of-party-leaders,1/18/2026,09:00:48 20 Aug 2026,8/20/2026,,,901022,9010223,20aug2026
All polls,Morning Consult,,1/9/2026,1/12/2026,2201, RV,0.04991,0,,46,43,3,48.04999,42.7259,5.324093,https://pro.morningconsult.com/trackers/donald-trump-congress-policy-republicans-polling,1/12/2026,09:00:48 20 Aug 2026,8/20/2026,,,901007,9010072,20aug2026
All polls,YouGov,Yahoo News,1/8/2026,1/12/2026,1149, RV,0.169022,0,,45,40,5,47.46714,41.70424,5.762901,https://www.yahoo.com/news/world/article/poll-most-americans-dont-want-the-us-to-be-in-charge-of-venezuela-154611401.html?guccounter=1&guce_referrer=aHR0cHM6Ly9maWZ0eXBsdXNvbmUubmV3cy8&guce_referrer_sig=AQAAADuswAe9tXhPxz19FPFnpXDmszH_5A1WoB4vOY-7U0IjGPU3fLrwbmCyUwF8ynb_I9N0n4Rc39un9yZA5xjnYbwG42YEmutuZQ25dTi16lYuweaJ1AIGD79NFwnTA60flTfUA5IlNW9zxaBJiRd0rgTmTKbyUDqhKc0Wx3s0etNG,1/15/2026,09:00:48 20 Aug 2026,8/20/2026,,,901012,9010123,20aug2026
All polls,The Winston Group,Winning the Issues,1/8/2026,1/12/2026,1000, RV,0.9613449,0,,46,43,3,46.17833,42.8335,3.34483,https://www.winningtheissues.org/2026/01/27/2026-winning-the-issues-research/,2/27/2026,09:00:48 20 Aug 2026,8/20/2026,,REP,901150,9011502,20aug2026
All polls,Cygnal,,1/9/2025,1/12/2025,1500, LV,1.266514,0,,44.6,46.8,-2.200001,43.67975,45.03349,-1.353741,https://www.cygn.al/voters-back-kingmaker-trumps-policies-on-economy-energy-and-health/,1/12/2025,09:00:48 20 Aug 2026,8/20/2026,,,89491,217594,20aug2026
All polls,Morning Consult,,1/5/2026,1/11/2026,17701, RV,0.1150352,0,,45,43,2,47.04999,42.7259,4.324093,https://pro.morningconsult.com/trackers/2026-midterm-election-generic-ballot-polls,1/13/2026,09:00:48 20 Aug 2026,8/20/2026,,,901010,9010101,20aug2026
All polls,The Bullfinch Group,Independent Center,12/30/2025,1/1/2026,1000, RV,0.5845166,0,,44,33,11,46.55321,36.68874,9.864471,https://independentcentervoice.com/insights/2026-tune-in-as-america-approaches-its-250th-voters-declare-the-status-quo-broken-and-demand-new-options,1/2/2026,09:00:48 20 Aug 2026,8/20/2026,,,900988,9009884,20aug2026