subgroup,pollster,sponsors,startdate,enddate,samplesize,population,weight,influence,tracking,dem,rep,net,adjusted_dem,adjusted_rep,adjusted_net,url,createddate,timestamp,modeldate,multiversions,partisan,poll_id,question_id,date
All polls,Cygnal,,8/6/2026,8/7/2026,1500, LV,1.476649,1.281287,,48.8,41.9,6.899998,47.88543,40.13923,7.746201,https://www.cygn.al/wp-content/uploads/2026/08/24265-Cygnal-National-Aug26-NVT-Deck-Public.pdf,8/14/2026,20:00:46 23 Aug 2026,8/23/2026,,,901722,9017221,23aug2026
All polls,Emerson College,,8/16/2026,8/17/2026,1000, LV,1.207191,1.207191,,50.7,43,7.700001,50.62847,43.6647,6.963772,https://emersoncollegepolling.com/august-2026-national-poll/,8/20/2026,20:00:46 23 Aug 2026,8/23/2026,,,901741,9017413,23aug2026
All polls,Echelon Insights,,8/13/2026,8/17/2026,1002, LV,1.14523,1.114346,,50,45,5,48.90072,42.611,6.289719,https://echeloninsights.com/hubfs/_Media%20for%20Insights%20Blog/August%202026%20Voter%20Omnibus%20Topline%20-%20External.pdf,8/19/2026,20:00:46 23 Aug 2026,8/23/2026,,,901737,9017373,23aug2026
All polls,Marquette University Law School,,7/22/2026,7/29/2026,572, LV,1.181704,0.8464735,,51,45,6,48.72601,43.33869,5.387318,https://law.marquette.edu/assets/community/poll/MLSPSC34/MLSPSC34Toplines_NationalItems.html#iran-war-cost,8/7/2026,20:00:46 23 Aug 2026,8/23/2026,,,901706,9017066,23aug2026
All polls,The Argument/Verasight,,7/20/2026,7/26/2026,3000, RV,1.190796,0.7939717,,54,46,8,50.82811,42.75373,8.074379,https://www.theargumentmag.com/p/americans-know-who-the-real-elite,7/29/2026,20:00:46 23 Aug 2026,8/23/2026,,,901684,9016842,23aug2026
All polls,John Zogby Strategies,,8/4/2026,8/5/2026,1000, LV,0.9070156,0.7633244,,50.6,39.6,11,50.38599,39.37563,11.01036,https://johnzogbystrategies.com/lowest-trump-approval-ratings-maga-numbers-spell-major-trouble-for-midterm-prospects/,8/11/2026,20:00:46 23 Aug 2026,8/23/2026,,,901715,9017152,23aug2026
All polls,Focaldata,Financial Times,8/7/2026,8/11/2026,1857, LV,0.8181644,0.7281792,,51,45,6,50.37204,44.56876,5.80328,https://www.focaldata.com/blog/democrats-maintain-lead-three-months-out-from-midterms,8/16/2026,20:00:46 23 Aug 2026,8/23/2026,,,901724,9017246,23aug2026
All polls,Beacon Research/Shaw & Company Research,FOX News,7/17/2026,7/20/2026,1003, RV,1.140426,0.7190655,,53,46,7,51.01369,44.60419,6.4095,https://www.foxnews.com/politics/fox-news-poll-voters-want-major-change-amid-economic-political-discontent,7/23/2026,20:00:46 23 Aug 2026,8/23/2026,,,901663,9016632,23aug2026
All polls,The Bullfinch Group,,8/14/2026,8/17/2026,1000, RV,0.709769,0.7003249,,42,37,5,44.57444,40.70582,3.868622,https://www.thebullfinchgroup.com/post/public-release-of-bullfinch-q3-nationwide-survey-4,8/19/2026,20:00:46 23 Aug 2026,8/23/2026,,,901736,9017366,23aug2026
All polls,Pew Research Center,,7/6/2026,7/12/2026,2779, RV,1.36022,0.6919864,,43,37,6,44.41823,38.31228,6.105949,https://www.pewresearch.org/politics/2026/07/23/as-the-2026-midterms-approach-economy-is-front-and-center/,7/23/2026,20:00:46 23 Aug 2026,8/23/2026,,,901668,9016683,23aug2026
All polls,Emerson College,,7/19/2026,7/20/2026,1000, LV,1.094869,0.6842743,,52.9,41.5,11.4,52.82847,42.1647,10.66377,https://emersoncollegepolling.com/july-2026-national-poll-democrats-with-11-point-generic-ballot-advantage/,7/23/2026,20:00:46 23 Aug 2026,8/23/2026,,,901662,9016622,23aug2026
All polls,RMG Research,Napolitan News Service,7/28/2026,8/4/2026,2000, RV,0.8060586,0.6320129,,47,45,2,47.60712,42.61937,4.987751,https://napolitannews.org/posts/dems-continue-to-lead-on-generic-ballot-strong-enthusiasm-edge,8/11/2026,20:00:46 23 Aug 2026,8/23/2026,,,901712,9017121,23aug2026
All polls,Quinnipiac University,,7/23/2026,7/27/2026,963, RV,0.9042002,0.6294752,,48,41,7,47.11709,41.59116,5.525928,https://poll.qu.edu/poll-release?releaseid=3964,7/29/2026,20:00:46 23 Aug 2026,8/23/2026,,,901686,9016863,23aug2026
All polls,Clarity Campaign Labs,,7/17/2026,7/22/2026,1000, LV,0.9570835,0.5998294,,52,42,10,50.60937,41.07437,9.535,https://www.claritycampaigns.com/clarity-omnibus-2026-july,7/29/2026,20:00:46 23 Aug 2026,8/23/2026,,,901687,9016873,23aug2026
All polls,Quantus Insights,,8/3/2026,8/4/2026,1048, LV,0.7058306,0.5771508,,49,42.6,6.400002,49.45577,42.35243,7.10334,https://quantusinsights.org/polling/f/latest-survey-democrats-hold-the-midterm-edge,8/7/2026,20:00:46 23 Aug 2026,8/23/2026,,,901707,9017072,23aug2026
All polls,J.L. Partners,Daily Mail,7/17/2026,7/20/2026,626, LV,0.8480929,0.5322504,,50,41,9,50.08068,42.13288,7.9478,https://www.dailymail.com/news/us-politics/article-15991575/americans-brutal-verdict-trump-iran-war.html,7/23/2026,20:00:46 23 Aug 2026,8/23/2026,,,901665,9016652,23aug2026
All polls,Survey160,,7/14/2026,7/20/2026,1518, RV,0.8615363,0.5135399,,48,38,10,48.21024,40.14791,8.062328,https://www.survey160.com/methodological-research-blog/july-2026-survey-160-tracking-poll,8/12/2026,20:00:46 23 Aug 2026,8/23/2026,,,901720,9017203,23aug2026
All polls,Hart Research Associates/Public Opinion Strategies,CNBC,7/8/2026,7/12/2026,1000, RV,1.003145,0.503273,,49,45,4,47.68093,43.41645,4.264481,https://www.cnbc.com/2026/07/17/democratic-socialists-top-maga-candidates-all-america-poll.html,7/17/2026,20:00:46 23 Aug 2026,8/23/2026,,,901645,9016452,23aug2026
All polls,AlphaROC,Independent Center,8/8/2026,8/10/2026,1000, A,0.5614492,0.5011027,,41,37.3,3.700001,43.4995,39.25118,4.248322,https://independentcentervoice.com/insights/august-2026-national-survey-on-independent-candidates-and-the-2026-midterms-wave-3,8/14/2026,20:00:46 23 Aug 2026,8/23/2026,,,901723,9017232,23aug2026
All polls,CNN/SSRS,,7/23/2026,7/27/2026,914, RV,0.7117869,0.4967851,,47,39,8,46.82993,38.80354,8.02639,https://www.cnn.com/2026/07/30/politics/cnn-poll-midterm-generic-ballot-democrats-republicans-change,7/30/2026,20:00:46 23 Aug 2026,8/23/2026,,,901685,9016853,23aug2026
All polls,Ipsos,Reuters,7/29/2026,8/3/2026,3542, RV,0.6348349,0.4912027,,42,37,5,46.9931,40.43717,6.555931,https://www.ipsos.com/en-us/reutersipsos-august-2026-poll,8/4/2026,20:00:46 23 Aug 2026,8/23/2026,,,901701,9017014,23aug2026
All polls,Cygnal,,6/30/2026,7/1/2026,1500, LV,1.291217,0.4704892,,49.9,43.8,6.100002,48.98543,42.03922,6.946213,https://www.cygn.al/wp-content/uploads/2026/07/24136-Cygnal-National-Jul-26-NVT-Deck-Public-1.pdf,7/8/2026,20:00:46 23 Aug 2026,8/23/2026,,,901621,9016211,23aug2026
All polls,Echelon Insights,,7/9/2026,7/13/2026,1004, LV,0.9295544,0.4620645,,50,44,6,48.90072,41.611,7.289719,https://echeloninsights.com/hubfs/_Media%20for%20Insights%20Blog/July%202026%20Voter%20Omnibus%20Topline%20-%20External.pdf,7/15/2026,20:00:46 23 Aug 2026,8/23/2026,,,901636,9016362,23aug2026
All polls,Ipsos,Reuters,8/14/2026,8/17/2026,876, RV,0.4528173,0.4463376,,41,36,5,45.9931,39.43717,6.555931,https://www.ipsos.com/en-us/reutersipsos-august-2026-poll-0,8/18/2026,20:00:46 23 Aug 2026,8/23/2026,,,901733,9017335,23aug2026
All polls,Manhattan Institute,,7/1/2026,7/6/2026,1221, LV,0.9914868,0.4419532,,47,43,4,47.17432,42.53786,4.636459,https://manhattan.institute/article/american-attitudes-on-welfare-waste-crime-and-the-political-environment,7/27/2026,20:00:46 23 Aug 2026,8/23/2026,,,901676,9016762,23aug2026
All polls,Zogby Analytics,,7/1/2026,7/4/2026,1003, LV,1.01932,0.44152,,41.5,36.4,5.099998,43.16073,37.7477,5.413029,https://zogbyanalytics.com/images/ZA070626/Crosstabs%20Zogby%20Likely%20Voters%20070626.pdf,7/12/2026,20:00:46 23 Aug 2026,8/23/2026,,,901629,9016292,23aug2026
All polls,Rasmussen Reports,,6/24/2026,7/1/2026,2224, LV,1.212513,0.4170696,,46,42,4,47.12332,41.91012,5.213203,https://www.rasmussenreports.com/public_content/politics/mood_of_america/generic_congressional_ballot_july07?utm_campaign=RR07072026DN&utm_source=criticalimpact&utm_medium=email,7/8/2026,20:00:46 23 Aug 2026,8/23/2026,,REP,901620,9016201,23aug2026
All polls,RMG Research,Napolitan News Service,7/13/2026,7/14/2026,2000, RV,0.7452115,0.3975466,,47,45,2,47.60712,42.61937,4.987751,https://napolitannews.org/posts/generic-ballot-dem-47-percent-gop-45-dems-still-have-healthy-enthusiasm-edge,7/15/2026,20:00:46 23 Aug 2026,8/23/2026,,,901638,9016381,23aug2026
All polls,YouGov,Economist,8/14/2026,8/17/2026,1450, RV,0.3995021,0.3936228,,46,39,7,48.4762,40.71066,7.765541,https://d3nkl3psvxxpe9.cloudfront.net/documents/econTabReport_ZMy1Zxu.pdf,8/18/2026,20:00:46 23 Aug 2026,8/23/2026,,,901729,9017294,23aug2026
All polls,Talker Research,Scripps News,6/25/2026,7/2/2026,2000, RV,0.9773859,0.3703465,,48,39,9,48.90237,40.51892,8.38345,https://www.scrippsnews.com/politics/scripps-news-poll-americans-excited-to-celebrate-july-4-but-divided-on-trumps-role,7/3/2026,20:00:46 23 Aug 2026,8/23/2026,,,901606,9016062,23aug2026
All polls,Change Research,,7/13/2026,7/17/2026,2006, RV,0.670154,0.3651752,,46,38,8,47.46818,38.59624,8.871941,https://portal.changeresearch.com/portal/projects/0bc92362-5cbd-4cb3-9ec4-8690c0780aad,7/23/2026,20:00:46 23 Aug 2026,8/23/2026,,,901667,9016672,23aug2026
All polls,Morning Consult,,8/10/2026,8/16/2026,29719, RV,0.3766025,0.3539437,,46,42,4,48.05971,41.73505,6.324661,https://pro-assets.morningconsult.com/wp-uploads/2026/08/MCPI-PI-Weekly.html,8/18/2026,20:00:46 23 Aug 2026,8/23/2026,,,901734,9017341,23aug2026
All polls,Marquette University Law School,,6/9/2026,6/15/2026,827, LV,1.28872,0.3517296,,53,45,8,50.72601,43.33869,7.387318,https://law.marquette.edu/poll/2026/06/24/detailed-results-of-the-marquette-law-school-supreme-court-poll-july-9-15-2026/,6/25/2026,20:00:46 23 Aug 2026,8/23/2026,,,901579,9015795,23aug2026
All polls,Verasight,Strength in Numbers,7/14/2026,7/17/2026,1432, RV,0.584349,0.3219053,,50,43,7,48.17109,43.08194,5.089149,https://www.gelliottmorris.com/p/poll,7/21/2026,20:00:46 23 Aug 2026,8/23/2026,,,901660,9016604,23aug2026
All polls,Hart Research Associates/Public Opinion Strategies,NBC News,5/29/2026,6/7/2026,3000, RV,1.444144,0.3089946,,49,44,5,47.68093,42.41645,5.264481,https://www.nbcnews.com/politics/2026-election/poll-democrats-maintain-edge-fight-congress-trump-gets-poor-marks-rcna348913,6/14/2026,20:00:46 23 Aug 2026,8/23/2026,,,901548,9015484,23aug2026
All polls,YouGov,Economist,8/7/2026,8/10/2026,1420, RV,0.3418939,0.302087,,46,40,6,48.4762,41.71066,6.765541,https://d3nkl3psvxxpe9.cloudfront.net/documents/econTabReport_pKJG0WT.pdf,8/11/2026,20:00:46 23 Aug 2026,8/23/2026,,,901716,9017164,23aug2026
All polls,J.L. Partners,Daily Mail,6/24/2026,6/26/2026,625, LV,0.857477,0.2974334,,50,42,8,50.08068,43.13288,6.9478,https://www.dailymail.com/news/article-15945873/The-scorching-midterm-election-poll-shows-blue-wave-cresting-Republicans.html?ico=authors_pagination_desktop,7/6/2026,20:00:46 23 Aug 2026,8/23/2026,,,901612,9016121,23aug2026
All polls,Focaldata,,7/14/2026,7/20/2026,2064, A,0.5046641,0.2889815,,44,36,8,43.37204,35.56876,7.80328,https://www.focaldata.com/blog/focaldata---coinbase---clarity-act-and-crypto-attitudes-poll---july-2026,8/3/2026,20:00:46 23 Aug 2026,8/23/2026,,,901698,9016981,23aug2026
All polls,McLaughlin & Associates,,7/15/2026,7/21/2026,1000, LV,0.4866187,0.278244,,46,44,2,47.6701,42.27689,5.393211,https://mclaughlinonline.com/2026/07/24/national-monthly-july-2026/,7/24/2026,20:00:46 23 Aug 2026,8/23/2026,,,901672,9016721,23aug2026
All polls,Morning Consult,,8/3/2026,8/9/2026,29719, RV,0.3250138,0.2716821,,47,42,5,49.05971,41.73505,7.324661,https://pro-assets.morningconsult.com/wp-uploads/2026/08/MCPI-Midterm-Ballot.html,8/18/2026,20:00:46 23 Aug 2026,8/23/2026,,,901732,9017321,23aug2026
All polls,Quinnipiac University,,6/18/2026,6/22/2026,1165, RV,0.903982,0.2715493,,49,42,7,48.11709,42.59116,5.525928,https://poll.qu.edu/poll-release?releaseid=3961,6/24/2026,20:00:46 23 Aug 2026,8/23/2026,,,901581,9015813,23aug2026
All polls,AlphaROC,Independent Center,7/13/2026,7/14/2026,1000, A,0.4850417,0.2705135,,42.1,37.3,4.799999,44.59949,39.25118,5.348312,https://independentcentervoice.com/insights/republicans-move-sharply-toward-independents-and-the-overall-market-holds,7/16/2026,20:00:46 23 Aug 2026,8/23/2026,,,901639,9016392,23aug2026
All polls,HarrisX,Harvard CAPS,7/11/2026,7/12/2026,, LV,0.5269274,0.2577108,,51,49,2,49.67695,45.34301,4.333939,https://harvardharrispoll.com/key-results-july-2026/,7/15/2026,20:00:46 23 Aug 2026,8/23/2026,,,901637,9016376,23aug2026
All polls,Emerson College,,6/7/2026,6/8/2026,1200, LV,1.082704,0.2490053,,50.3,39.5,10.8,50.22847,40.1647,10.06377,https://emersoncollegepolling.com/june-2026/,6/11/2026,20:00:46 23 Aug 2026,8/23/2026,,,901541,9015412,23aug2026
All polls,TIPP Insights,Issues & Insights,5/26/2026,5/28/2026,1332, RV,1.335038,0.2475772,,46,41,5,47.00811,40.86009,6.148022,https://issuesinsights.com/2026/06/15/does-either-party-have-an-edge-in-2026-midterms-and-2028-presidential-election-ii-tipp-poll/,6/15/2026,20:00:46 23 Aug 2026,8/23/2026,,,901553,9015531,23aug2026
All polls,Ipsos,Reuters,7/24/2026,7/26/2026,1003, RV,0.363926,0.2447396,,40,38,2,44.9931,41.43717,3.555931,https://www.ipsos.com/en-us/americans-unimpressed-ideas-both-major-parties,7/28/2026,20:00:46 23 Aug 2026,8/23/2026,,,901677,9016775,23aug2026
All polls,Echelon Insights,,6/18/2026,6/22/2026,1003, LV,0.8547353,0.2437864,,51,45,6,49.90072,42.611,7.289719,https://echeloninsights.com/hubfs/_Media%20for%20Insights%20Blog/Echelon%20Insights%20America%20250%20Survey%20Topline%20-%20External.pdf,6/24/2026,20:00:46 23 Aug 2026,8/23/2026,,,901578,9015782,23aug2026
All polls,YouGov,Economist,7/31/2026,8/3/2026,1473, RV,0.3079201,0.241172,,46,42,4,48.4762,43.71066,4.765541,https://d3nkl3psvxxpe9.cloudfront.net/documents/econTabReport_mjKhx0z.pdf,8/4/2026,20:00:46 23 Aug 2026,8/23/2026,,,901700,9017004,23aug2026
All polls,Cygnal,,6/2/2026,6/3/2026,1500, LV,1.178063,0.2365672,,49,44,5,48.08543,42.23922,5.84621,https://www.cygn.al/news/poll-independents-arent-who-you-think-they-are-the-left-americas-250-and-who-trump-has-lost-since-the-inauguration/,6/11/2026,20:00:46 23 Aug 2026,8/23/2026,,,901540,9015401,23aug2026
All polls,Data for Progress,,5/15/2026,6/21/2026,5809, LV,1.03428,0.2349322,,51,44,7,49.72968,43.18211,6.547569,https://www.dataforprogress.org/blog/2026/7/9/midterms-swing-voter-report-1,7/9/2026,20:00:46 23 Aug 2026,8/23/2026,,,901624,9016242,23aug2026
All polls,Quantus Insights,,7/3/2026,7/7/2026,1140, LV,0.5673825,0.2307976,,47.1,42.3,4.799999,47.55577,42.05243,5.503342,https://quantusinsights.org/polling/f/trump-approval-and-wrong-track-majority-gives-democrats-2026-edge,7/9/2026,20:00:46 23 Aug 2026,8/23/2026,,,901623,9016232,23aug2026
All polls,The Winston Group,Winning the Issues,5/30/2026,6/2/2026,1000, RV,1.07212,0.2269874,,48,41,7,47.85344,41.15835,6.695087,https://www.winningtheissues.org/2026/06/13/may-2026-winning-the-issues-survey/,7/1/2026,20:00:46 23 Aug 2026,8/23/2026,,,901598,9015982,23aug2026
All polls,AlphaROC,Independent Center,6/27/2026,6/28/2026,1000, RV,0.6245787,0.2184586,,43.1,36.5,6.599998,45.59949,38.45118,7.148312,https://independentcentervoice.com/insights/june-2026-national-survey-on-independent-candidates,7/3/2026,20:00:46 23 Aug 2026,8/23/2026,,,901605,9016052,23aug2026
All polls,HarrisX,2Way,7/9/2026,7/10/2026,787, LV,0.4688546,0.2164767,,51,49,2,49.67695,45.34301,4.333939,https://www.harrisx.com/content/july-2026-nato-summit-survey-findings-crosstabs,7/11/2026,20:00:46 23 Aug 2026,8/23/2026,,,901628,9016288,23aug2026
All polls,Ipsos,The Washington Post,7/8/2026,7/13/2026,2092, RV,0.451425,0.2109574,,48,45,3,52.9931,48.43717,4.555931,https://www.washingtonpost.com/politics/2026/07/18/democrats-have-slim-lead-race-house-washington-post-ipsos-poll-finds/,7/20/2026,20:00:46 23 Aug 2026,8/23/2026,,,901640,9016404,23aug2026
All polls,Echelon Insights,,6/11/2026,6/14/2026,1012, LV,0.8519851,0.2099769,,50,44,6,48.90072,41.611,7.289719,https://echeloninsights.com/hubfs/_Media%20for%20Insights%20Blog/June%202026%20Voter%20Omnibus%20Topline%20-%20External.pdf,6/17/2026,20:00:46 23 Aug 2026,8/23/2026,,,901559,9015593,23aug2026
All polls,Research Co.,,6/4/2026,6/6/2026,1001, A,0.8606199,0.2081531,,38,33,5,40.49517,35.40617,5.089001,https://researchco.ca/2026/06/15/uspoli-june2026/,6/15/2026,20:00:46 23 Aug 2026,8/23/2026,,,901554,9015542,23aug2026
All polls,The Argument/Verasight,,5/29/2026,6/3/2026,3008, RV,1.055503,0.1955835,,53,47,6,49.82811,43.75373,6.074379,https://www.theargumentmag.com/p/the-biggest-issue-in-american-politics,6/10/2026,20:00:46 23 Aug 2026,8/23/2026,,,901533,9015332,23aug2026
All polls,Morning Consult,,7/27/2026,8/2/2026,24000, RV,0.2654666,0.1946134,,46.2,42.1,4.100002,48.25971,41.83505,6.42466,https://pro-assets.morningconsult.com/wp-uploads/2026/08/MCPI-Midterm-Ballot.html,8/6/2026,20:00:46 23 Aug 2026,8/23/2026,,,901705,9017051,23aug2026
All polls,YouGov,Economist,7/25/2026,7/27/2026,1407, RV,0.2752458,0.1879995,,46,42,4,48.4762,43.71066,4.765541,https://d3nkl3psvxxpe9.cloudfront.net/documents/econTabReport_0t0YpHo.pdf,7/28/2026,20:00:46 23 Aug 2026,8/23/2026,,,901678,9016786,23aug2026
All polls,Marquette University Law School,,5/20/2026,5/26/2026,576, LV,1.113433,0.1789325,,49,48,1,46.72601,46.33869,0.3873177,https://law.marquette.edu/poll/2026/06/03/detailed-results-of-the-marquette-law-school-supreme-court-poll-may-20-26-2026-national-issues/,6/3/2026,20:00:46 23 Aug 2026,8/23/2026,,,901511,9015115,23aug2026
All polls,Clarity Campaign Labs,,5/28/2026,6/5/2026,1045, LV,0.893236,0.1742646,,48,45,3,46.60937,44.07437,2.535,https://www.claritycampaigns.com/clarity-omnibus-2026-may,6/13/2026,20:00:46 23 Aug 2026,8/23/2026,,,901547,9015473,23aug2026
All polls,YouGov,CBS News,7/22/2026,7/24/2026,1474, RV,0.2716786,0.1738051,,47,40,7,49.4762,41.71066,7.765541,https://www.cbsnews.com/news/cbs-poll-analysis-cost-of-living-democrats-republicans/,7/31/2026,20:00:46 23 Aug 2026,8/23/2026,,,901693,9016931,23aug2026
All polls,Focaldata,Financial Times,6/26/2026,6/30/2026,1795, RV,0.56803,0.1729045,,49,42,7,48.37204,41.56876,6.80328,https://www.focaldata.com/blog/ossoffism-and-the-gops-elite-problem,7/6/2026,20:00:46 23 Aug 2026,8/23/2026,,,901610,9016104,23aug2026
All polls,Bedrock Polling,Third Way,5/20/2026,5/24/2026,1776, RV,0.9660645,0.1570781,,46,41,5,46.50986,41.17974,5.33012,https://www.thirdway.org/memo/americans-blame-the-government-for-high-health-costs-and-want-it-to-rein-in-the-industry,8/11/2026,20:00:46 23 Aug 2026,8/23/2026,,,901714,9017142,23aug2026
All polls,Emerson College,,5/24/2026,5/25/2026,1000, LV,0.988661,0.1550591,,49.8,41.3,8.5,49.72847,41.96469,7.763779,https://emersoncollegepolling.com/may-2026-national-poll/,5/28/2026,20:00:46 23 Aug 2026,8/23/2026,,,901495,9014952,23aug2026
All polls,The New York Times/Siena College,,5/11/2026,5/15/2026,1507, RV,1.416832,0.1537744,,50,39,11,49.42578,38.8621,10.56368,https://www.nytimes.com/interactive/2026/05/18/polls/times-siena-national-poll-toplines.html,5/18/2026,20:00:46 23 Aug 2026,8/23/2026,,,901463,9014633,23aug2026
All polls,Morning Consult,,7/20/2026,7/26/2026,24000, RV,0.242886,0.1529867,,45.7,42.7,3,47.75971,42.43505,5.324657,https://pro-assets.morningconsult.com/wp-uploads/2026/07/MCPI-Midterm-Ballot_260727.html,7/29/2026,20:00:46 23 Aug 2026,8/23/2026,,,901682,9016821,23aug2026
All polls,YouGov,Economist,7/17/2026,7/20/2026,1432, RV,0.2610888,0.151621,,46,41,5,48.4762,42.71066,5.765541,https://d3nkl3psvxxpe9.cloudfront.net/documents/econTabReport_ESdiNMa.pdf,7/21/2026,20:00:46 23 Aug 2026,8/23/2026,,,901658,9016586,23aug2026
All polls,The Bullfinch Group,Independent Center,6/12/2026,6/16/2026,1000, RV,0.5557129,0.1498746,,44,36,8,46.57444,39.70582,6.868622,https://independentcentervoice.com/insights/the-local-antidote-how-stepping-away-from-national-screens-unites-americans,6/19/2026,20:00:46 23 Aug 2026,8/23/2026,,,901569,9015696,23aug2026
All polls,Verasight,Strength in Numbers,6/17/2026,6/22/2026,1896, RV,0.5384804,0.1460309,,50,43,7,48.17109,43.08194,5.089149,https://www.gelliottmorris.com/p/2026-06-24-june-strength-in-numbers-verasight-poll,6/24/2026,20:00:46 23 Aug 2026,8/23/2026,,,901580,9015804,23aug2026
All polls,Quantus Insights,,6/16/2026,6/17/2026,1000, LV,0.5159868,0.1345404,,47,43,4,47.45577,42.75243,4.703339,https://polls.quantusinsights.org/polls/national-approval-june-17?tab=toplines,6/19/2026,20:00:46 23 Aug 2026,8/23/2026,,,901566,9015662,23aug2026
All polls,The Rainey Center,,5/17/2026,5/18/2026,1000, LV,0.9496727,0.1324036,,45,43,2,45.75565,42.67303,3.082619,https://www.raineycenter.org/polling/data-centers-voters-are-persuadable-but-they-want-accountability-and-clean-energy,6/19/2026,20:00:46 23 Aug 2026,8/23/2026,,,901568,9015681,23aug2026
All polls,RMG Research,Napolitan News Service,6/1/2026,6/4/2026,2000, RV,0.7264661,0.1303793,,49,45,4,49.60712,42.61937,6.987751,https://napolitannews.org/posts/generic-ballot-dem-49-percent-gop-45-dems-more-enthusiastic,6/5/2026,20:00:46 23 Aug 2026,8/23/2026,,,901520,9015201,23aug2026
All polls,Change Research,,6/10/2026,6/17/2026,1714, RV,0.5553575,0.1282789,,43,38,5,44.46818,38.59624,5.871941,https://portal.changeresearch.com/portal/projects/92fca10b-bc07-4b9c-9d7b-f281ec087a74,7/23/2026,20:00:46 23 Aug 2026,8/23/2026,,,901666,9016662,23aug2026
All polls,Rasmussen Reports,,5/13/2026,5/20/2026,2161, LV,1.150586,0.1257527,,47,41,6,48.12332,40.91012,7.213203,https://www.rasmussenreports.com/public_content/politics/mood_of_america/generic_congressional_ballot_may25,6/10/2026,20:00:46 23 Aug 2026,8/23/2026,,REP,901534,9015341,23aug2026
All polls,AtlasIntel,,5/4/2026,5/7/2026,2069, A,1.315043,0.1233269,,54.6,40.1,14.5,51.35997,40.83758,10.52239,https://www.atlasintel.org/poll/usa-national-2026-05-11,5/12/2026,20:00:46 23 Aug 2026,8/23/2026,,,901449,9014493,23aug2026
All polls,YouGov,Economist,7/10/2026,7/13/2026,1450, RV,0.2545272,0.1207796,,46,42,4,48.4762,43.71066,4.765541,https://d3nkl3psvxxpe9.cloudfront.net/documents/econTabReport_ie0SzVb.pdf,7/14/2026,20:00:46 23 Aug 2026,8/23/2026,,,901633,9016335,23aug2026
All polls,The Bullfinch Group,Independent Center,5/29/2026,6/2/2026,1000, RV,0.5652453,0.108811,,42,36,6,44.57444,39.70582,4.868622,https://www.thebullfinchgroup.com/post/public-release-of-bullfinch-q2-nationwide-survey-4,6/4/2026,20:00:46 23 Aug 2026,8/23/2026,,,901514,9015144,23aug2026
All polls,Quinnipiac University,,5/14/2026,5/18/2026,1106, RV,0.9164497,0.1014901,,50,39,11,49.11709,39.59116,9.525928,https://poll.qu.edu/poll-release?releaseid=3959,5/21/2026,20:00:46 23 Aug 2026,8/23/2026,,,901477,9014773,23aug2026
All polls,McLaughlin & Associates,,6/17/2026,6/23/2026,1000, LV,0.3964242,0.1008991,,46,43,3,47.6701,41.27689,6.393211,https://mclaughlinonline.com/pols/wp-content/uploads/2026/06/National-June-Presentation-RELEASE-June-2026.pdf,6/26/2026,20:00:46 23 Aug 2026,8/23/2026,,,901590,9015901,23aug2026
All polls,Quantus Insights,,6/1/2026,6/2/2026,1050, LV,0.5416134,0.0989016,,47,42.3,4.700001,47.45577,42.05243,5.403339,https://quantusinsights.org/f/quantus-insights-trump-underwater-democrats-hold-edge,6/4/2026,20:00:46 23 Aug 2026,8/23/2026,,,901513,9015132,23aug2026
All polls,Impact Research/National Research ,Wall Street Journal,5/7/2026,5/18/2026,1500, RV,0.9035828,0.0943438,,48,40,8,48.09706,40.174,7.923061,https://www.wsj.com/politics/policy/trump-republican-congress-control-98a13bd9,5/24/2026,20:00:46 23 Aug 2026,8/23/2026,,,901486,9014864,23aug2026
All polls,John Zogby Strategies,,5/21/2026,5/22/2026,1000, LV,0.7134871,0.0943168,,49.2,42,7.200001,48.98599,41.77563,7.210358,https://johnzogbystrategies.com/the-latest-zogby-political-poll-trump-economic-concerns-war-trends-05-22-26/,5/22/2026,20:00:46 23 Aug 2026,8/23/2026,,,901484,9014842,23aug2026
All polls,YouGov,Economist,7/3/2026,7/6/2026,1443, RV,0.249677,0.091166,,46,43,3,48.4762,44.71066,3.765541,https://d3nkl3psvxxpe9.cloudfront.net/documents/econTabReport_Qxo6bev.pdf,7/7/2026,20:00:46 23 Aug 2026,8/23/2026,,,901614,9016144,23aug2026
All polls,Ipsos,Reuters,6/3/2026,6/8/2026,3578, RV,0.4957842,0.0909445,,41,37,4,45.9931,40.43717,5.555931,https://www.ipsos.com/en-us/reutersipsos-june-2026-poll,6/8/2026,20:00:46 23 Aug 2026,8/23/2026,,,901524,9015245,23aug2026
All polls,Focaldata,Financial Times,5/29/2026,6/1/2026,1537, RV,0.5398017,0.0897042,,48,43,5,47.37204,42.56876,4.80328,https://www.focaldata.com/blog/trump-inflation-approval-crashes-to-record-low,6/7/2026,20:00:46 23 Aug 2026,8/23/2026,,,901521,9015214,23aug2026
All polls,Echelon Insights,,5/14/2026,5/18/2026,1008, LV,0.8505895,0.0853289,,51,43,8,49.90072,40.611,9.289719,https://echeloninsights.com/insights/may-2026-verified-voter-omnibus,5/19/2026,20:00:46 23 Aug 2026,8/23/2026,,,901468,9014682,23aug2026
All polls,Cygnal,Conservative Energy Network,5/4/2026,5/7/2026,1500, LV,1.096237,0.0849916,,48,41,7,47.25937,39.06528,8.194088,https://conservativeenergynetwork.org/new-national-poll-americans-demand-action-on-rising-energy-costs-support-modernizing-the-grid-and-expanding-domestic-energy-production/,5/27/2026,20:00:46 23 Aug 2026,8/23/2026,,REP,901493,9014931,23aug2026
All polls,Cygnal,,5/5/2026,5/6/2026,1500, LV,1.096237,0.0849916,,48.5,42.4,6.099998,47.58543,40.63923,6.946201,https://www.cygn.al/polls/may-2026-national-voter-trends-nvt-poll/,5/13/2026,20:00:46 23 Aug 2026,8/23/2026,,,901455,9014552,23aug2026
All polls,Marist University,NPR | PBS News,4/27/2026,4/30/2026,1155, RV,1.104741,0.0820633,,52,42,10,49.44139,41.92243,7.518963,https://maristpoll.marist.edu/polls/president-trump-while-at-war-may-2026/,5/6/2026,20:00:46 23 Aug 2026,8/23/2026,,,901433,9014334,23aug2026
All polls,Public Opinion Strategies,CoinDesk,4/21/2026,4/27/2026,1000, RV,1.202772,0.0807417,,44,41,3,44.88963,40.81793,4.071701,https://www.coindesk.com/policy/2026/05/03/crypto-is-at-the-bottom-of-u-s-voters-priorities-heading-into-the-midterm-coindesk-survey-shows,5/4/2026,20:00:46 23 Aug 2026,8/23/2026,,,901419,9014191,23aug2026
All polls,Ipsos,Reuters,6/18/2026,6/22/2026,978, RV,0.3173926,0.0758877,,41,36,5,45.9931,39.43717,6.555931,https://www.ipsos.com/en-us/few-expect-us-iran-preliminary-agreement-bring-lasting-peace,6/24/2026,20:00:46 23 Aug 2026,8/23/2026,,,901577,9015774,23aug2026
All polls,Data for Progress,,5/15/2026,5/18/2026,1149, LV,0.5775459,0.0730034,,51,43,8,49.72968,42.18211,7.547569,https://www.dataforprogress.org/blog/2026/5/21/democrats-lead-the-generic-ballot-by-8-points-as-midterms-approach,5/21/2026,20:00:46 23 Aug 2026,8/23/2026,,,901478,90147813,23aug2026
All polls,Ipsos,Reuters,6/12/2026,6/15/2026,1195, RV,0.332387,0.0715505,,41,38,3,45.9931,41.43717,4.555931,https://www.ipsos.com/en-us/reutersipsos-june-2026-poll-0,6/15/2026,20:00:46 23 Aug 2026,8/23/2026,,,901555,9015554,23aug2026
All polls,HarrisX,Forbes,5/20/2026,6/7/2026,1137, LV,0.4213265,0.0674429,,46,45,1,44.67695,41.34301,3.333939,https://www.harrisx.com/content/forbes-harrisx-american-confidence-tracker-june-2026,6/12/2026,20:00:46 23 Aug 2026,8/23/2026,,,901545,9015456,23aug2026
All polls,HarrisX/Harris Poll,Harvard CAPS,5/29/2026,5/31/2026,, LV,0.4030475,0.0662221,,52,48,4,50.67695,44.34301,6.333939,https://harvardharrispoll.com/key-results-may-2026/,6/2/2026,20:00:46 23 Aug 2026,8/23/2026,,,901509,9015095,23aug2026
All polls,YouGov,Economist,6/26/2026,6/29/2026,1428, RV,0.2459674,0.0650491,,45,42,3,47.4762,43.71066,3.765541,https://d3nkl3psvxxpe9.cloudfront.net/documents/econTabReport_1tbbxVr.pdf,6/30/2026,20:00:46 23 Aug 2026,8/23/2026,,,901596,9015966,23aug2026
All polls,Morning Consult,Cato Institute,6/29/2026,7/5/2026,24000, RV,0.207515,0.0647255,,45.4,42.1,3.300003,47.45971,41.83505,5.62466,https://pro-assets.morningconsult.com/wp-uploads/2026/07/MCPI-Midterm-Ballot_260706.html,7/7/2026,20:00:46 23 Aug 2026,8/23/2026,,,901617,9016171,23aug2026
All polls,Beacon Research/Shaw & Company Research,FOX News,4/17/2026,4/20/2026,1001, RV,1.124965,0.059206,,52,47,5,50.01369,45.60419,4.4095,https://www.foxnews.com/politics/fox-news-poll-economic-gloom-trump-ratings-signal-tough-gop-midterm-path,4/23/2026,20:00:46 23 Aug 2026,8/23/2026,,,901387,9013872,23aug2026
All polls,Emerson College,,4/24/2026,4/26/2026,1000, LV,1.028915,0.0578715,,50.3,40.2,10.1,50.22847,40.8647,9.36377,https://emersoncollegepolling.com/april-2026-national-poll/,4/29/2026,20:00:46 23 Aug 2026,8/23/2026,,,901405,9014052,23aug2026
All polls,YouGov,Economist,6/19/2026,6/22/2026,1517, RV,0.2456391,0.0570991,,45,43,2,47.4762,44.71066,2.765541,https://d3nkl3psvxxpe9.cloudfront.net/documents/econTabReport_v8p0Pe8.pdf,6/23/2026,20:00:46 23 Aug 2026,8/23/2026,,,901575,9015755,23aug2026
All polls,Morning Consult,,7/17/2026,7/19/2026,2200, RV,0.089752,0.0497674,,46,43,3,48.05971,42.73505,5.324661,https://intel.morningconsult.com/mc-content/trackers/donald-trump-congress-policy-republicans-polling,7/21/2026,20:00:46 23 Aug 2026,8/23/2026,,,901657,9016572,23aug2026
All polls,Morning Consult,,6/22/2026,6/28/2026,24000, RV,0.1990298,0.0493262,,45.5,42.4,3.099998,47.55971,42.13506,5.424652,https://pro-assets.morningconsult.com/wp-uploads/2026/07/MCPI-Midterm-Ballot_260701.html,7/2/2026,20:00:46 23 Aug 2026,8/23/2026,,,901600,9016001,23aug2026
All polls,Verasight,Strength in Numbers,5/18/2026,5/19/2026,1413, RV,0.4248189,0.0482876,,51,43,8,49.17109,43.08194,6.089149,https://www.gelliottmorris.com/p/2026-05-26-may-strength-in-numbers-verasight-poll,5/26/2026,20:00:46 23 Aug 2026,8/23/2026,,,901490,9014904,23aug2026
All polls,KFF,,4/14/2026,4/19/2026,1107, RV,1.009139,0.0481889,,43,34,9,43.62575,35.43905,8.186703,https://www.kff.org/public-opinion/kff-health-tracking-poll-health-care-costs-and-the-midterms/,4/29/2026,20:00:46 23 Aug 2026,8/23/2026,,,901407,9014071,23aug2026
All polls,YouGov,Economist,6/13/2026,6/15/2026,1403, RV,0.2305581,0.0468472,,46,44,2,48.4762,45.71066,2.765541,https://d3nkl3psvxxpe9.cloudfront.net/documents/econTabReport_GpnDRNm.pdf,6/16/2026,20:00:46 23 Aug 2026,8/23/2026,,,901557,9015575,23aug2026
All polls,CNN/SSRS,,4/30/2026,5/4/2026,1156, RV,0.6443215,0.046811,,45,42,3,44.82993,41.80354,3.02639,https://www.cnn.com/2026/05/12/politics/cnn-poll-midterms-affordability-politics-impact,5/12/2026,20:00:46 23 Aug 2026,8/23/2026,,,901448,9014483,23aug2026
All polls,Verasight/Morris Predictive Insights,Unite Here,5/18/2026,5/20/2026,2000, A,0.4092856,0.046522,,52,41,11,50.17109,41.08194,9.089149,https://www.politico.com/newsletters/playbook/2026/05/22/pod-save-nobody-00933436,5/22/2026,20:00:46 23 Aug 2026,8/23/2026,,,901483,9014832,23aug2026
All polls,RMG Research,Napolitan News Service,5/4/2026,5/6/2026,2000, RV,0.6764258,0.0459063,,50,41,9,50.60712,38.61937,11.98775,https://napolitannews.org/posts/generic-ballot-dem-50-percent-gop-41-dems-also-more-enthusiastic,5/8/2026,20:00:46 23 Aug 2026,8/23/2026,,,901441,9014411,23aug2026
All polls,Focaldata,Financial Times,5/1/2026,5/5/2026,3167, RV,0.7597667,0.0458926,,49,42,7,48.37204,41.56876,6.80328,https://www.focaldata.com/blog/democrats-lead-economy-focaldata-financial-times-poll,5/11/2026,20:00:46 23 Aug 2026,8/23/2026,,,901444,9014444,23aug2026
All polls,Morning Consult,,6/15/2026,6/21/2026,29540, RV,0.2117212,0.0454534,,45.6,42,3.599998,47.65971,41.73505,5.92466,https://pro-assets.morningconsult.com/wp-uploads/2026/06/MCPI-Midterm-Ballot_260622.html,6/25/2026,20:00:46 23 Aug 2026,8/23/2026,,,901585,9015851,23aug2026
All polls,Hart Research Associates/Public Opinion Strategies,CNBC,4/15/2026,4/19/2026,1000, RV,0.9908994,0.0439381,,49,45,4,47.68093,43.41645,4.264481,https://www.cnbc.com/2026/04/23/trumps-approval-rating-on-economy-and-overall-falls-to-lowest-of-his-two-terms-cnbc-survey-shows.html,4/23/2026,20:00:46 23 Aug 2026,8/23/2026,,,901388,9013882,23aug2026
All polls,Clarity Campaign Labs,,4/15/2026,4/24/2026,1000, LV,0.9189669,0.0437145,,50,45,5,48.60937,44.07437,4.535,https://www.claritycampaigns.com/clarity-omnibus-2026-april,5/5/2026,20:00:46 23 Aug 2026,8/23/2026,,,901432,9014322,23aug2026
All polls,GBAO,Third Way,4/8/2026,4/15/2026,2000, RV,1.12634,0.0431723,,48,40,8,47.80475,40.44425,7.3605,https://www.thirdway.org/memo/the-cost-of-misplaced-priorities-trumps-coalition-frays,5/12/2026,20:00:46 23 Aug 2026,8/23/2026,,,901453,9014532,23aug2026
All polls,Marquette University Law School,,4/8/2026,4/16/2026,576, LV,1.165862,0.0429358,,53,43,10,50.72601,41.33869,9.387318,https://law.marquette.edu/poll/2026/04/22/detailed-results-of-the-marquette-law-school-supreme-court-poll-april-8-16-2026-national-issues/,4/22/2026,20:00:46 23 Aug 2026,8/23/2026,,,901385,9013855,23aug2026
All polls,Morning Consult,,7/10/2026,7/13/2026,2200, RV,0.0856497,0.0397463,,46,43,3,48.05971,42.73505,5.324661,https://drive.google.com/file/d/1cggsijQl76RMmlpuDL991Z3uyHfXfiZh/view,7/14/2026,20:00:46 23 Aug 2026,8/23/2026,,,901634,9016342,23aug2026
All polls,YouGov,Economist,6/5/2026,6/8/2026,1438, RV,0.2238827,0.0393185,,45,41,4,47.4762,42.71066,4.765541,https://d3nkl3psvxxpe9.cloudfront.net/documents/econTabReport_nvajahp.pdf,6/9/2026,20:00:46 23 Aug 2026,8/23/2026,,,901525,9015254,23aug2026
All polls,Change Research,,5/5/2026,5/10/2026,2244, RV,0.5590022,0.0386204,,45,42,3,46.46818,42.59624,3.871941,https://portal.changeresearch.com/portal/projects/07dc6ff6-bb96-4bc5-a138-90b0ab3b22db,6/15/2026,20:00:46 23 Aug 2026,8/23/2026,,,901552,9015522,23aug2026
All polls,The Argument/Verasight,,4/20/2026,4/23/2026,1516, RV,0.781428,0.0369749,,53,47,6,49.82811,43.75373,6.074379,https://www.theargumentmag.com/p/why-democrats-cant-win-more-trump,4/29/2026,20:00:46 23 Aug 2026,8/23/2026,,,901406,9014062,23aug2026
All polls,Echelon Insights,,4/17/2026,4/20/2026,1012, LV,0.8156708,0.0363377,,50,44,6,48.90072,41.611,7.289719,https://echeloninsights.com/insights/april-2026-verified-voter-omnibus,4/21/2026,20:00:46 23 Aug 2026,8/23/2026,,,901381,9013813,23aug2026
All polls,Morning Consult,,6/8/2026,6/14/2026,24000, RV,0.1911986,0.0350329,,45.8,41.9,3.899998,47.85971,41.63506,6.224651,https://pro-assets.morningconsult.com/wp-uploads/2026/06/MCPI-Midterm-Ballot_260622.html,6/25/2026,20:00:46 23 Aug 2026,8/23/2026,,,901584,9015841,23aug2026
All polls,Quantus Insights,,4/21/2026,4/23/2026,1452, LV,0.6968357,0.0339198,,46.5,42.3,4.200001,46.95577,42.05243,4.903339,https://quantusinsights.org/f/quantus-survey-a-divided-electorate-a-narrow-democratic-edge,4/24/2026,20:00:46 23 Aug 2026,8/23/2026,,,901394,9013942,23aug2026
All polls,McLaughlin & Associates,America's New Majority Project,5/14/2026,5/18/2026,2000, RV,0.3467291,0.0331413,,39,36,3,40.84662,34.10036,6.746258,https://www.americasnewmajorityproject.net/p/democrat-lawmakers-are-taking-positions,6/17/2026,20:00:46 23 Aug 2026,8/23/2026,,REP,901560,9015601,23aug2026
All polls,HarrisX,Forbes,4/29/2026,5/5/2026,1891, LV,0.4879561,0.0320764,,48,42,6,46.67695,38.34301,8.333939,https://www.harrisx.com/posts/forbes-and-harrisx-partner-on-new-american-confidence-survey-as-gallup-ends-approval-polling,5/5/2026,20:00:46 23 Aug 2026,8/23/2026,,,901435,9014356,23aug2026
All polls,YouGov,Economist,5/29/2026,6/1/2026,1453, RV,0.2170975,0.0319017,,46,42,4,48.4762,43.71066,4.765541,https://d3nkl3psvxxpe9.cloudfront.net/documents/econTabReport_AvLU7vY.pdf,6/2/2026,20:00:46 23 Aug 2026,8/23/2026,,,901508,9015085,23aug2026
All polls,Morning Consult,,6/1/2026,6/7/2026,29264, RV,0.2036688,0.0311084,,46,42,4,48.05971,41.73505,6.324661,https://intel.morningconsult.com/mc-content/trackers/2026-midterm-election-generic-ballot-polls,6/10/2026,20:00:46 23 Aug 2026,8/23/2026,,,901537,9015371,23aug2026
All polls,McLaughlin & Associates,,5/12/2026,5/18/2026,1000, LV,0.3205436,0.0289917,,46,42,4,47.6701,40.27689,7.393211,https://mclaughlinonline.com/2026/05/22/national-monthly-may-2026/,5/23/2026,20:00:46 23 Aug 2026,8/23/2026,,,901485,9014851,23aug2026
All polls,John Zogby Strategies,,4/17/2026,4/18/2026,1001, LV,0.6465951,0.0286341,,48.3,44.4,3.899998,48.08599,44.17563,3.910362,https://johnzogbystrategies.com/wp-content/uploads/2026/04/Brand-New-Zogby-Poll-Amid-War-Confusion-04.20.26.html,4/21/2026,20:00:46 23 Aug 2026,8/23/2026,,,901370,9013702,23aug2026
All polls,HarrisX,Harvard CAPS,4/23/2026,4/26/2026,1963, LV,0.5035129,0.0266351,,50,50,0,48.67695,46.34301,2.333939,https://harvardharrispoll.com/key-results-april-2026/,4/28/2026,20:00:46 23 Aug 2026,8/23/2026,,,901402,9014026,23aug2026
All polls,Ipsos,Reuters,5/15/2026,5/18/2026,984, RV,0.2836257,0.0264666,,39,38,1,43.9931,41.43717,2.555931,https://www.ipsos.com/en-us/americas-frustration-cost-living-continues-rise,5/19/2026,20:00:46 23 Aug 2026,8/23/2026,,,901469,9014695,23aug2026
All polls,Echelon Insights,NetChoice,4/3/2026,4/9/2026,2880, LV,1.222598,0.0254433,,50,45,5,48.90072,42.611,6.289719,https://netchoice.org/wp-content/uploads/2026/04/NetChoice-Apr-2026-National-Antitrust-Survey-Topline.pdf,4/21/2026,20:00:46 23 Aug 2026,8/23/2026,,,901377,9013772,23aug2026
All polls,Survey160,,4/9/2026,4/12/2026,1539, RV,0.7216122,0.0247887,,47,37,10,47.21024,39.14791,8.062328,https://www.survey160.com/methodological-research-blog/survey-160-tracking-poll-april-2026,4/23/2026,20:00:46 23 Aug 2026,8/23/2026,,,901389,9013892,23aug2026
All polls,YouGov,Economist,5/22/2026,5/26/2026,1397, RV,0.2069632,0.0242636,,46,41,5,48.4762,42.71066,5.765541,https://d3nkl3psvxxpe9.cloudfront.net/documents/econTabReport_aWdgoE7.pdf,5/27/2026,20:00:46 23 Aug 2026,8/23/2026,,,901492,9014924,23aug2026
All polls,Tavern Research,,4/6/2026,4/9/2026,502, LV,0.8057504,0.0242471,,44,43,1,44.86454,42.7629,2.101639,https://www.tavernresearch.com/research-and-writings/cutting-room-floor-april-10-2026,5/12/2026,20:00:46 23 Aug 2026,8/23/2026,,,901452,9014521,23aug2026
All polls,Ipsos,Reuters,5/8/2026,5/11/2026,993, RV,0.2831335,0.0198923,,41,35,6,45.9931,38.43717,7.555931,https://www.ipsos.com/en-us/two-thirds-say-rising-gas-prices-have-affected-their-household-finances,5/11/2026,20:00:46 23 Aug 2026,8/23/2026,,,901445,9014455,23aug2026
All polls,Morning Consult,,6/26/2026,6/28/2026,2002, RV,0.0745894,0.0191465,,46,42,4,48.05971,41.73505,6.324661,https://drive.google.com/file/d/1r9X_-vXE-Kkv1lXR5cu1KtWd-LAEMSJW/view,6/29/2026,20:00:46 23 Aug 2026,8/23/2026,,,901594,9015942,23aug2026
All polls,YouGov,Pennsylvania State University McCourtney Institute for Democracy,5/19/2026,5/26/2026,862, RV,0.1694659,0.019117,,41,37,4,43.4762,38.71066,4.765541,https://democracy.psu.edu/poll-report-archive/fewer-than-four-in-ten-americans-think-president-trump-is-doing-a-good-job/,6/4/2026,20:00:46 23 Aug 2026,8/23/2026,,,901516,9015161,23aug2026
All polls,Ipsos,The Washington Post | ABC News,4/24/2026,4/28/2026,2059, RV,0.3675289,0.0182521,,49,44,5,53.9931,47.43717,6.555931,https://www.washingtonpost.com/politics/2026/05/03/trump-approval-ratings-poll/ ,5/4/2026,20:00:46 23 Aug 2026,8/23/2026,,,901417,9014174,23aug2026
All polls,YouGov,CBS News,5/13/2026,5/15/2026,1397, LV,0.2463796,0.017822,,45,40,5,47.4762,41.71066,5.765541,https://www.cbsnews.com/news/redistricting-elections-opinion-poll-19-may-2026/,5/20/2026,20:00:46 23 Aug 2026,8/23/2026,,,901460,9014603,23aug2026
All polls,YouGov,Economist,5/15/2026,5/18/2026,1380, RV,0.202298,0.0173809,,46,43,3,48.4762,44.71066,3.765541,https://d3nkl3psvxxpe9.cloudfront.net/documents/econTabReport_YTE4G2g.pdf,5/19/2026,20:00:46 23 Aug 2026,8/23/2026,,,901467,9014675,23aug2026
All polls,Morning Consult,,5/18/2026,5/24/2026,24849, RV,0.1901574,0.0172791,,46,42,4,48.05971,41.73505,6.324661,https://intel.morningconsult.com/mc-content/trackers/2026-midterm-election-generic-ballot-polls,5/31/2026,20:00:46 23 Aug 2026,8/23/2026,,,901503,9015031,23aug2026
All polls,Ipsos,Reuters,4/15/2026,4/20/2026,3577, RV,0.4663403,0.0170863,,41,38,3,45.9931,41.43717,4.555931,https://www.ipsos.com/en-us/americans-remain-skeptical-trumps-handling-inflation,4/21/2026,20:00:46 23 Aug 2026,8/23/2026,,,901376,9013764,23aug2026
All polls,Morning Consult,Cato Institute,6/25/2026,6/26/2026,2253, A,0.0651867,0.0164346,,45,39,6,47.05971,38.73505,8.324661,https://www.cato.org/sites/cato.org/files/2026-07/Cato%20Fourth%20of%20July%202026%20Survey%20Toplines.pdf,7/2/2026,20:00:46 23 Aug 2026,8/23/2026,,,901602,9016022,23aug2026
All polls,Cygnal,,4/2/2026,4/3/2026,1500, LV,1.098896,0.016244,,48.8,43.3,5.5,47.88543,41.53922,6.34621,https://www.cygn.al/wp-content/uploads/2026/04/23738-Cygnal-National-Apr26-NVT-Deck-Public.pdf,4/8/2026,20:00:46 23 Aug 2026,8/23/2026,,,901340,9013402,23aug2026
All polls,RMG Research,Napolitan News Service,4/6/2026,4/9/2026,2000, RV,0.6677985,0.0149382,,49,44,5,49.60712,41.61937,7.987751,https://napolitannews.org/posts/generic-ballot-dem-45-percent-gop-42-dems-also-more-enthusiastic,4/10/2026,20:00:46 23 Aug 2026,8/23/2026,,,901349,9013491,23aug2026
All polls,Ipsos,Reuters,4/24/2026,4/27/2026,1014, RV,0.276845,0.0137486,,41,37,4,45.9931,40.43717,5.555931,https://www.ipsos.com/en-us/americans-increasingly-feel-economy-wrong-track,4/28/2026,20:00:46 23 Aug 2026,8/23/2026,,,901403,9014035,23aug2026
All polls,Verasight,Strength in Numbers,4/10/2026,4/14/2026,1386, RV,0.4640253,0.0130086,,50,43,7,48.17109,43.08194,5.089149,https://www.gelliottmorris.com/p/2026-04-21-april-strength-in-numbers-verasight-poll,4/21/2026,20:00:46 23 Aug 2026,8/23/2026,,,901375,9013754,23aug2026
All polls,YouGov,Economist,5/9/2026,5/11/2026,1410, RV,0.2020062,0.0129243,,45,40,5,47.4762,41.71066,5.765541,https://d3nkl3psvxxpe9.cloudfront.net/documents/econTabReport_ONiR6Nb.pdf,5/12/2026,20:00:46 23 Aug 2026,8/23/2026,,,901447,9014475,23aug2026
All polls,Morning Consult,,5/11/2026,5/17/2026,28525, RV,0.1993905,0.012304,,46,42,4,48.05971,41.73505,6.324661,https://intel.morningconsult.com/mc-content/trackers/2026-midterm-election-generic-ballot-polls,5/22/2026,20:00:46 23 Aug 2026,8/23/2026,,,901481,9014811,23aug2026
All polls,YouGov,Economist,5/1/2026,5/4/2026,1409, RV,0.2012593,0.0108208,,44,41,3,46.4762,42.71066,3.765541,https://d3nkl3psvxxpe9.cloudfront.net/documents/econTabReport_i4K4elJ.pdf,5/5/2026,20:00:46 23 Aug 2026,8/23/2026,,,901429,9014295,23aug2026
All polls,YouGov,Economist,4/24/2026,4/27/2026,1647, RV,0.2123798,0.0093345,,46,41,5,48.4762,42.71066,5.765541,https://d3nkl3psvxxpe9.cloudfront.net/documents/econTabReport_Ty7ikPd.pdf,4/28/2026,20:00:46 23 Aug 2026,8/23/2026,,,901399,9013995,23aug2026
All polls,Change Research,,4/3/2026,4/7/2026,2702, RV,0.5463405,0.0092447,,47,42,5,48.46818,42.59624,5.871941,https://changeresearch.com/who-do-voters-want-in-2028/,5/14/2026,20:00:46 23 Aug 2026,8/23/2026,,,901415,9014153,23aug2026
All polls,McLaughlin & Associates,,4/8/2026,4/15/2026,1000, LV,0.3307613,0.0091251,,47,43,4,48.6701,41.27689,7.393211,https://mclaughlinonline.com/pols/wp-content/uploads/2026/04/National-April-Release-Presentation-4-16-26.pdf,4/17/2026,20:00:46 23 Aug 2026,8/23/2026,,,901365,9013651,23aug2026
All polls,YouGov,Economist,4/17/2026,4/20/2026,1553, RV,0.2060815,0.0070173,,45,40,5,47.4762,41.71066,5.765541,https://d3nkl3psvxxpe9.cloudfront.net/documents/econTabReport_I24AWdp.pdf,4/21/2026,20:00:46 23 Aug 2026,8/23/2026,,,901380,9013805,23aug2026
All polls,Morning Consult,,5/25/2026,5/31/2026,, RV,0.0529625,0.0063963,,45,42,3,47.05971,41.73505,5.324661,https://intel.morningconsult.com/mc-content/trackers/2026-midterm-election-generic-ballot-polls,6/10/2026,20:00:46 23 Aug 2026,8/23/2026,,,901538,9015381,23aug2026
All polls,Morning Consult,,4/20/2026,4/26/2026,28235, RV,0.1772307,0.0063829,,45,42,3,47.05971,41.73505,5.324661,https://pro.morningconsult.com/trackers/2026-midterm-election-generic-ballot-polls,4/28/2026,20:00:46 23 Aug 2026,8/23/2026,,,901401,9014011,23aug2026
All polls,Morning Consult,,5/15/2026,5/17/2026,2203, RV,0.0721015,0.0050233,,47,41,6,49.05971,40.73505,8.324661,https://intel.morningconsult.com/mc-content/trackers/donald-trump-congress-policy-republicans-polling,5/22/2026,20:00:46 23 Aug 2026,8/23/2026,,,901480,9014802,23aug2026
All polls,YouGov,Economist,4/10/2026,4/13/2026,1573, RV,0.2055085,0.0049759,,45,40,5,47.4762,41.71066,5.765541,https://d3nkl3psvxxpe9.cloudfront.net/documents/econTabReport_G1zNgZq.pdf,4/14/2026,20:00:46 23 Aug 2026,8/23/2026,,,901355,9013555,23aug2026
All polls,Morning Consult,,4/13/2026,4/19/2026,27869, RV,0.1687447,0.0046883,,45,42,3,47.05971,41.73505,5.324661,https://pro.morningconsult.com/trackers/2026-midterm-election-generic-ballot-polls,4/21/2026,20:00:46 23 Aug 2026,8/23/2026,,,901374,9013741,23aug2026
All polls,Morning Consult,,4/30/2026,5/3/2026,2200, RV,0.0684554,0.0031158,,46,43,3,48.05971,42.73505,5.324661,https://pro.morningconsult.com/trackers/donald-trump-congress-policy-republicans-polling,5/5/2026,20:00:46 23 Aug 2026,8/23/2026,,,901431,9014312,23aug2026
All polls,YouGov,Economist,4/3/2026,4/6/2026,1560, RV,0.2014268,0.0028969,,44,42,2,46.4762,43.71066,2.765541,https://d3nkl3psvxxpe9.cloudfront.net/documents/econTabReport_SVRZJH8.pdf,4/7/2026,20:00:46 23 Aug 2026,8/23/2026,,,901334,9013345,23aug2026
All polls,Morning Consult,,4/24/2026,4/27/2026,2201, RV,0.0654833,0.0025679,,45,43,2,47.05971,42.73505,4.324661,https://pro.morningconsult.com/trackers/donald-trump-congress-policy-republicans-polling,4/27/2026,20:00:46 23 Aug 2026,8/23/2026,,,901397,9013972,23aug2026
All polls,CNN/SSRS,,3/26/2026,3/30/2026,951, RV,0.5890754,0.0023251,,48,42,6,47.82993,41.80354,6.02639,https://www.documentcloud.org/documents/27964261-cnn-poll-conducted-by-ssrs-trump-approval-economy/,4/3/2026,20:00:46 23 Aug 2026,8/23/2026,,,901318,9013184,23aug2026
All polls,Morning Consult,,4/17/2026,4/20/2026,2203, RV,0.0623863,0.0019548,,45,42,3,47.05971,41.73505,5.324661,https://pro.morningconsult.com/trackers/donald-trump-congress-policy-republicans-polling,4/20/2026,20:00:46 23 Aug 2026,8/23/2026,,,901369,9013692,23aug2026
All polls,Morning Consult,,3/30/2026,4/5/2026,12505, RV,0.113137,0.0010943,,45,42,3,47.05971,41.73505,5.324661,https://pro.morningconsult.com/trackers/2026-midterm-election-generic-ballot-polls,4/21/2026,20:00:46 23 Aug 2026,8/23/2026,,,901372,9013721,23aug2026
All polls,Morning Consult,,4/6/2026,4/9/2026,2200, RV,0.0586271,0.0010342,,46,42,4,48.05971,41.73505,6.324661,https://pro.morningconsult.com/trackers/donald-trump-congress-policy-republicans-polling,4/15/2026,20:00:46 23 Aug 2026,8/23/2026,,,901357,9013572,23aug2026
All polls,YouGov,Economist,3/27/2026,3/30/2026,1505, RV,0.1931175,0.0008462,,45,39,6,47.4762,40.71066,6.765541,https://d3nkl3psvxxpe9.cloudfront.net/documents/econTabReport_3wplfYX.pdf,3/31/2026,20:00:46 23 Aug 2026,8/23/2026,,,901315,9013155,23aug2026
All polls,Morning Consult,,4/3/2026,4/5/2026,2200, RV,0.0572269,0.0007069,,45,42,3,47.05971,41.73505,5.324661,https://pro.morningconsult.com/trackers/donald-trump-congress-policy-republicans-polling,4/7/2026,20:00:46 23 Aug 2026,8/23/2026,,,901336,9013362,23aug2026
All polls,YouGov,University of Massachusetts Lowell,3/26/2026,3/30/2026,1000, A,0.1334629,0.0003904,,38,35,3,40.4762,36.71066,3.765541,https://www.uml.edu/Research/public-opinion/polls/default.aspx,4/9/2026,20:00:46 23 Aug 2026,8/23/2026,,,901342,9013423,23aug2026
All polls,YouGov,The Economist,9/5/2025,9/8/2025,1487, RV,0.1912931,0,,44,40,4,46.4762,41.71066,4.765541,https://d3nkl3psvxxpe9.cloudfront.net/documents/econtoplines_7flqP0S.pdf,9/8/2025,20:00:46 23 Aug 2026,8/23/2026,,,90614,222533,23aug2026
All polls,Public Religion Research Institute,"Brookings Institute, Carnegie Corporation of New York, Ford Foundation, Unitarian Universalist Veatch Program at Shelter Rock",8/15/2025,9/8/2025,5543, A,1.49832,0,,33,30,3,36.69936,33.58417,3.115189,https://prri.org/research/trumps-unprecedented-actions-deepen-asymmetric-divides/,11/13/2025,20:00:46 23 Aug 2026,8/23/2026,,,900816,907721,23aug2026
All polls,Morning Consult,,9/1/2025,9/7/2025,25541, RV,0.136664,0,,44.22,42.09,2.130001,46.27971,41.82505,4.454659,https://pro.morningconsult.com/trackers/2026-midterm-election-generic-ballot-polls,12/15/2025,20:00:46 23 Aug 2026,8/23/2026,,,90865,908641,23aug2026
All polls,Echelon Insights,Internet for Growth,9/5/2025,9/7/2025,1030, LV,0.8509964,0,,45,44,1,43.90072,41.611,2.289719,https://internetforgrowth.com/voter-insights/,12/17/2025,20:00:46 23 Aug 2026,8/23/2026,,,900956,9009561,23aug2026
All polls,Cygnal,,9/2/2025,9/3/2025,1500, LV,1.213082,0,,47.6,45.2,2.399998,46.68542,43.43922,3.246201,https://www.cygn.al/poll-optimism-drops-while-trump-gop-maintain-issue-trust-with-midterm-voters-including-on-inflation-crime/,9/3/2025,20:00:46 23 Aug 2026,8/23/2026,,,90617,222552,23aug2026
All polls,YouGov,The Economist,9/26/2025,9/29/2025,1518, RV,0.1871284,0,,44,41,3,46.4762,42.71066,3.765541,https://today.yougov.com/politics/articles/53094-donald-trump-approval-rebound-government-shutdown-chances-james-comey-flu-covid-vaccines-economy-september-26-29-2025-economist-yougov-poll,9/29/2025,20:00:46 23 Aug 2026,8/23/2026,,,90709,222917,23aug2026
All polls,YouGov,Yahoo News,9/25/2025,9/29/2025,1126, RV,0.1662328,0,,44,40,4,46.4762,41.71066,4.765541,https://www.yahoo.com/entertainment/tv/article/poll-americans-approve-of-jimmy-kimmels-return-to-tv-by-a-more-than-2-to-1-margin-183746388.html,9/29/2025,20:00:46 23 Aug 2026,8/23/2026,,,900765,222949,23aug2026
All polls,Morning Consult,,9/22/2025,9/28/2025,21732, RV,0.1214103,0,,43.37,42.96,0.4099998,45.42971,42.69505,2.734661,https://pro.morningconsult.com/trackers/2026-midterm-election-generic-ballot-polls,12/15/2025,20:00:46 23 Aug 2026,8/23/2026,,,90868,908671,23aug2026
All polls,The New York Times/Siena College,,9/22/2025,9/27/2025,1313, RV,1.348304,0,,47,45,2,46.42578,44.8621,1.563683,https://www.nytimes.com/2025/09/30/polls/trump-approval-poll.html,9/27/2025,20:00:46 23 Aug 2026,8/23/2026,,,900759,222890,23aug2026
All polls,RMG Research,Napolitan Institute,9/22/2025,9/24/2025,2000, RV,0.6829158,0,,45,46,-1,45.60712,43.61937,1.987751,https://napolitannews.org/posts/generic-ballot-gop-43-percent-dem-41,9/24/2025,20:00:46 23 Aug 2026,8/23/2026,,,90710,222918,23aug2026
All polls,YouGov,The Economist,9/19/2025,9/22/2025,1392, RV,0.1828606,0,,45,42,3,47.4762,43.71066,3.765541,https://d3nkl3psvxxpe9.cloudfront.net/documents/econtoplines_EYduduY.pdf,9/22/2025,20:00:46 23 Aug 2026,8/23/2026,,,90674,222805,23aug2026
All polls,McLaughlin & Associates,,9/17/2025,9/22/2025,1000, LV,0.3560773,0,,41,47,-6,42.6701,45.27689,-2.606789,https://mclaughlinonline.com/2025/09/30/national-monthly-september-2025/,9/22/2025,20:00:46 23 Aug 2026,8/23/2026,,,90717,222950,23aug2026
All polls,Echelon Insights,,9/18/2025,9/22/2025,1071, LV,0.8717161,0,,47,46,1,45.90072,43.611,2.289719,https://echeloninsights.com/in-the-news/september-2025-verified-voter-omnibus/,9/22/2025,20:00:46 23 Aug 2026,8/23/2026,,,900739,222766,23aug2026
All polls,Ipsos,Reuters,9/19/2025,9/21/2025,799, RV,0.2985452,0,,40,38,2,44.9931,41.43717,3.555931,https://www.reuters.com/data/which-party-do-americans-want-run-congress-2025-11-05/,12/15/2025,20:00:46 23 Aug 2026,8/23/2026,,,900746,908191,23aug2026
All polls,Morning Consult,,9/15/2025,9/21/2025,21386, RV,0.1231925,0,,43.87,42.74,1.129997,45.92971,42.47506,3.454651,https://pro.morningconsult.com/trackers/2026-midterm-election-generic-ballot-polls,12/15/2025,20:00:46 23 Aug 2026,8/23/2026,,,90867,908661,23aug2026
All polls,YouGov,The Economist,8/29/2025,9/2/2025,1549, RV,0.1955918,0,,43,39,4,45.4762,40.71066,4.765541,https://d3nkl3psvxxpe9.cloudfront.net/documents/econtoplines_yFjgYJq.pdf,9/2/2025,20:00:46 23 Aug 2026,8/23/2026,,,90539,222397,23aug2026
All polls,YouGov,Yahoo News,8/29/2025,9/2/2025,1136, RV,0.1727752,0,,44,40,4,46.4762,41.71066,4.765541,https://www.scribd.com/document/911899946/Yahoo-YouGov-Newsom-Poll-August-2025,9/2/2025,20:00:46 23 Aug 2026,8/23/2026,,,900698,222441,23aug2026
All polls,Verasight,Strength In Numbers,9/15/2025,9/19/2025,1268, RV,0.5114151,0,,50,45,5,48.17109,45.08194,3.089149,https://www.gelliottmorris.com/p/new-poll-voters-to-blame-republicans-for-shutdown,9/19/2025,20:00:46 23 Aug 2026,8/23/2026,,,90675,2228031,23aug2026
All polls,The Argument/Verasight,,9/15/2025,9/18/2025,1541, RV,0.7463055,0,,53,47,6,49.82811,43.75373,6.074379,https://www.theargumentmag.com/p/chatgpt-and-the-end-of-learning,9/18/2025,20:00:46 23 Aug 2026,8/23/2026,,,90714,222929,23aug2026
All polls,AtlasIntel,,9/12/2025,9/16/2025,1066, A,0.9429561,0,,51.8,43.5,8.299999,48.55997,44.23758,4.322392,https://atlasintel.org/poll/usa-national-2025-09-19,9/16/2025,20:00:46 23 Aug 2026,8/23/2026,,,900736,222715,23aug2026
All polls,"Normington, Petts & Associates",Third Way,9/11/2025,9/16/2025,800, LV,0.8875322,0,,40,40,0,40.25533,39.35331,0.9020195,https://www.thirdway.org/memo/americans-caught-between-trumps-cruelty-and-democrats-chaos,11/13/2025,20:00:46 23 Aug 2026,8/23/2026,,,900827,907741,23aug2026
All polls,YouGov,The Economist,9/12/2025,9/15/2025,1420, RV,0.1863821,0,,43,41,2,45.4762,42.71066,2.765541,https://d3nkl3psvxxpe9.cloudfront.net/documents/econtoplines_XBYs983.pdf,9/15/2025,20:00:46 23 Aug 2026,8/23/2026,,,90645,222648,23aug2026
All polls,Morning Consult,,9/8/2025,9/14/2025,23465, RV,0.1301173,0,,43.89,42.44,1.450001,45.94971,42.17505,3.774662,https://pro.morningconsult.com/trackers/2026-midterm-election-generic-ballot-polls,12/15/2025,20:00:46 23 Aug 2026,8/23/2026,,,90866,908651,23aug2026
All polls,NAIP,,9/6/2025,9/13/2025,2071, LV,1.102736,0,,45,43,2,45.88461,42.2817,3.602909,https://www.realclearpolitics.com/articles/2025/09/19/generic_ballot_tracking_poll_republicans_narrow_dems_lead.html,12/15/2025,20:00:46 23 Aug 2026,8/23/2026,,REP,90813,908131,23aug2026
All polls,i360,Americans for Prosperity,9/10/2025,9/12/2025,577, RV,0.7193716,0,,35,32,3,37.86414,33.446,4.41814,https://www.politico.com/news/2025/12/03/obamacare-subsidies-expire-this-month-many-republicans-are-shrugging-00672949,12/3/2025,20:00:46 23 Aug 2026,8/23/2026,,REP,90802,908021,23aug2026
All polls,Clarity Campaign Labs,,9/4/2025,9/11/2025,1001, RV,0.6969455,0,,50,44,6,48.60937,43.07437,5.535,https://www.claritycampaigns.com/clarity-omnibus-september-2025,9/11/2025,20:00:46 23 Aug 2026,8/23/2026,,,900731,222678,23aug2026
All polls,Change Research,,9/5/2025,9/10/2025,2223, RV,0.6411889,0,,45,43,2,46.46818,43.59624,2.871941,https://portal.changeresearch.com/portal/projects/9b77cc10-feae-4dd6-b303-1b83ee015192,5/5/2026,20:00:46 23 Aug 2026,8/23/2026,,,901422,9014222,23aug2026
All polls,The Winston Group,Winning the Issues,8/30/2025,9/1/2025,1000, RV,0.9599504,0,,47,43,4,47.17823,42.83356,4.344669,https://www.winningtheissues.org/2025/12/31/2025-winning-the-issues-research/,2/27/2026,20:00:46 23 Aug 2026,8/23/2026,,REP,901147,9011473,23aug2026
All polls,Survey160,,8/26/2025,9/1/2025,1437, RV,0.8235024,0,,46,39,7,46.21024,41.14791,5.062328,https://www.survey160.com/methodological-research-blog/introducing-the-survey-160-tracking-poll,12/5/2025,20:00:46 23 Aug 2026,8/23/2026,,,900919,908041,23aug2026
All polls,CNN/SSRS,,8/21/2025,9/1/2025,1768, RV,0.8077916,0,,52,48,4,51.82993,47.80354,4.02639,https://www.cnn.com/2025/09/26/politics/us-politics-negative-sentiment-republicans-democrats,9/1/2025,20:00:46 23 Aug 2026,8/23/2026,,,90692,222840,23aug2026
All polls,Cygnal,,8/7/2025,8/9/2025,1500, LV,1.200493,0,,47.4,46.4,1,46.48543,44.63923,1.846203,https://www.cygn.al/national-poll-69-percent-of-americans-reject-race-based-redistricting-views-on-the-american-dream-on-life-support-and-the-fed-gets-low-marks-on-handling-of-interest-rates/,8/9/2025,20:00:46 23 Aug 2026,8/23/2026,,,90410,221956,23aug2026
All polls,YouGov,The Economist,8/1/2025,8/4/2025,1528, RV,0.2045883,0,,43.7,38.4,5.299999,46.1762,40.11066,6.06554,https://today.yougov.com/topics/politics/trackers/congressional-ballot-voting-intention,8/4/2025,20:00:46 23 Aug 2026,8/23/2026,,,90388,221810,23aug2026
All polls,Morning Consult,,8/25/2025,8/31/2025,26531, RV,0.1407303,0,,43.81,42.4,1.41,45.86971,42.13506,3.73465,https://pro.morningconsult.com/trackers/2026-midterm-election-generic-ballot-polls,12/15/2025,20:00:46 23 Aug 2026,8/23/2026,,,90864,908631,23aug2026
All polls,Morning Consult,,8/29/2025,8/31/2025,2202, RV,0.0518602,0,,45,41,4,47.05971,40.73505,6.324661,https://links.morningconsult.com/s/vb/zpOJTp1fd-BIR_rEUoDVVpbxjXadg6zyKojmasnqASm1Hp621kq0xaatdElmOwOyNR5BxVXYL1h85IVSEMQ-rZTd-Yz0U-hjJgu1WfIkrldD66UKOSCLbrYHiSzLtKjUuUOD33LEK9wVgTQl22Ic8BUrAP0z3AlRWdSJsA/dAaqMr_Kzp13zZAl6CKc8AYgFM7Csr5U/12,8/31/2025,20:00:46 23 Aug 2026,8/23/2026,,,900696,222387,23aug2026
All polls,Hart Research Associates/Public Opinion Strategies,CNBC,7/29/2025,8/3/2025,800, RV,0.9796585,0,,49,44,5,47.68093,42.41645,5.264481,https://www.cnbc.com/video/2025/08/07/cnbc-all-america-economic-survey-45-percent-approve-of-pres-trumps-handling-of-the-economy.html,8/3/2025,20:00:46 23 Aug 2026,8/23/2026,,,900640,221845,23aug2026
All polls,Morning Consult,,7/28/2025,8/3/2025,27432, RV,0.148015,0,,43.68,42.53,1.150002,45.73971,42.26505,3.474663,https://pro.morningconsult.com/trackers/2026-midterm-election-generic-ballot-polls,12/15/2025,20:00:46 23 Aug 2026,8/23/2026,,,90860,908591,23aug2026
All polls,Emerson College,,8/25/2025,8/26/2025,1000, RV,0.9405274,0,,43.3,43,0.2999992,43.22847,43.6647,-0.4362297,https://emersoncollegepolling.com/august-2025-national/,8/26/2025,20:00:46 23 Aug 2026,8/23/2026,,,900689,222344,23aug2026
All polls,McLaughlin & Associates,,8/21/2025,8/26/2025,1000, LV,0.3095384,0,,45,47,-2,46.6701,45.27689,1.393211,https://mclaughlinonline.com/2025/09/02/national-monthly-august-2025/?utm_source=rss&utm_medium=rss&utm_campaign=national-monthly-august-2025,8/26/2025,20:00:46 23 Aug 2026,8/23/2026,,,90537,222383,23aug2026
All polls,YouGov,The Economist,8/22/2025,8/25/2025,1377, RV,0.1891856,0,,43,41,2,45.4762,42.71066,2.765541,https://d3nkl3psvxxpe9.cloudfront.net/documents/econtoplines_ziFpJLd.pdf,8/25/2025,20:00:46 23 Aug 2026,8/23/2026,,,90501,222186,23aug2026
All polls,Morning Consult,,8/18/2025,8/24/2025,27673, RV,0.1455167,0,,44.05,42.24,1.809998,46.10971,41.97506,4.134651,https://pro.morningconsult.com/trackers/2026-midterm-election-generic-ballot-polls,12/15/2025,20:00:46 23 Aug 2026,8/23/2026,,,90863,908621,23aug2026
All polls,Ipsos,Reuters,8/22/2025,8/24/2025,895, RV,0.3468601,0,,36,39,-3,40.9931,42.43717,-1.444069,https://www.reuters.com/data/which-party-do-americans-want-run-congress-2025-11-05/,12/15/2025,20:00:46 23 Aug 2026,8/23/2026,,,900680,908202,23aug2026
All polls,RMG Research,Napolitan Institute,8/18/2025,8/21/2025,2000, RV,0.668799,0,,47,47,0,47.60712,44.61937,2.987751,https://napolitannews.org/posts/generic-ballot-gop-44-percent-dem-44,8/21/2025,20:00:46 23 Aug 2026,8/23/2026,,,90497,222124,23aug2026
All polls,Verasight,Strength In Numbers,8/18/2025,8/21/2025,1500, A,0.4658435,0,,49,41,8,47.17109,41.08194,6.089149,https://www.gelliottmorris.com/p/democrats-lead-the-us-house-generic,8/21/2025,20:00:46 23 Aug 2026,8/23/2026,,,90502,222184,23aug2026
All polls,Ipsos,Reuters,8/13/2025,8/18/2025,3516, RV,0.6072351,0,,42,37,5,46.9931,40.43717,6.555931,https://www.reuters.com/data/which-party-do-americans-want-run-congress-2025-11-05/,12/15/2025,20:00:46 23 Aug 2026,8/23/2026,,,900665,908211,23aug2026
All polls,YouGov,The Economist,8/15/2025,8/18/2025,1408, RV,0.1931294,0,,44,39,5,46.4762,40.71066,5.765541,https://d3nkl3psvxxpe9.cloudfront.net/documents/econtoplines_ep7WXyn.pdf,8/18/2025,20:00:46 23 Aug 2026,8/23/2026,,,90480,222093,23aug2026
All polls,Echelon Insights,,8/14/2025,8/18/2025,1057, LV,0.8740035,0,,47,46,1,45.90072,43.611,2.289719,https://echeloninsights.com/in-the-news/august-2025-verified-voter-omnibus/,8/18/2025,20:00:46 23 Aug 2026,8/23/2026,,,90476,222042,23aug2026
All polls,Morning Consult,,8/11/2025,8/17/2025,27248, RV,0.146277,0,,43.93,42.88,1.049999,45.98971,42.61506,3.374653,https://pro.morningconsult.com/trackers/2026-midterm-election-generic-ballot-polls,12/15/2025,20:00:46 23 Aug 2026,8/23/2026,,,90862,908611,23aug2026
All polls,The Argument/Verasight,,8/8/2025,8/17/2025,1562, RV,0.8770283,0,,50.7,49.3,1.400002,47.52811,46.05373,1.47438,https://www.theargumentmag.com/p/when-americans-bite-their-tongues,8/17/2025,20:00:46 23 Aug 2026,8/23/2026,,,90521,222313,23aug2026
All polls,YouGov,The Economist,8/9/2025,8/11/2025,1474, RV,0.1992659,0,,42,40,2,44.4762,41.71066,2.765541,https://d3nkl3psvxxpe9.cloudfront.net/documents/econtoplines_V8D6b4L.pdf,8/11/2025,20:00:46 23 Aug 2026,8/23/2026,,,90405,221952,23aug2026
All polls,Morning Consult,,8/4/2025,8/10/2025,26631, RV,0.145654,0,,43.79,42.66,1.130001,45.84971,42.39505,3.454659,https://pro.morningconsult.com/trackers/2026-midterm-election-generic-ballot-polls,12/15/2025,20:00:46 23 Aug 2026,8/23/2026,,,90861,908601,23aug2026
All polls,YouGov,The Economist,7/4/2025,7/7/2025,1389, RV,0.2141197,0,,43,40,3,45.4762,41.71066,3.765541,https://today.yougov.com/topics/politics/trackers/congressional-ballot-voting-intention,7/7/2025,20:00:46 23 Aug 2026,8/23/2026,,,90241,221735,23aug2026
All polls,Morning Consult,,6/30/2025,7/6/2025,27913, RV,0.1519047,0,,44.36,42.51,1.850002,46.41971,42.24505,4.17466,https://pro.morningconsult.com/trackers/2026-midterm-election-generic-ballot-polls,12/15/2025,20:00:46 23 Aug 2026,8/23/2026,,,90856,908551,23aug2026
All polls,Clarity Campaign Labs,,7/24/2025,7/31/2025,1018, RV,0.7210499,0,,51,43,8,49.60937,42.07437,7.535,https://static1.squarespace.com/static/61ae8d5e55be5c7314b4c83a/t/68936b40c111f97bb04773dd/1754491714447/Clarity+Omnibus+Overview+-+July+2025+%5BPUBLIC%5D.pdf,7/31/2025,20:00:46 23 Aug 2026,8/23/2026,,,900639,221844,23aug2026
All polls,GrayHouse,America One Policies,7/27/2025,7/29/2025,2000, RV,0.9684486,0,,47,44,3,48.28046,43.87104,4.40942,https://www.americaonepolicies.com/polls/selling-the-one-big-beautiful-bill,3/6/2026,20:00:46 23 Aug 2026,8/23/2026,,REP,901181,9011812,23aug2026
All polls,YouGov,Yahoo News,7/24/2025,7/28/2025,1167, RV,0.1860078,0,,46,39,7,48.4762,40.71066,7.765541,https://d3nkl3psvxxpe9.cloudfront.net/documents/20250728_yahoo.pdf,7/28/2025,20:00:46 23 Aug 2026,8/23/2026,,,900643,221899,23aug2026
All polls,YouGov,The Economist,7/25/2025,7/28/2025,1610, RV,0.2109963,0,,43,41,2,45.4762,42.71066,2.765541,https://today.yougov.com/topics/politics/trackers/congressional-ballot-voting-intention,7/28/2025,20:00:46 23 Aug 2026,8/23/2026,,,90363,221738,23aug2026
All polls,Ipsos,Reuters,7/25/2025,7/27/2025,884, RV,0.3756978,0,,40,39,1,44.9931,42.43717,2.555931,https://www.reuters.com/data/which-party-do-americans-want-run-congress-2025-11-05/,12/15/2025,20:00:46 23 Aug 2026,8/23/2026,,,900621,908221,23aug2026
All polls,Morning Consult,,7/21/2025,7/27/2025,28524, RV,0.1510388,0,,44.07,42.19,1.880001,46.12971,41.92505,4.204662,https://pro.morningconsult.com/trackers/2026-midterm-election-generic-ballot-polls,12/15/2025,20:00:46 23 Aug 2026,8/23/2026,,,90859,908581,23aug2026
All polls,McLaughlin & Associates,America's New Majority Project,7/21/2025,7/24/2025,1633, LV,0.3011802,0,,48,43.9,4.099998,49.84662,42.00037,7.846249,https://americasnewmajorityproject.com/winning-with-one-big-beautiful-bill/,7/24/2025,20:00:46 23 Aug 2026,8/23/2026,,REP,900618,221687,23aug2026
All polls,Emerson College,Nexstar,7/21/2025,7/22/2025,1400, RV,1.072233,0,,44,41.5,2.5,43.92847,42.1647,1.763771,https://www.conchovalleyhomepage.com/news/majority-disapprove-of-trumps-handling-of-epstein-files-emerson-college-polling-survey/,7/22/2025,20:00:46 23 Aug 2026,8/23/2026,,,900612,221656,23aug2026
All polls,YouGov,The Economist,7/18/2025,7/21/2025,1551, RV,0.2129302,0,,44,41,3,46.4762,42.71066,3.765541,https://today.yougov.com/topics/politics/trackers/congressional-ballot-voting-intention,7/21/2025,20:00:46 23 Aug 2026,8/23/2026,,,90338,221737,23aug2026
All polls,Morning Consult,,7/14/2025,7/20/2025,28190, RV,0.1511525,0,,44.32,42.59,1.73,46.37971,42.32505,4.054661,https://pro.morningconsult.com/trackers/2026-midterm-election-generic-ballot-polls,12/15/2025,20:00:46 23 Aug 2026,8/23/2026,,,90858,908571,23aug2026
All polls,"Fabrizio, Lee & Associates/Impact Research",The Wall Street Journal,7/16/2025,7/20/2025,1500, RV,0.9407095,0,,46,43,3,46.45651,43.3028,3.153709,https://www.wsj.com/politics/elections/trump-approval-rating-poll-july-2025-745b0f5f,7/20/2025,20:00:46 23 Aug 2026,8/23/2026,,,90353,221660,23aug2026
All polls,Cygnal,,7/1/2025,7/2/2025,1500, LV,1.149007,0,,47.1,45.7,1.399998,46.18542,43.93922,2.246201,https://www.cygn.al/poll-karens-freak-out-over-ice-raids-as-hispanic-support-for-deportations-surges/,7/2/2025,20:00:46 23 Aug 2026,8/23/2026,,,90244,221241,23aug2026
All polls,AtlasIntel,,7/13/2025,7/18/2025,1935, A,1.158618,0,,51.3,42.7,8.599998,48.05997,43.43758,4.622391,https://atlasintel.org/poll/usa-national-2025-07-18,7/18/2025,20:00:46 23 Aug 2026,8/23/2026,,,900590,221520,23aug2026
All polls,Rasmussen Reports,,7/13/2025,7/17/2025,2288, LV,1.321881,0,,46,42,4,47.12332,41.91012,5.213203,https://www.rasmussenreports.com/public_content/politics/mood_of_america/generic_congressional_ballot_july22,11/13/2025,20:00:46 23 Aug 2026,8/23/2026,,REP,90780,907801,23aug2026
All polls,Verasight,Strength In Numbers,7/14/2025,7/16/2025,1500, A,0.500186,0,,47,43,4,45.17109,43.08194,2.089149,https://www.gelliottmorris.com/p/new-poll-dems-lead-house-generic,7/16/2025,20:00:46 23 Aug 2026,8/23/2026,,,90336,221563,23aug2026
All polls,RMG Research,Napolitan Institute,7/14/2025,7/16/2025,2000, RV,0.6378598,0,,45,49,-4,45.60712,46.61937,-1.012249,https://napolitannews.org/posts/generic-ballot-july-2025-republicans-46-percent-democrats-42,7/16/2025,20:00:46 23 Aug 2026,8/23/2026,,,90334,221547,23aug2026
All polls,YouGov,The Economist,7/11/2025,7/14/2025,1506, RV,0.2162586,0,,43,39,4,45.4762,40.71066,4.765541,https://today.yougov.com/topics/politics/trackers/congressional-ballot-voting-intention,7/14/2025,20:00:46 23 Aug 2026,8/23/2026,,,90311,221736,23aug2026
All polls,Echelon Insights,,7/10/2025,7/14/2025,1084, LV,0.878176,0,,47,48,-1,45.90072,45.611,0.2897186,https://echeloninsights.com/in-the-news/july-2025-verified-voter-omnibus-2-2-2-2-2-2-2/,7/14/2025,20:00:46 23 Aug 2026,8/23/2026,,,900575,221405,23aug2026
All polls,McLaughlin & Associates,,7/9/2025,7/14/2025,1000, LV,0.2288187,0,,42,47,-5,43.6701,45.27689,-1.606789,https://mclaughlinonline.com/2025/07/17/ma-poll-national-monthly-july-2025/,7/14/2025,20:00:46 23 Aug 2026,8/23/2026,,,90321,221484,23aug2026
All polls,Morning Consult,,7/7/2025,7/13/2025,28276, RV,0.1521908,0,,44.72,42.75,1.970001,46.77971,42.48505,4.294659,https://pro.morningconsult.com/trackers/2026-midterm-election-generic-ballot-polls,12/15/2025,20:00:46 23 Aug 2026,8/23/2026,,,90857,908561,23aug2026
All polls,RMG Research,Napolitan Institute,6/9/2025,6/9/2025,1000, RV,0.4773994,0,,35,35,0,35.60712,32.61937,2.987751,https://napolitannews.org/posts/musk-3rd-party-would-get-8-percent-of-voters,6/9/2025,20:00:46 23 Aug 2026,8/23/2026,,,90063,219708,23aug2026
All polls,YouGov,The Economist,6/6/2025,6/9/2025,1397, RV,0.2464521,0,,44,43,1,46.4762,44.71066,1.765541,https://today.yougov.com/topics/politics/trackers/congressional-ballot-voting-intention,6/9/2025,20:00:46 23 Aug 2026,8/23/2026,,,90053,221731,23aug2026
All polls,Morning Consult,,6/2/2025,6/8/2025,28551, RV,0.1543784,0,,42.98,45.28,-2.299999,45.03971,45.01505,0.024662,https://pro.morningconsult.com/trackers/2026-midterm-election-generic-ballot-polls,12/15/2025,20:00:46 23 Aug 2026,8/23/2026,,,90852,908511,23aug2026
All polls,J.L. Partners,DailyMail.com,6/6/2025,6/6/2025,1006, RV,0.9842626,0,,42,35,7,42.08068,36.13288,5.9478,https://www.dailymail.co.uk/news/article-14796175/polling-donald-trump-2024-election-elon-musk.html,6/6/2025,20:00:46 23 Aug 2026,8/23/2026,,,90057,219706,23aug2026
All polls,Cygnal,,6/3/2025,6/4/2025,1500, LV,1.139432,0,,47.2,46.9,0.2999992,46.28543,45.13923,1.146202,https://www.cygn.al/national-poll-record-number-say-nation-is-on-right-track-voters-back-trumps-one-big-beautiful-bill-for-tax-relief-and-border-security/,6/4/2025,20:00:46 23 Aug 2026,8/23/2026,,,90056,219697,23aug2026
All polls,YouGov,The Economist,6/27/2025,6/30/2025,1491, RV,0.224976,0,,44,40,4,46.4762,41.71066,4.765541,https://today.yougov.com/topics/politics/trackers/congressional-ballot-voting-intention,6/30/2025,20:00:46 23 Aug 2026,8/23/2026,,,90219,221734,23aug2026
All polls,Morning Consult,,6/23/2025,6/29/2025,27694, RV,0.1517282,0,,43.58,43.34,0.2400017,45.63971,43.07505,2.564659,https://pro.morningconsult.com/trackers/2026-midterm-election-generic-ballot-polls,12/15/2025,20:00:46 23 Aug 2026,8/23/2026,,,90855,908541,23aug2026
All polls,American Pulse Research & Polling,,6/23/2025,6/25/2025,633, RV,0.7365844,0,,46.6,42.4,4.199997,46.43653,42.50431,3.93222,https://www.americanpulse.us/thankyou-pollresults-publicopinion-post-landscape-shaping-events-2,6/25/2025,20:00:46 23 Aug 2026,8/23/2026,,,900534,221029,23aug2026
All polls,Emerson College,,6/24/2025,6/25/2025,1000, RV,0.9920143,0,,42.5,39.8,2.700001,42.42847,40.46469,1.963779,https://emersoncollegepolling.com/june-national-poll/,6/25/2025,20:00:46 23 Aug 2026,8/23/2026,,,900538,221051,23aug2026
All polls,Ipsos,Reuters,6/20/2025,6/23/2025,994, RV,0.4187194,0,,40,36,4,44.9931,39.43717,5.555931,https://www.reuters.com/data/which-party-do-americans-want-run-congress-2025-11-05/,12/15/2025,20:00:46 23 Aug 2026,8/23/2026,,,90824,908231,23aug2026
All polls,YouGov,The Economist,6/20/2025,6/23/2025,1455, RV,0.2296183,0,,44,40,4,46.4762,41.71066,4.765541,https://today.yougov.com/topics/politics/trackers/congressional-ballot-voting-intention,6/23/2025,20:00:46 23 Aug 2026,8/23/2026,,,90183,221733,23aug2026
All polls,Morning Consult,,6/16/2025,6/22/2025,28021, RV,0.1526053,0,,43.99,43.73,0.2600021,46.04971,43.46505,2.58466,https://pro.morningconsult.com/trackers/2026-midterm-election-generic-ballot-polls,12/15/2025,20:00:46 23 Aug 2026,8/23/2026,,,90854,908531,23aug2026
All polls,Cygnal,,6/19/2025,6/21/2025,800, LV,0.8855824,0,,48.4,46,2.400002,47.48543,44.23922,3.246212,https://www.cygn.al/poll-bitcoin-owners-lean-republican-emerging-as-sought-after-voting-bloc-in-2026-elections/,6/21/2025,20:00:46 23 Aug 2026,8/23/2026,,,90186,221001,23aug2026
All polls,YouGov,The Economist,5/30/2025,6/2/2025,1436, RV,0.2637599,0,,44,42,2,46.4762,43.71066,2.765541,https://d3nkl3psvxxpe9.cloudfront.net/documents/econtoplines_uOptfZ9.pdf,6/2/2025,20:00:46 23 Aug 2026,8/23/2026,,,90039,219670,23aug2026
All polls,RMG Research,Napolitan Institute,6/18/2025,6/19/2025,1000, RV,0.470074,0,,44,52,-8,44.60712,49.61937,-5.012249,https://napolitannews.org/posts/generic-ballot-gop-holds-largest-lead-of-the-year,6/19/2025,20:00:46 23 Aug 2026,8/23/2026,,,90180,220954,23aug2026
All polls,Echelon Insights,,6/17/2025,6/18/2025,1002, LV,0.8336412,0,,47,48,-1,45.90072,45.611,0.2897186,https://echeloninsights.com/in-the-news/middle-east-update/,6/18/2025,20:00:46 23 Aug 2026,8/23/2026,,,900514,220920,23aug2026
All polls,Echelon Insights,,6/12/2025,6/17/2025,982, LV,0.8288878,0,,47,48,-1,45.90072,45.611,0.2897186,https://echeloninsights.com/in-the-news/june-2025-verified-voter-omnibus-2-2-2-2-2-2/,6/17/2025,20:00:46 23 Aug 2026,8/23/2026,,,900510,220836,23aug2026
All polls,YouGov,The Economist,6/13/2025,6/16/2025,1351, RV,0.2318537,0,,44,41,3,46.4762,42.71066,3.765541,https://today.yougov.com/topics/politics/trackers/congressional-ballot-voting-intention,6/16/2025,20:00:46 23 Aug 2026,8/23/2026,,,90083,221732,23aug2026
All polls,Ipsos,Reuters,6/11/2025,6/16/2025,3458, RV,0.6857741,0,,40,38,2,44.9931,41.43717,3.555931,https://www.reuters.com/data/which-party-do-americans-want-run-congress-2025-11-05/,12/15/2025,20:00:46 23 Aug 2026,8/23/2026,,,900505,908241,23aug2026
All polls,co/efficient,,6/12/2025,6/16/2025,1035, LV,0.8761247,0,,46,46,0,46.65264,44.97916,1.673481,https://coefficient.org/one-big-beautiful-bill/,6/16/2025,20:00:46 23 Aug 2026,8/23/2026,,REP,90166,220929,23aug2026
All polls,McLaughlin & Associates,America's New Majority Project,6/12/2025,6/15/2025,1637, LV,0.2438385,0,,47.2,46.4,0.7999992,49.04662,44.50037,4.546249,https://americasnewmajorityproject.com/how-to-talk-about-taxes-and-the-budget-bill-what-voters-respond-to-best/,6/15/2025,20:00:46 23 Aug 2026,8/23/2026,,REP,900524,220937,23aug2026
All polls,Morning Consult,,6/9/2025,6/15/2025,28058, RV,0.1529363,0,,43.68,44.94,-1.259998,45.73971,44.67505,1.064663,https://pro.morningconsult.com/trackers/2026-midterm-election-generic-ballot-polls,12/15/2025,20:00:46 23 Aug 2026,8/23/2026,,,90853,908521,23aug2026
All polls,McLaughlin & Associates,,6/10/2025,6/15/2025,1000, LV,0.199854,0,,42,47,-5,43.6701,45.27689,-1.606789,https://mclaughlinonline.com/pols/wp-content/uploads/2025/06/National-June-Presentation-RELEASE-6-16-25.pdf,6/15/2025,20:00:46 23 Aug 2026,8/23/2026,,,90161,220909,23aug2026
All polls,The Winston Group,Winning the Issues,6/12/2025,6/14/2025,1000, RV,1.014024,0,,46,42,4,46.17823,41.83356,4.344669,https://www.winningtheissues.org/2025/06/30/winning-the-issues-june-2025-national-survey/,6/14/2025,20:00:46 23 Aug 2026,8/23/2026,,REP,900568,221307,23aug2026
All polls,Clarity Campaign Labs,,6/5/2025,6/14/2025,1000, RV,0.7412483,0,,50,45,5,48.60937,44.07437,4.535,https://static1.squarespace.com/static/61ae8d5e55be5c7314b4c83a/t/6852fc5a3ac4c05449fc450e/1750269023826/Clarity+Omnibus+Overview+-+June+2025+%5BPUBLIC%5D.pdf,6/14/2025,20:00:46 23 Aug 2026,8/23/2026,,,900513,220899,23aug2026
All polls,Verasight,Strength In Numbers,6/6/2025,6/12/2025,1500, A,0.5413883,0,,45,37,8,43.17109,37.08194,6.089149,https://www.gelliottmorris.com/p/trump-approval-at-42-democrats-up,6/12/2025,20:00:46 23 Aug 2026,8/23/2026,,,90074,219731,23aug2026
All polls,McLaughlin & Associates,Club for Growth (PAC),6/9/2025,6/11/2025,1000, LV,0.2013118,0,,44,46,-2,45.84662,44.10036,1.746258,https://www.clubforgrowth.org/icymi-new-cfg-poll-finds-vast-majority-of-republicans-democrats-support-school-freedom-bills/,6/11/2025,20:00:46 23 Aug 2026,8/23/2026,,REP,90076,219733,23aug2026
All polls,Morning Consult,,5/26/2025,6/1/2025,29002, RV,0.1558435,0,,43.67,44.28,-0.6100006,45.72971,44.01505,1.714661,https://pro.morningconsult.com/trackers/2026-midterm-election-generic-ballot-polls,12/15/2025,20:00:46 23 Aug 2026,8/23/2026,,,90851,908501,23aug2026
All polls,co/efficient,,5/7/2025,5/9/2025,1462, LV,0.9393271,0,,45,42,3,45.65264,40.97916,4.673481,https://coefficient.org/national-approval-study/,5/9/2025,20:00:46 23 Aug 2026,8/23/2026,,REP,900429,219403,23aug2026
All polls,Cygnal,,5/6/2025,5/8/2025,1500, LV,1.18613,0,,47.1,46.6,0.5,46.18542,44.83922,1.346203,https://www.cygn.al/poll-aoc-more-popular-than-schumer-trump-image-improving-republicans-decimating-democrats-on-key-issue-trust-and-more/,5/8/2025,20:00:46 23 Aug 2026,8/23/2026,,,89881,219394,23aug2026
All polls,Verasight,Strength In Numbers,5/1/2025,5/6/2025,1000, A,0.5373484,0,,47,41,6,45.17109,41.08194,4.089149,https://www.gelliottmorris.com/p/new-poll-americans-oppose-trumps,5/6/2025,20:00:46 23 Aug 2026,8/23/2026,,,89882,219395,23aug2026
All polls,Morning Consult,,4/28/2025,5/4/2025,25876, RV,0.151693,0,,44.38,43.51,0.8700027,46.43971,43.24505,3.19466,https://pro.morningconsult.com/trackers/2026-midterm-election-generic-ballot-polls,12/15/2025,20:00:46 23 Aug 2026,8/23/2026,,,90847,908461,23aug2026
All polls,AtlasIntel,,5/21/2025,5/27/2025,3469, A,1.465722,0,,50.9,41.7,9.200001,47.65997,42.43758,5.222389,https://cdn.atlasintel.org/20c89f8f-d65e-4991-a491-388ae96986c9.pdf,5/27/2025,20:00:46 23 Aug 2026,8/23/2026,,,900464,219652,23aug2026
All polls,McLaughlin & Associates,,5/21/2025,5/26/2025,1000, LV,0.2137732,0,,43,47,-4,44.6701,45.27689,-0.6067886,https://mclaughlinonline.com/pols/wp-content/uploads/2025/05/National-May-Presentation-RELEASE-05-27-25.pdf,5/26/2025,20:00:46 23 Aug 2026,8/23/2026,,,90022,219637,23aug2026
All polls,YouGov,The Economist,5/23/2025,5/26/2025,1486, RV,0.2832384,0,,43,41,2,45.4762,42.71066,2.765541,https://today.yougov.com/topics/politics/trackers/congressional-ballot-voting-intention,5/26/2025,20:00:46 23 Aug 2026,8/23/2026,,,90016,221730,23aug2026
All polls,Morning Consult,,5/19/2025,5/25/2025,28855, RV,0.1561586,0,,43.21,44.82,-1.610001,45.26971,44.55505,0.7146606,https://pro.morningconsult.com/trackers/2026-midterm-election-generic-ballot-polls,12/15/2025,20:00:46 23 Aug 2026,8/23/2026,,,90850,908491,23aug2026
All polls,RMG Research,Napolitan Institute,5/20/2025,5/21/2025,1000, RV,0.5105906,0,,48,45,3,48.60712,42.61937,5.987751,https://napolitannews.org/posts/generic-ballot-gop-43-percent-dem-43,5/21/2025,20:00:46 23 Aug 2026,8/23/2026,,,90014,219587,23aug2026
All polls,Fabrizio Ward,Pinpoint Policy Institute,5/15/2025,5/19/2025,800, RV,0.9952917,0,,42,42,0,42.79176,42.22102,0.5707397,https://pinpointpolicyinstitute.org/pinpoint-policy-institute-quarterly-economic-tracking-poll/,5/19/2025,20:00:46 23 Aug 2026,8/23/2026,,,900471,219660,23aug2026
All polls,YouGov,Economist,5/16/2025,5/19/2025,1558, RV,0.3091904,0,,43,42,1,45.4762,43.71066,1.765541,https://today.yougov.com/topics/politics/trackers/congressional-ballot-voting-intention,11/25/2025,20:00:46 23 Aug 2026,8/23/2026,,,900442,907951,23aug2026
All polls,YouGov,The Economist,5/16/2025,5/19/2025,1558, RV,0.3091904,0,,43,42,1,45.4762,43.71066,1.765541,https://today.yougov.com/topics/politics/trackers/congressional-ballot-voting-intention,5/19/2025,20:00:46 23 Aug 2026,8/23/2026,,,89897,221729,23aug2026
All polls,Ipsos,Reuters,5/16/2025,5/18/2025,885, RV,0.4448302,0,,40,39,1,44.9931,42.43717,2.555931,https://www.reuters.com/data/which-party-do-americans-want-run-congress-2025-11-05/,12/15/2025,20:00:46 23 Aug 2026,8/23/2026,,,900443,908251,23aug2026
All polls,Morning Consult,,5/12/2025,5/18/2025,28103, RV,0.1552392,0,,43.26,44.45,-1.190002,45.31971,44.18505,1.134659,https://pro.morningconsult.com/trackers/2026-midterm-election-generic-ballot-polls,12/15/2025,20:00:46 23 Aug 2026,8/23/2026,,,90849,908481,23aug2026
All polls,Rasmussen Reports,,5/14/2025,5/16/2025,1012, LV,1.044061,0,,45,44,1,46.12332,43.91012,2.213203,https://www.rasmussenreports.com/public_content/archive/mood_of_america_archive/generic_congressional_ballot/democrats_have_slim_lead_in_early_2026_congressional_forecast,11/13/2025,20:00:46 23 Aug 2026,8/23/2026,,REP,90779,907791,23aug2026
All polls,Echelon Insights,,5/8/2025,5/12/2025,1000, LV,0.9059898,0,,47,48,-1,45.90072,45.611,0.2897186,https://echeloninsights.com/in-the-news/may-2025-verified-voter-omnibus-2-2-2-2-2/,5/12/2025,20:00:46 23 Aug 2026,8/23/2026,,,900421,219377,23aug2026
All polls,Morning Consult,,5/5/2025,5/11/2025,27882, RV,0.1555028,0,,43.35,44.53,-1.18,45.40971,44.26505,1.144661,https://pro.morningconsult.com/trackers/2026-midterm-election-generic-ballot-polls,12/15/2025,20:00:46 23 Aug 2026,8/23/2026,,,90848,908471,23aug2026
All polls,YouGov,The Economist,4/5/2025,4/8/2025,1558, RV,0.5640653,0,,43,42,1,45.4762,43.71066,1.765541,https://d3nkl3psvxxpe9.cloudfront.net/documents/econtoplines_Emo4hnf.pdf,4/8/2025,20:00:46 23 Aug 2026,8/23/2026,,,89690,219142,23aug2026
All polls,Morning Consult,,3/31/2025,4/6/2025,25977, RV,0.1568351,0,,43.68,43.99,-0.3100014,45.73971,43.72506,2.014652,https://pro.morningconsult.com/trackers/2026-midterm-election-generic-ballot-polls,12/15/2025,20:00:46 23 Aug 2026,8/23/2026,,,90843,908421,23aug2026
All polls,Wick,2Way,4/29/2025,4/30/2025,1000, RV,0.9714795,0,,42,39,3,42.81993,39.93907,2.880859,https://my.wick.io/analysis/shared/item/859BF9A4-407C-4E48-9DCF-C5F6A33B0CDA/view,11/13/2025,20:00:46 23 Aug 2026,8/23/2026,,,900757,907781,23aug2026
All polls,Yale University Institution for Social and Policy Studies,,4/1/2025,4/3/2025,4100, RV,1.14198,0,,43.3,41.7,1.599998,44.26371,41.68754,2.576172,https://youthpoll.yale.edu/spring-2025-results,4/3/2025,20:00:46 23 Aug 2026,8/23/2026,,,89744,219144,23aug2026
All polls,Cygnal,,4/1/2025,4/3/2025,1500, LV,1.208816,0,,47.5,46.5,1,46.58543,44.73922,1.84621,https://www.cygn.al/poll-democrats-continue-to-struggle-as-trump-maintains-strong-approval-even-in-light-of-tariffs/,4/3/2025,20:00:46 23 Aug 2026,8/23/2026,,,900331,219140,23aug2026
All polls,McLaughlin & Associates,,4/22/2025,4/29/2025,1000, LV,0.2458768,0,,43,45,-2,44.6701,43.27689,1.393211,https://mclaughlinonline.com/pols/wp-content/uploads/2025/05/National-April-Presentation-RELEASE-04-29-25.pdf,4/29/2025,20:00:46 23 Aug 2026,8/23/2026,,,89825,219310,23aug2026
All polls,Ipsos,Reuters,4/25/2025,4/27/2025,897, RV,0.4961865,0,,40,39,1,44.9931,42.43717,2.555931,https://www.reuters.com/data/which-party-do-americans-want-run-congress-2025-11-05/,12/15/2025,20:00:46 23 Aug 2026,8/23/2026,,,900394,908261,23aug2026
All polls,NewsNation,,4/23/2025,4/27/2025,1448, RV,0.9621595,0,,45,40,5,45.0506,39.70476,5.345837,https://www.newsnationnow.com/politics/recession-inflation-immigration-ddhq-poll/,4/27/2025,20:00:46 23 Aug 2026,8/23/2026,,,900398,219154,23aug2026
All polls,Morning Consult,,4/21/2025,4/27/2025,25544, RV,0.1518076,0,,44.09,43.14,0.9500008,46.14971,42.87505,3.274662,https://pro.morningconsult.com/trackers/2026-midterm-election-generic-ballot-polls,12/15/2025,20:00:46 23 Aug 2026,8/23/2026,,,90846,908451,23aug2026
All polls,The New York Times/Siena College,,4/21/2025,4/24/2025,913, RV,1.201842,0,,47,44,3,46.42578,43.8621,2.563683,https://www.nytimes.com/2025/04/25/us/politics/trump-poll-approval.html,4/24/2025,20:00:46 23 Aug 2026,8/23/2026,,,900377,219152,23aug2026
All polls,Beacon Research/Shaw & Co. Research,Fox News,4/18/2025,4/21/2025,1104, RV,1.212213,0,,49,42,7,47.01369,40.60419,6.4095,https://www.foxnews.com/official-polls/fox-news-poll-democrats-favorability-hits-new-low-still-favored-over-gop-2026-midterms,4/21/2025,20:00:46 23 Aug 2026,8/23/2026,,,89718,219153,23aug2026
All polls,Morning Consult,,4/14/2025,4/20/2025,26905, RV,0.1560839,0,,44.04,43.36,0.6800003,46.09971,43.09505,3.004658,https://pro.morningconsult.com/trackers/2026-midterm-election-generic-ballot-polls,12/15/2025,20:00:46 23 Aug 2026,8/23/2026,,,90845,908441,23aug2026
All polls,McLaughlin & Associates,America's New Majority Project,4/16/2025,4/19/2025,1638, LV,0.3143542,0,,45.7,47.1,-1.399998,47.54662,45.20036,2.34626,https://americasnewmajorityproject.com/most-support-blocking-states-from-giving-medicaid-to-illegal-immigrants/,4/19/2025,20:00:46 23 Aug 2026,8/23/2026,,REP,900375,219151,23aug2026
All polls,Noble Predictive Insights,The Center Square,4/15/2025,4/18/2025,2527, RV,1.453194,0,,45,42,3,45.90398,42.00034,3.903641,https://www.thecentersquare.com/polls/,4/18/2025,20:00:46 23 Aug 2026,8/23/2026,,,89719,219149,23aug2026
All polls,RMG Research,Napolitan Institute,4/16/2025,4/16/2025,1000, RV,0.6194792,0,,50,45,5,50.60712,42.61937,7.987751,https://napolitannews.org/posts/democrats-make-huge-gains-on-generic-ballot,4/16/2025,20:00:46 23 Aug 2026,8/23/2026,,,89745,219148,23aug2026
All polls,Echelon Insights,,4/10/2025,4/14/2025,1014, LV,0.9521633,0,,47,47,0,45.90072,44.611,1.289719,https://echeloninsights.com/in-the-news/april-2025-verified-voter-omnibus-2-2-2-2/,4/14/2025,20:00:46 23 Aug 2026,8/23/2026,,,900347,219143,23aug2026
All polls,Clarity Campaign Labs,,4/9/2025,4/14/2025,1008, RV,0.7158472,0,,44,45,-1,42.60937,44.07437,-1.465,https://45840940.fs1.hubspotusercontent-na1.net/hubfs/45840940/Clarity%20Omnibus%20Overview_April%202025.pdf,4/14/2025,20:00:46 23 Aug 2026,8/23/2026,,,900355,219146,23aug2026
All polls,Hart Research Associates/Public Opinion Strategies,CNBC,4/9/2025,4/13/2025,800, RV,0.9632434,0,,48,46,2,46.68093,44.41645,2.264481,https://www.cnbc.com/video/2025/04/17/tariffs-weight-on-trump-approval-cnbc-survey-finds.html,4/13/2025,20:00:46 23 Aug 2026,8/23/2026,,,900354,219145,23aug2026
All polls,Morning Consult,,4/7/2025,4/13/2025,26749, RV,0.1570661,0,,43.54,43.98,-0.4399986,45.59971,43.71505,1.884659,https://pro.morningconsult.com/trackers/2026-midterm-election-generic-ballot-polls,12/15/2025,20:00:46 23 Aug 2026,8/23/2026,,,90844,908431,23aug2026
All polls,Morning Consult,,4/6/2025,4/12/2026,12505, RV,0.0929273,0,,46,42,4,48.05971,41.73505,6.324661,https://pro.morningconsult.com/trackers/2026-midterm-election-generic-ballot-polls,4/21/2026,20:00:46 23 Aug 2026,8/23/2026,,,901373,9013731,23aug2026
All polls,RealClear Opinion Research,,4/10/2025,4/12/2025,1000, RV,0.8474652,0,,39.8,39.2,0.5999985,41.10876,40.15712,0.9516411,https://www.realclearpolitics.com/articles/2025/04/18/rcp_poll_voters_see_campus_bias_reject_trumps_tariff_pitch_152678.html,4/12/2025,20:00:46 23 Aug 2026,8/23/2026,,,900361,219147,23aug2026
All polls,The Winston Group,Winning the Issues,4/8/2025,4/10/2025,1000, RV,1.060541,0,,46,44,2,46.17823,43.83356,2.344669,https://www.winningtheissues.org/2025/04/30/winning-the-issues-april-2025-national-survey/,4/10/2025,20:00:46 23 Aug 2026,8/23/2026,,REP,900570,221306,23aug2026
All polls,"Fabrizio, Lee & Associates/Impact Research",The Wall Street Journal,3/27/2025,4/1/2025,1500, RV,0.8108907,0,,44,43,1,44.45651,43.3028,1.153709,https://www.wsj.com/politics/policy/trump-foreign-policy-approval-voters-poll-c0c29dd0,4/1/2025,20:00:46 23 Aug 2026,8/23/2026,,,89685,219139,23aug2026
All polls,McLaughlin & Associates,,3/4/2026,3/9/2026,1000, LV,0.3245663,0,,47,43,4,48.6701,41.27689,7.393211,https://mclaughlinonline.com/pols/wp-content/uploads/2026/03/National-March-Presentation-RELEASE-03-10-26.pdf,3/13/2026,20:00:46 23 Aug 2026,8/23/2026,,,901201,9012011,23aug2026
All polls,YouGov,Economist,3/6/2026,3/9/2026,1405, RV,0.1766461,0,,45,42,3,47.4762,43.71066,3.765541,https://d3nkl3psvxxpe9.cloudfront.net/documents/econTabReport_EcCnfRV.pdf,3/10/2026,20:00:46 23 Aug 2026,8/23/2026,,,901190,9011904,23aug2026
All polls,Clarity Campaign Labs,,3/3/2025,3/9/2025,1036, RV,0.6994112,0,,46,44,2,44.60937,43.07437,1.535,https://static1.squarespace.com/static/61ae8d5e55be5c7314b4c83a/t/67d0921f11ba8d57a17670a9/1741722147070/Clarity+Omnibus+Overview+-+March+2025+PUBLIC.pdf,3/9/2025,20:00:46 23 Aug 2026,8/23/2026,,,900268,219133,23aug2026
All polls,Morning Consult,,3/3/2025,3/9/2025,27685, RV,0.1716616,0,,42.92,44.98,-2.060001,44.97971,44.71505,0.2646599,https://pro.morningconsult.com/trackers/2026-midterm-election-generic-ballot-polls,12/15/2025,20:00:46 23 Aug 2026,8/23/2026,,,90839,908381,23aug2026
All polls,Morning Consult,,3/2/2026,3/8/2026,25948, RV,0.133038,0,,44,42,2,46.05971,41.73505,4.324661,https://pro.morningconsult.com/trackers/2026-midterm-election-generic-ballot-polls,3/12/2026,20:00:46 23 Aug 2026,8/23/2026,,,901198,9011981,23aug2026
All polls,Morning Consult,,3/6/2026,3/8/2026,2002, RV,0.0479832,0,,47,43,4,49.05971,42.73505,6.324661,https://pro.morningconsult.com/trackers/donald-trump-congress-policy-republicans-polling,3/12/2026,20:00:46 23 Aug 2026,8/23/2026,,,901196,9011962,23aug2026
All polls,McLaughlin & Associates,America's New Majority Project,3/4/2025,3/7/2025,1655, LV,0.3117336,0,,45.1,47.8,-2.700001,46.94662,45.90036,1.046261,https://americasnewmajorityproject.com/most-americans-support-trumps-maha-agenda/,3/7/2025,20:00:46 23 Aug 2026,8/23/2026,,REP,900267,219273,23aug2026
All polls,Noble Predictive Insights,Center Square,3/2/2026,3/5/2026,2659, RV,1.46966,0,,44,43,1,44.90398,43.00034,1.903641,https://www.thecentersquare.com/national/article_c3795c17-be14-4566-a625-eb38b4ffc1bf.html,3/14/2026,20:00:46 23 Aug 2026,8/23/2026,,,901204,9012042,23aug2026
All polls,Cygnal,,3/3/2025,3/5/2025,1500, LV,1.212618,0,,47.4,45.9,1.5,46.48543,44.13923,2.346203,https://www.cygn.al/poll-48-percent-support-trump-negotiating-settlement-to-war-in-ukraine-as-optimism-at-home-rises/,3/5/2025,20:00:46 23 Aug 2026,8/23/2026,,,900272,219134,23aug2026
All polls,Cygnal,,3/3/2026,3/4/2026,1500, LV,1.048102,0,,49,44.8,4.200001,48.08543,43.03922,5.046211,https://www.cygn.al/wp-content/uploads/2026/03/23673-Cygnal-National-Mar26-NVT-Deck-Public.pdf,3/9/2026,20:00:46 23 Aug 2026,8/23/2026,,,901188,9011881,23aug2026
All polls,RMG Research,Napolitan News Service,3/2/2026,3/4/2026,2000, RV,0.6428904,0,,46,46,0,46.60712,43.61937,2.987751,https://napolitannews.org/posts/generic-ballot-dem-44-percent-gop-43-dems-also-more-enthusiastic,3/6/2026,20:00:46 23 Aug 2026,8/23/2026,,,901176,9011761,23aug2026
All polls,Marist University,NPR | PBS News,3/2/2026,3/4/2026,1392, RV,1.162056,0,,53,44,9,50.44139,43.92243,6.518963,https://maristpoll.marist.edu/wp-content/uploads/2026/03/NPR_PBS-News_Marist-Poll_USA-NOS-and-Tables_202603091024.pdf,3/11/2026,20:00:46 23 Aug 2026,8/23/2026,,,901194,9011943,23aug2026
All polls,Morning Consult,,3/24/2025,3/30/2025,27397, RV,0.1621203,0,,43.6,44.44,-0.8400002,45.65971,44.17505,1.484661,https://pro.morningconsult.com/trackers/2026-midterm-election-generic-ballot-polls,12/15/2025,20:00:46 23 Aug 2026,8/23/2026,,,90842,908411,23aug2026
All polls,Hart Research Associates/Public Opinion Strategies,NBC News,2/27/2026,3/3/2026,1000, RV,1.026943,0,,50,44,6,48.68093,42.41645,6.264481,https://www.nbcnews.com/politics/2026-election/poll-trump-struggles-immigration-prices-iran-democrats-midterm-edge-rcna261861,3/8/2026,20:00:46 23 Aug 2026,8/23/2026,,,901183,9011832,23aug2026
All polls,Emerson College,,3/2/2025,3/3/2025,1000, RV,1.17192,0,,44.4,41.4,3,44.32847,42.0647,2.263767,https://emersoncollegepolling.com/march-2025-national-poll/,3/3/2025,20:00:46 23 Aug 2026,8/23/2026,,,89624,218732,23aug2026
All polls,Morning Consult,Gambling Is Not Investing,3/23/2026,3/29/2026,26725, RV,0.1466947,0,,45,42,3,47.05971,41.73505,5.324661,https://pro.morningconsult.com/trackers/2026-midterm-election-generic-ballot-polls,4/3/2026,20:00:46 23 Aug 2026,8/23/2026,,,901328,9013281,23aug2026
All polls,HarrisX,Harvard CAPS,3/25/2026,3/26/2026,1475, LV,0.5103771,0,,52,48,4,50.67695,44.34301,6.333939,https://harvardharrispoll.com/wp-content/uploads/2026/03/HHP_Mar2026_KeyResults.pdf,3/30/2026,20:00:46 23 Aug 2026,8/23/2026,,,901313,9013137,23aug2026
All polls,Quantus Insights,,3/25/2026,3/26/2026,1472, LV,0.7794808,0,,47,41.3,5.700001,47.45577,41.05243,6.403339,https://quantusinsights.org/f/new-quantus-survey-a-sour-national-mood-and-a-midterm-warning,4/6/2026,20:00:46 23 Aug 2026,8/23/2026,,,901332,9013322,23aug2026
All polls,YouGov,Economist,3/20/2026,3/23/2026,1502, RV,0.1886011,0,,45,42,3,47.4762,43.71066,3.765541,https://d3nkl3psvxxpe9.cloudfront.net/documents/econTabReport_o84FoNw.pdf,3/24/2026,20:00:46 23 Aug 2026,8/23/2026,,,901244,9012444,23aug2026
All polls,Quinnipiac University,,3/19/2026,3/23/2026,1191, RV,1.016783,0,,51,40,11,50.11709,40.59116,9.525928,https://poll.qu.edu/poll-release?releaseid=3953,3/25/2026,20:00:46 23 Aug 2026,8/23/2026,,,901302,9013023,23aug2026
All polls,Ipsos,Reuters,3/20/2026,3/23/2026,985, RV,0.2917307,0,,40,38,2,44.9931,41.43717,3.555931,https://www.ipsos.com/en-us/economy-and-foreign-conflicts-now-publics-top-two-issue-concerns,3/24/2026,20:00:46 23 Aug 2026,8/23/2026,,,901296,9012964,23aug2026
All polls,Yale University Institution for Social and Policy Studies,,3/9/2026,3/23/2026,3429, RV,1.03154,0,,46,43.7,2.299999,46.96371,43.68754,3.276173,https://youthpoll.yale.edu/spring-2026-results,4/13/2026,20:00:46 23 Aug 2026,8/23/2026,,,901353,9013532,23aug2026
All polls,Ipsos,Reuters,3/21/2025,3/23/2025,911, RV,0.5454781,0,,38,38,0,42.9931,41.43717,1.555931,https://www.reuters.com/data/which-party-do-americans-want-run-congress-2025-11-05/,12/15/2025,20:00:46 23 Aug 2026,8/23/2026,,,900299,908271,23aug2026
All polls,Morning Consult,,3/17/2025,3/23/2025,27364, RV,0.1642994,0,,43.09,44.61,-1.52,45.14971,44.34505,0.8046608,https://pro.morningconsult.com/trackers/2026-midterm-election-generic-ballot-polls,12/15/2025,20:00:46 23 Aug 2026,8/23/2026,,,90841,908401,23aug2026
All polls,Morning Consult,Gambling Is Not Investing,3/17/2026,3/22/2026,15029, A,0.0940355,0,,47,42,5,49.05971,41.73505,7.324661,https://www.gamblingisnotinvesting.com/morning-consult-poll-reveals-americans-concerns-with-prediction-markets/,4/2/2026,20:00:46 23 Aug 2026,8/23/2026,,,901322,9013221,23aug2026
All polls,Morning Consult,,3/16/2026,3/22/2026,26406, RV,0.1397731,0,,45,42,3,47.05971,41.73505,5.324661,https://pro.morningconsult.com/trackers/2026-midterm-election-generic-ballot-polls,3/24/2026,20:00:46 23 Aug 2026,8/23/2026,,,901298,9012981,23aug2026
All polls,Impact Research/BSP Research,"Third Way, UnidosUS",3/10/2026,3/20/2026,1000, LV,0.9496727,0,,45,41,4,45.71104,41.27735,4.433689,https://www.thirdway.org/memo/president-trumps-immigration-problem,4/16/2026,20:00:46 23 Aug 2026,8/23/2026,,,901360,9013601,23aug2026
All polls,YouGov,Economist,2/27/2026,3/2/2026,1366, RV,0.1725035,0,,45,41,4,47.4762,42.71066,4.765541,https://d3nkl3psvxxpe9.cloudfront.net/documents/econTabReport_ubu5DXD.pdf,3/3/2026,20:00:46 23 Aug 2026,8/23/2026,,,901163,9011634,23aug2026
All polls,Public Opinion Strategies,Paragon Health Institute,2/25/2025,3/2/2025,1000, RV,1.202772,0,,44,46,-2,44.88963,45.81793,-0.928299,https://paragoninstitute.org/medicaid/paragon-health-policy-survey-2025/,3/2/2025,20:00:46 23 Aug 2026,8/23/2026,,,900289,219137,23aug2026
All polls,Morning Consult,,2/24/2025,3/2/2025,28092, RV,0.1788053,0,,42.96,44.61,-1.650002,45.01971,44.34505,0.6746597,https://pro.morningconsult.com/trackers/2026-midterm-election-generic-ballot-polls,12/15/2025,20:00:46 23 Aug 2026,8/23/2026,,,90838,908371,23aug2026
All polls,Ipsos,Reuters,3/17/2026,3/19/2026,1206, RV,0.3163008,0,,40,37,3,44.9931,40.43717,4.555931,https://www.reuters.com/world/middle-east/americans-believe-trump-will-send-troops-into-iran-dont-like-idea-reutersipsos-2026-03-19/,3/20/2026,20:00:46 23 Aug 2026,8/23/2026,,,901227,9012273,23aug2026
All polls,Rasmussen Reports,,3/16/2026,3/19/2026,2222, LV,1.171124,0,,45,42,3,46.12332,41.91012,4.213203,https://www.rasmussenreports.com/platinum/political_tracking_crosstabs/march_2026/crosstabs_generic_congressional_ballot_march_16_19_and_22_23_2026#google_vignette,3/26/2026,20:00:46 23 Aug 2026,8/23/2026,,REP,901306,9013061,23aug2026
All polls,"Normington, Petts & Associates",Third Way,3/12/2025,3/19/2025,800, LV,0.8875322,0,,50,50,0,50.25533,49.35331,0.9020195,https://www.thirdway.org/polling/democrats-immigration-opportunity,3/19/2025,20:00:46 23 Aug 2026,8/23/2026,,,89821,219302,23aug2026
All polls,Verasight,Strength in Numbers,3/16/2026,3/18/2026,1370, RV,0.4647343,0,,49,43,6,47.17109,43.08194,4.089149,https://www.gelliottmorris.com/p/2026-03-24-march-sin-verasight-poll-main-release,3/24/2026,20:00:46 23 Aug 2026,8/23/2026,,,901242,9012424,23aug2026
All polls,John Zogby Strategies,,3/17/2026,3/18/2026,1000, LV,0.6573441,0,,46.3,45.8,0.5,46.08599,45.57563,0.5103607,https://x.com/zogbystrategies/status/2036096236139245673/photo/1,3/23/2026,20:00:46 23 Aug 2026,8/23/2026,,,901240,9012401,23aug2026
All polls,The Argument/Verasight,,3/12/2026,3/17/2026,1519, RV,0.7212003,0,,54,46,8,50.82811,42.75373,8.074379,https://www.theargumentmag.com/p/americans-would-trade-jobs-for-cheaper,3/23/2026,20:00:46 23 Aug 2026,8/23/2026,,,901239,9012392,23aug2026
All polls,The Winston Group,Winning the Issues,3/15/2026,3/17/2026,1000, RV,1.019396,0,,49,40,9,49.17823,39.83356,9.344669,https://www.winningtheissues.org/wp-content/uploads/2026/04/March-2026-Winning-the-Issues-Survey.pdf,4/9/2026,20:00:46 23 Aug 2026,8/23/2026,,REP,901343,9013432,23aug2026
All polls,Emerson College,,3/16/2026,3/17/2026,1000, LV,1.024286,0,,49.2,41.5,7.700001,49.12847,42.1647,6.963772,https://emersoncollegepolling.com/march-2026-national-poll-47-oppose-us-military-action-in-iran-40-support/,3/20/2026,20:00:46 23 Aug 2026,8/23/2026,,,901231,9012312,23aug2026
All polls,Morning Consult,,3/13/2026,3/16/2026,2201, RV,0.0510068,0,,48,40,8,50.05971,39.73505,10.32466,https://pro.morningconsult.com/trackers/donald-trump-congress-policy-republicans-polling,3/17/2026,20:00:46 23 Aug 2026,8/23/2026,,,901211,9012112,23aug2026
All polls,YouGov,Economist,3/13/2026,3/16/2026,1429, RV,0.1806409,0,,43,41,2,45.4762,42.71066,2.765541,https://d3nkl3psvxxpe9.cloudfront.net/documents/econTabReport_CwWXhS2.pdf,3/17/2026,20:00:46 23 Aug 2026,8/23/2026,,,901210,9012104,23aug2026
All polls,Echelon Insights,,3/12/2026,3/16/2026,1033, LV,0.8397796,0,,49,44,5,47.90072,41.611,6.289719,https://echelonin.wpenginepowered.com/wp-content/uploads/March-2026-Omnibus-Topline-External.pdf,3/16/2026,20:00:46 23 Aug 2026,8/23/2026,,,901208,9012082,23aug2026
All polls,Morning Consult,,3/10/2025,3/16/2025,26877, RV,0.1657467,0,,43.2,44.95,-1.75,45.25971,44.68505,0.5746574,https://pro.morningconsult.com/trackers/2026-midterm-election-generic-ballot-polls,12/15/2025,20:00:46 23 Aug 2026,8/23/2026,,,90840,908391,23aug2026
All polls,Morning Consult,,3/9/2026,3/15/2026,26634, RV,0.1367702,0,,45,42,3,47.05971,41.73505,5.324661,https://pro.morningconsult.com/trackers/2026-midterm-election-generic-ballot-polls,3/17/2026,20:00:46 23 Aug 2026,8/23/2026,,,901212,9012121,23aug2026
All polls,Survey160,,3/9/2026,3/15/2026,1546, RV,0.7148681,0,,48,38,10,48.21024,40.14791,8.062328,https://www.survey160.com/methodological-research-blog/survey-160-tracking-poll-march-2026,3/24/2026,20:00:46 23 Aug 2026,8/23/2026,,,901243,9012432,23aug2026
All polls,Echelon Insights,,3/10/2025,3/13/2025,1007, LV,1.006631,0,,46,47,-1,44.90072,44.611,0.2897186,https://echeloninsights.com/in-the-news/march-2025-verified-voter-omnibus-2-2-2/,3/13/2025,20:00:46 23 Aug 2026,8/23/2026,,,900276,219135,23aug2026
All polls,YouGov,Yahoo News,3/12/2026,3/12/2026,1148, RV,0.164229,0,,44,40,4,46.4762,41.71066,4.765541,https://www.yahoo.com/news/politics/article/poll-66-of-americans-disapprove-of-trump-on-gas-prices-as-they-feel-effects-of-iran-war-120000483.html,3/18/2026,20:00:46 23 Aug 2026,8/23/2026,,,901216,9012163,23aug2026
All polls,Change Research,,3/8/2026,3/12/2026,1540, RV,0.4309449,0,,47,41,6,48.46818,41.59624,6.871941,https://portal.changeresearch.com/portal/projects/61cdcd30-3c32-4785-9ccb-5fe82cb36389,5/5/2026,20:00:46 23 Aug 2026,8/23/2026,,,901428,9014283,23aug2026
All polls,Hart Research Associates/Public Opinion Strategies,NBC News,3/7/2025,3/11/2025,1000, RV,1.06479,0,,48,47,1,46.68093,45.41645,1.264481,https://www.nbcnews.com/politics/politics-news/democratic-party-hits-new-polling-low-voters-want-fight-trump-harder-rcna196161,3/11/2025,20:00:46 23 Aug 2026,8/23/2026,,,900279,219136,23aug2026
All polls,McLaughlin & Associates,Tea Party Patriots,3/10/2026,3/10/2026,1000, LV,0.3235947,0,,46.9,43.3,3.600002,48.74662,41.40036,7.34626,https://www.teapartypatriots.org/save-america-act-poll/,3/18/2026,20:00:46 23 Aug 2026,8/23/2026,,REP,901222,9012221,23aug2026
All polls,Focaldata,,3/6/2026,3/10/2026,1534, RV,0.580347,0,,48,42,6,47.37204,41.56876,5.80328,https://www.focaldata.com/blog/democrats-increase-lead-and-rubio-stock-surges-amid-iran-war,3/13/2026,20:00:46 23 Aug 2026,8/23/2026,,,901203,9012034,23aug2026
All polls,Morning Consult,,2/23/2026,3/1/2026,25404, RV,0.1301255,0,,45,42,3,47.05971,41.73505,5.324661,https://pro.morningconsult.com/trackers/2026-midterm-election-generic-ballot-polls,3/12/2026,20:00:46 23 Aug 2026,8/23/2026,,,901197,9011971,23aug2026
All polls,Morning Consult,,2/6/2026,2/9/2026,2200, RV,0.0483243,0,,45,41,4,47.05971,40.73505,6.324661,https://pro.morningconsult.com/trackers/donald-trump-congress-policy-republicans-polling#trump-s-performance-on-the-issues,2/9/2026,20:00:46 23 Aug 2026,8/23/2026,,,901091,9010912,23aug2026
All polls,YouGov,Economist,2/6/2026,2/9/2026,1551, RV,0.1801741,0,,44,38,6,46.4762,39.71066,6.765541,https://d3nkl3psvxxpe9.cloudfront.net/documents/econTabReport_vNnwPx2.pdf,2/10/2026,20:00:46 23 Aug 2026,8/23/2026,,,901094,9010944,23aug2026
All polls,Morning Consult,,2/3/2025,2/9/2025,26690, RV,0.2112717,0,,42.65,45.22,-2.57,44.70971,44.95506,-0.2453499,https://pro.morningconsult.com/trackers/2026-midterm-election-generic-ballot-polls,12/15/2025,20:00:46 23 Aug 2026,8/23/2026,,,90835,908341,23aug2026
All polls,Morning Consult,,2/2/2026,2/8/2026,24606, RV,0.1268728,0,,45,42,3,47.05971,41.73505,5.324661,https://pro.morningconsult.com/trackers/2026-midterm-election-generic-ballot-polls,2/9/2026,20:00:46 23 Aug 2026,8/23/2026,,,901093,9010931,23aug2026
All polls,Clarity Campaign Labs,,1/31/2025,2/6/2025,1102, RV,0.7783728,0,,45,44,1,43.60937,43.07437,0.5349998,https://static1.squarespace.com/static/61ae8d5e55be5c7314b4c83a/t/67aa57a7976e415c4d212706/1739216809584/Clarity+Omnibus+Overview+-+Jan_Feb+2025.pdf,2/6/2025,20:00:46 23 Aug 2026,8/23/2026,,,89553,218119,23aug2026
All polls,John Zogby Strategies,,2/4/2026,2/5/2026,1000, LV,0.7672434,0,,46.9,41.2,5.700001,46.68599,40.97563,5.710358,https://johnzogbystrategies.com/the-presidents-approval-ratings-underwater-on-overall-job-all-key-voter-issues/,2/7/2026,20:00:46 23 Aug 2026,8/23/2026,,,901087,9010872,23aug2026
All polls,Cygnal,,2/4/2025,2/5/2025,1500, LV,1.215793,0,,46.2,47.2,-1,45.28543,45.43922,-0.1537895,https://www.cygn.al/poll-trump-winning-over-black-men-dei-skeptics-and-border-hawks-as-democrats-lose-ground/,2/5/2025,20:00:46 23 Aug 2026,8/23/2026,,,89560,218218,23aug2026
All polls,Cygnal,,2/3/2026,2/4/2026,1500, LV,1.035055,0,,47.8,44.4,3.399998,46.88543,42.63923,4.246201,https://www.cygn.al/wp-content/uploads/2026/02/23572-Cygnal-National-NVT-Feb26-Deck-Public.pdf,2/11/2026,20:00:46 23 Aug 2026,8/23/2026,,,901099,9010991,23aug2026
All polls,TIPP Insights,Issues & Insights,2/24/2026,2/27/2026,1264, RV,1.235537,0,,45.5,44.2,1.299999,46.50811,44.06009,2.448021,https://tippinsights.com/americas-stalemate/,3/13/2026,20:00:46 23 Aug 2026,8/23/2026,,,901202,9012021,23aug2026
All polls,HarrisX,Harvard CAPS,2/25/2026,2/26/2026,1560, LV,0.5844427,0,,50,50,0,48.67695,46.34301,2.333939,https://harvardharrispoll.com/key-results-february-2026/,3/2/2026,20:00:46 23 Aug 2026,8/23/2026,,,901161,9011615,23aug2026
All polls,Cygnal,American Principles Project,2/24/2026,2/26/2026,1048, LV,0.897121,0,,48.3,44.6,3.700001,47.55937,42.66528,4.894089,https://act.americanprinciplesproject.org/p/protect-kids-online/results?access=press,3/6/2026,20:00:46 23 Aug 2026,8/23/2026,,REP,901177,9011771,23aug2026
All polls,YouGov,Pennsylvania State University McCourtney Institute for Democracy,2/18/2026,2/23/2026,824, RV,0.1379884,0,,42,37,5,44.4762,38.71066,5.765541,https://democracy.psu.edu/poll-report-archive/democrats-have-edge-in-congressional-generic-ballot/,3/10/2026,20:00:46 23 Aug 2026,8/23/2026,,,901191,9011911,23aug2026
All polls,GrayHouse,America One Policies,2/20/2026,2/23/2026,1394, RV,0.8174829,0,,43,40,3,44.28046,39.87104,4.40942,https://www.americaonepolicies.com/polls/attitudes-on-iran-the-economy-and-affordability,3/5/2026,20:00:46 23 Aug 2026,8/23/2026,,REP,901173,9011731,23aug2026
All polls,Echelon Insights,,2/19/2026,2/23/2026,1002, LV,0.8725334,0,,50,46,4,48.90072,43.611,5.289719,https://echeloninsights.com/in-the-news/february-2026-verified-voter-omnibus/,2/23/2026,20:00:46 23 Aug 2026,8/23/2026,,,901127,9011272,23aug2026
All polls,Ipsos,Reuters,2/18/2026,2/23/2026,3686, RV,0.4829522,0,,40,38,2,44.9931,41.43717,3.555931,https://www.reuters.com/world/us/most-americans-say-trump-is-growing-erratic-with-age-reutersipsos-poll-finds-2026-02-24/,2/24/2026,20:00:46 23 Aug 2026,8/23/2026,,,901130,9011303,23aug2026
All polls,YouGov,Economist,2/20/2026,2/23/2026,1402, RV,0.1718835,0,,45,41,4,47.4762,42.71066,4.765541,https://d3nkl3psvxxpe9.cloudfront.net/documents/econTabReport_5ZLQm8s.pdf,2/24/2026,20:00:46 23 Aug 2026,8/23/2026,,,901129,9011294,23aug2026
All polls,Ipsos,Reuters,2/21/2025,2/23/2025,891, RV,0.5598569,0,,38,40,-2,42.9931,43.43717,-0.4440689,https://www.reuters.com/data/which-party-do-americans-want-run-congress-2025-11-05/,12/15/2025,20:00:46 23 Aug 2026,8/23/2026,,,89602,908281,23aug2026
All polls,Morning Consult,,2/17/2025,2/23/2025,27621, RV,0.1862507,0,,42.1,45.1,-3,44.15971,44.83505,-0.6753387,https://pro.morningconsult.com/trackers/2026-midterm-election-generic-ballot-polls,12/15/2025,20:00:46 23 Aug 2026,8/23/2026,,,90837,908361,23aug2026
All polls,Morning Consult,,2/16/2026,2/22/2026,26087, RV,0.129711,0,,45,42,3,47.05971,41.73505,5.324661,https://pro.morningconsult.com/trackers/2026-midterm-election-generic-ballot-polls,2/26/2026,20:00:46 23 Aug 2026,8/23/2026,,,901141,9011411,23aug2026
All polls,Global Strategy Group,Campaign For A Family Friendly Economy (PAC),2/17/2026,2/22/2026,1051, LV,1.020801,0,,48,40,8,47.93628,40.56231,7.37397,https://www.semafor.com/article/03/23/2026/poll-caretaking-anecdotes-resonate-with-voters,3/24/2026,20:00:46 23 Aug 2026,8/23/2026,,,901245,9012451,23aug2026
All polls,Emerson College,,2/21/2026,2/22/2026,1000, LV,1.022207,0,,50.4,42.4,8,50.32847,43.0647,7.263767,https://emersoncollegepolling.com/february-2026-national-poll-trump-approval-steady-as-disapproval-rises-vance-leads-gop-field-while-democrats-hold-midterm-edge/,2/26/2026,20:00:46 23 Aug 2026,8/23/2026,,,901139,9011392,23aug2026
All polls,Morning Consult,,2/20/2026,2/22/2026,2002, RV,0.0466766,0,,46,42,4,48.05971,41.73505,6.324661,https://pro.morningconsult.com/trackers/donald-trump-congress-policy-republicans-polling,2/25/2026,20:00:46 23 Aug 2026,8/23/2026,,,901137,9011372,23aug2026
All polls,RMG Research,Napolitan Institute,2/20/2025,2/21/2025,1000, RV,0.7005252,0,,46,48,-2,46.60712,45.61937,0.987751,https://x.com/ScottWRasmussen/status/1894720317291114920,2/21/2025,20:00:46 23 Aug 2026,8/23/2026,,,89604,218572,23aug2026
All polls,Verasight,Strength in Numbers,2/18/2026,2/20/2026,1401, RV,0.4937717,0,,52,42,10,50.17109,42.08194,8.089149,https://www.gelliottmorris.com/p/ahead-of-state-of-the-union-address,2/24/2026,20:00:46 23 Aug 2026,8/23/2026,,,901131,9011314,23aug2026
All polls,YouGov,Economist,1/30/2026,2/2/2026,1504, RV,0.1809378,0,,44,40,4,46.4762,41.71066,4.765541,https://d3nkl3psvxxpe9.cloudfront.net/documents/econTabReport_DDIQ8jz.pdf,2/3/2026,20:00:46 23 Aug 2026,8/23/2026,,,901075,9010754,23aug2026
All polls,Morning Consult,,1/27/2025,2/2/2025,29303, RV,0.242181,0,,42.85,43.76,-0.9099998,44.90971,43.49505,1.414661,https://pro.morningconsult.com/trackers/2026-midterm-election-generic-ballot-polls,12/15/2025,20:00:46 23 Aug 2026,8/23/2026,,,90834,908331,23aug2026
All polls,Talker Research,Scripps News,2/13/2026,2/19/2026,1000, A,0.7470228,0,,42,36,6,42.90237,37.51892,5.38345,https://www.scrippsnews.com/politics/scripps-news-talker-research-poll-high-interest-in-state-of-the-union-amid-economic-worries,2/24/2026,20:00:46 23 Aug 2026,8/23/2026,,,901134,9011342,23aug2026
All polls,Change Research,,2/5/2026,2/18/2026,1741, RV,0.4617745,0,,43,40,3,44.46818,40.59624,3.871941,https://portal.changeresearch.com/portal/projects/9c8a3c8a-70c6-47f8-80bf-596426bc3318,5/5/2026,20:00:46 23 Aug 2026,8/23/2026,,,901427,9014272,23aug2026
All polls,YouGov,Bowling Green State University,2/13/2026,2/18/2026,1200, RV,0.1607052,0,,49,41,8,51.4762,42.71066,8.765541,https://scholarworks.bgsu.edu/cgi/viewcontent.cgi?article=1017&context=depo,2/24/2026,20:00:46 23 Aug 2026,8/23/2026,,,901133,9011332,23aug2026
All polls,YouGov,The Economist,2/16/2025,2/18/2025,1451, RV,0.8102629,0,,42,41,1,44.4762,42.71066,1.765541,https://d3nkl3psvxxpe9.cloudfront.net/documents/econTabReport_OFVhPxp.pdf,2/18/2025,20:00:46 23 Aug 2026,8/23/2026,,,89579,218440,23aug2026
All polls,McLaughlin & Associates,,2/11/2025,2/18/2025,1000, LV,0.2479396,0,,41,48,-7,42.6701,46.27689,-3.606789,https://mclaughlinonline.com/pols/wp-content/uploads/2025/02/National-February-Presentation-RELEASE-02-18-25.pdf,2/18/2025,20:00:46 23 Aug 2026,8/23/2026,,,89590,218441,23aug2026
All polls,Ipsos,The Washington Post | ABC News,2/12/2026,2/17/2026,2087, RV,0.3844451,0,,47,45,2,51.9931,48.43717,3.555931,https://www.washingtonpost.com/politics/2026/02/25/poll-democrats-trump-republicans-midterms/,2/26/2026,20:00:46 23 Aug 2026,8/23/2026,,,901121,9011213,23aug2026
All polls,McLaughlin & Associates,U.S. Chamber of Commerce,2/13/2025,2/17/2025,1600, LV,0.2992223,0,,43,47,-4,44.84662,45.10036,-0.2537422,https://www.uschamber.com/assets/documents/USCC_National-Tax-Survey_Deck_Feb-2025.pdf,2/17/2025,20:00:46 23 Aug 2026,8/23/2026,,REP,89766,219131,23aug2026
All polls,co/efficient,,2/15/2025,2/17/2025,2063, LV,1.185373,0,,44,46,-2,44.65264,44.97916,-0.326519,https://coefficient.org/doge-part-2/,2/17/2025,20:00:46 23 Aug 2026,8/23/2026,,REP,89596,218564,23aug2026
All polls,YouGov,Economist,2/13/2026,2/16/2026,1512, RV,0.1762925,0,,47,40,7,49.4762,41.71066,7.765541,https://d3nkl3psvxxpe9.cloudfront.net/documents/econTabReport_usZL1Jt.pdf,2/17/2026,20:00:46 23 Aug 2026,8/23/2026,,,901112,9011124,23aug2026
All polls,Ipsos,Reuters,2/13/2026,2/16/2026,846, RV,0.2666899,0,,41,37,4,45.9931,40.43717,5.555931,https://www.reuters.com/world/us/trumps-immigration-approval-hits-new-low-according-reutersipsos-poll-2026-02-17/,2/18/2026,20:00:46 23 Aug 2026,8/23/2026,,,901116,9011163,23aug2026
All polls,Morning Consult,,2/13/2026,2/16/2026,2200, RV,0.0481543,0,,45,41,4,47.05971,40.73505,6.324661,https://pro.morningconsult.com/trackers/donald-trump-congress-policy-republicans-polling,2/17/2026,20:00:46 23 Aug 2026,8/23/2026,,,901115,9011152,23aug2026
All polls,The Bullfinch Group,Independent Center,2/13/2026,2/16/2026,1000, RV,0.6390123,0,,46,35,11,48.57444,38.70582,9.868622,https://www.thebullfinchgroup.com/post/public-release-of-bullfinch-mainframe-q1-nationwide-survey,6/4/2026,20:00:46 23 Aug 2026,8/23/2026,,,901515,9015154,23aug2026
All polls,Morning Consult,,2/10/2025,2/16/2025,27203, RV,0.1968723,0,,42.33,45.23,-2.899998,44.38971,44.96505,-0.5753403,https://pro.morningconsult.com/trackers/2026-midterm-election-generic-ballot-polls,12/15/2025,20:00:46 23 Aug 2026,8/23/2026,,,90836,908351,23aug2026
All polls,Morning Consult,,2/9/2026,2/15/2026,12505, RV,0.0965183,0,,45,42,3,47.05971,41.73505,5.324661,https://pro.morningconsult.com/trackers/2026-midterm-election-generic-ballot-polls,2/27/2026,20:00:46 23 Aug 2026,8/23/2026,,,901151,9011511,23aug2026
All polls,Echelon Insights,,2/10/2025,2/13/2025,1010, LV,1.107661,0,,46,47,-1,44.90072,44.611,0.2897186,https://echeloninsights.com/in-the-news/feb-2025-verified-voter-omnibus-2-2/,2/13/2025,20:00:46 23 Aug 2026,8/23/2026,,,89566,218247,23aug2026
All polls,YouGov,Yahoo News,2/9/2026,2/12/2026,1149, RV,0.1589617,0,,44,41,3,46.4762,42.71066,3.765541,https://www.yahoo.com/news/politics/article/poll-trumps-approval-rating-hits-new-low-as-immigration-backlash-grows-and-ice-withdraws-from-minnesota-204723473.html,2/19/2026,20:00:46 23 Aug 2026,8/23/2026,,,901108,9011083,23aug2026
All polls,RMG Research,Napolitan News Service,2/9/2026,2/12/2026,2000, RV,0.6404142,0,,45,47,-2,45.60712,44.61937,0.987751,https://napolitannews.org/posts/generic-ballot-gop-44-percent-dem-41-but-dems-more-enthusiastic,2/13/2026,20:00:46 23 Aug 2026,8/23/2026,,,901104,9011041,23aug2026
All polls,The Argument/Verasight,,2/4/2026,2/10/2026,3003, RV,0.8525737,0,,53,47,6,49.82811,43.75373,6.074379,https://www.theargumentmag.com/p/the-trans-rights-backlash-is-real,2/17/2026,20:00:46 23 Aug 2026,8/23/2026,,,901113,9011132,23aug2026
All polls,Focaldata,,2/10/2026,2/10/2026,957, LV,0.5549732,0,,51.1,43.6,7.5,50.47204,43.16876,7.30328,https://www.focaldata.com/blog/cost-of-living-fuelling-democrat-strength-in-new-midterms-polling,2/13/2026,20:00:46 23 Aug 2026,8/23/2026,,,901106,9011066,23aug2026
All polls,Morning Consult,,1/30/2026,2/1/2026,2201, RV,0.0485623,0,,47,42,5,49.05971,41.73505,7.324661,https://pro.morningconsult.com/trackers/donald-trump-congress-policy-republicans-polling,2/2/2026,20:00:46 23 Aug 2026,8/23/2026,,,901072,9010722,23aug2026
All polls,Morning Consult,,1/26/2026,2/1/2026,25492, RV,0.1294968,0,,44,42,2,46.05971,41.73505,4.324661,https://pro.morningconsult.com/trackers/2026-midterm-election-generic-ballot-polls,2/9/2026,20:00:46 23 Aug 2026,8/23/2026,,,901092,9010921,23aug2026
All polls,"Fabrizio, Lee & Associates/Impact Research",AARP,1/27/2025,2/1/2025,3000, RV,1.015174,0,,43,43,0,43.45651,43.3028,0.1537094,https://www.aarp.org/content/dam/aarp/research/topics/voter-opinion-research/politics/federal-tax-package-legislative-priorities.doi.10.26419-2fres.00921.001.pdf,2/1/2025,20:00:46 23 Aug 2026,8/23/2026,,,89555,218160,23aug2026
All polls,GrayHouse,America One Policies,12/6/2025,12/8/2025,2058, RV,0.8931435,0,,45,41,4,46.28046,40.87104,5.40942,https://www.americaonepolicies.com/polls/selling-the-one-big-beautiful-bill,3/6/2026,20:00:46 23 Aug 2026,8/23/2026,,REP,901182,9011821,23aug2026
All polls,Ipsos,Reuters,12/3/2025,12/8/2025,3521, RV,0.5110547,0,,40,39,1,44.9931,42.43717,2.555931,https://www.reuters.com/data/trumps-approval-rating-2025-01-21/,12/15/2025,20:00:46 23 Aug 2026,8/23/2026,,,900932,9009324,23aug2026
All polls,YouGov,Economist,12/5/2025,12/8/2025,1380, RV,0.1882515,0,,42,37,5,44.4762,38.71066,5.765541,https://d3nkl3psvxxpe9.cloudfront.net/documents/econTabReport_qLhWxpK.pdf,12/15/2025,20:00:46 23 Aug 2026,8/23/2026,,,900931,908082,23aug2026
All polls,Hart Research Associates/Public Opinion Strategies,CNBC,12/4/2025,12/8/2025,800, RV,0.9065882,0,,50,46,4,48.68093,44.41645,4.264481,https://fm.cnbc.com/applications/cnbc.com/resources/editorialfiles/2025/12/16/TOPLINES_250313_CNBC_AAES_Q4_2025_new.pdf,12/17/2025,20:00:46 23 Aug 2026,8/23/2026,,,900958,9009582,23aug2026
All polls,Cygnal,,12/5/2025,12/7/2025,1500, LV,1.177523,0,,48,44.1,3.900002,47.08543,42.33922,4.746212,https://www.cygn.al/wp-content/uploads/2025/12/23448-Cygnal-National-Dec25-NVT-Deck-Public.pdf,12/15/2025,20:00:46 23 Aug 2026,8/23/2026,,,90811,908111,23aug2026
All polls,Morning Consult,,12/5/2025,12/7/2025,2201, RV,0.0488355,0,,46,43,3,48.05971,42.73505,5.324661,https://pro.morningconsult.com/trackers/donald-trump-congress-policy-republicans-polling,12/15/2025,20:00:46 23 Aug 2026,8/23/2026,,,900929,908121,23aug2026
All polls,Morning Consult,,12/1/2025,12/7/2025,19970, RV,0.1173499,0,,44.22,42.82,1.400002,46.27971,42.55505,3.724659,https://pro.morningconsult.com/trackers/2026-midterm-election-generic-ballot-polls,12/15/2025,20:00:46 23 Aug 2026,8/23/2026,,,90878,908771,23aug2026
All polls,RMG Research,Napolitan Institute,12/1/2025,12/4/2025,2000, RV,0.6809877,0,,44,48,-4,44.60712,45.61937,-1.012249,https://napolitannews.org/posts/generic-ballot-gop-45-percent-dem-41,12/15/2025,20:00:46 23 Aug 2026,8/23/2026,,,90807,908071,23aug2026
All polls,YouGov,Economist,12/26/2025,12/29/2025,1420, RV,0.1900602,0,,42,38,4,44.4762,39.71066,4.765541,https://d3nkl3psvxxpe9.cloudfront.net/documents/econTabReport_h1aYmmb.pdf,12/30/2025,20:00:46 23 Aug 2026,8/23/2026,,,900985,9009854,23aug2026
All polls,YouGov,Economist,12/20/2025,12/22/2025,1425, RV,0.1923153,0,,43,40,3,45.4762,41.71066,3.765541,https://d3nkl3psvxxpe9.cloudfront.net/documents/econTabReport_nBgFw7w.pdf,12/23/2025,20:00:46 23 Aug 2026,8/23/2026,,,900976,9009764,23aug2026
All polls,Morning Consult,,12/15/2025,12/21/2025,20240, RV,0.1212738,0,,44.63,42.35,2.280003,46.68971,42.08505,4.60466,https://pro.morningconsult.com/trackers/2026-midterm-election-generic-ballot-polls,12/22/2025,20:00:46 23 Aug 2026,8/23/2026,,,900974,9009741,23aug2026
All polls,Morning Consult,,12/19/2025,12/21/2025,2203, RV,0.0502214,0,,47,43,4,49.05971,42.73505,6.324661,https://pro.morningconsult.com/trackers/donald-trump-congress-policy-republicans-polling,12/22/2025,20:00:46 23 Aug 2026,8/23/2026,,,900973,9009732,23aug2026
All polls,AtlasIntel,,12/15/2025,12/19/2025,2315, A,1.342132,0,,54.4,38.4,16,51.15997,39.13758,12.02239,https://www.atlasintel.org/poll/usa-national-2025-12-19,12/19/2025,20:00:46 23 Aug 2026,8/23/2026,,,900964,9009642,23aug2026
All polls,McLaughlin & Associates,,12/12/2025,12/19/2025,1000, LV,0.3829303,0,,46,45,1,47.6701,43.27689,4.393211,https://mclaughlinonline.com/2025/12/23/national-monthly-december-2025/,12/26/2025,20:00:46 23 Aug 2026,8/23/2026,,,900979,9009791,23aug2026
All polls,Fabrizio Ward,Building Americaâs Future,12/15/2025,12/17/2025,1000, RV,1.071721,0,,45,38,7,46.15022,38.34944,7.800777,https://buildingamericasfuture.com/wp-content/uploads/2025/12/AI-Federal-Preemption-National-Voter-Survey-Memo.pdf,12/22/2025,20:00:46 23 Aug 2026,8/23/2026,,REP,900970,9009701,23aug2026
All polls,Echelon Insights/GBAO,AARP,12/9/2025,12/16/2025,2023, LV,1.053675,0,,47,43,4,47.06057,42.81097,4.249599,https://www.aarp.org/content/dam/aarp/research/topics/work-finances-retirement/financial-security-retirement/shes-the-difference-financial-security-annotated-questionnaire.doi.10.26419-2fres.01033.002.pdf,2/12/2026,20:00:46 23 Aug 2026,8/23/2026,,,901102,9011022,23aug2026
All polls,McLaughlin & Associates,,12/11/2024,12/16/2024,1000, LV,0.474803,0,,42,47,-5,43.6701,45.27689,-1.606789,https://mclaughlinonline.com/2024/12/18/ma-poll-national-monthly-december-2024/,12/16/2024,20:00:46 23 Aug 2026,8/23/2026,,,89445,217185,23aug2026
All polls,Quinnipiac University,,12/11/2025,12/15/2025,1035, RV,0.9742082,0,,47,43,4,46.11709,43.59116,2.525928,https://poll.qu.edu/poll-release?releaseid=3943,12/17/2025,20:00:46 23 Aug 2026,8/23/2026,,,900955,9009552,23aug2026
All polls,Emerson College,,12/14/2025,12/15/2025,1000, RV,0.8940574,0,,43.5,41.7,1.799999,43.42847,42.3647,1.06377,https://emersoncollegepolling.com/december-2025-national-poll-trumps-approval-flips-since-start-of-the-year/,12/18/2025,20:00:46 23 Aug 2026,8/23/2026,,,900960,9009602,23aug2026
All polls,Ipsos,Reuters,12/12/2025,12/15/2025,775, RV,0.2902109,0,,40,36,4,44.9931,39.43717,5.555931,https://www.reuters.com/data/which-party-do-americans-want-run-congress-2025-11-05/,12/16/2025,20:00:46 23 Aug 2026,8/23/2026,,,900951,9009512,23aug2026
All polls,YouGov,Economist,12/12/2025,12/15/2025,1453, RV,0.1937343,0,,43,39,4,45.4762,40.71066,4.765541,https://d3nkl3psvxxpe9.cloudfront.net/documents/econTabReport_FJyfDu9.pdf,12/16/2025,20:00:46 23 Aug 2026,8/23/2026,,,900947,9009474,23aug2026
All polls,Morning Consult,,12/12/2025,12/15/2025,2201, RV,0.04965,0,,45,44,1,47.05971,43.73505,3.324661,https://pro.morningconsult.com/trackers/donald-trump-congress-policy-republicans-polling,12/15/2025,20:00:46 23 Aug 2026,8/23/2026,,,900945,908321,23aug2026
All polls,Echelon Insights,,12/11/2025,12/15/2025,1011, LV,0.9524329,0,,48,45,3,46.90072,42.611,4.289719,https://echelonin.wpenginepowered.com/wp-content/uploads/December-2025-Omnibus-Topline-External.pdf,12/16/2025,20:00:46 23 Aug 2026,8/23/2026,,,900948,9009482,23aug2026
All polls,Ipsos,Reuters,12/13/2024,12/15/2024,890, RV,0.7307567,0,,41,37,4,45.9931,40.43717,5.555931,https://www.reuters.com/data/which-party-do-americans-want-run-congress-2025-11-05/,12/15/2025,20:00:46 23 Aug 2026,8/23/2026,,,90831,908301,23aug2026
All polls,Morning Consult,,12/8/2025,12/14/2025,19954, RV,0.1189745,0,,44.19,42.53,1.66,46.24971,42.26505,3.984661,https://pro.morningconsult.com/trackers/2026-midterm-election-generic-ballot-polls,12/16/2025,20:00:46 23 Aug 2026,8/23/2026,,,900952,9009521,23aug2026
All polls,Clarity Campaign Labs,,12/4/2025,12/11/2025,1000, RV,0.7103853,0,,49,44,5,47.60937,43.07437,4.535,https://www.claritycampaigns.com/clarity-omnibus-dec-2025,12/16/2025,20:00:46 23 Aug 2026,8/23/2026,,,900949,9009492,23aug2026
All polls,The Argument/Verasight,,12/5/2025,12/11/2025,1521, RV,0.7103798,0,,50.6,49.4,1.199997,47.42811,46.15373,1.27438,https://www.theargumentmag.com/p/have-democrats-lost-their-education,12/16/2025,20:00:46 23 Aug 2026,8/23/2026,,,900950,9009502,23aug2026
All polls,Cygnal,,12/9/2024,12/11/2024,1500, LV,1.407075,0,,44.6,48.4,-3.800003,43.68542,46.63923,-2.953808,https://www.cygn.al/poll-musk-most-effective-trump-surrogate-as-voters-rally-behind-doge-deportations-and-congressional-republicans/,12/11/2024,20:00:46 23 Aug 2026,8/23/2026,,,89437,217076,23aug2026
All polls,Change Research,,12/5/2025,12/10/2025,1520, RV,0.4784936,0,,43,43,0,44.46818,43.59624,0.8719406,https://portal.changeresearch.com/portal/projects/462322ed-5e5a-43bd-b4ff-43acb1d433e2,5/5/2026,20:00:46 23 Aug 2026,8/23/2026,,,901425,9014252,23aug2026
All polls,YouGov,Economist,11/28/2025,12/1/2025,1456, RV,0.1902269,0,,45,39,6,47.4762,40.71066,6.765541,https://d3nkl3psvxxpe9.cloudfront.net/documents/econTabReport_szm0BQt.pdf,12/2/2025,20:00:46 23 Aug 2026,8/23/2026,,,900913,908002,23aug2026
All polls,Morning Consult,,11/3/2025,11/9/2025,21394, RV,0.1134572,0,,43.83,42.3,1.530003,45.88971,42.03505,3.85466,https://pro.morningconsult.com/trackers/2026-midterm-election-generic-ballot-polls,12/15/2025,20:00:46 23 Aug 2026,8/23/2026,,,90874,908731,23aug2026
All polls,Morning Consult,,11/7/2025,11/9/2025,2201, RV,0.0458544,0,,48,43,5,50.05971,42.73505,7.324661,https://pro.morningconsult.com/trackers/donald-trump-congress-policy-republicans-polling,11/12/2025,20:00:46 23 Aug 2026,8/23/2026,,,900862,907701,23aug2026
All polls,Cygnal,,11/5/2025,11/6/2025,1500, LV,1.198579,0,,50,44,6,49.08543,42.23922,6.84621,https://www.cygn.al/poll-voters-say-less-socialism-more-stabilityeconomic-concerns-surge-heading-into-2026/,11/14/2025,20:00:46 23 Aug 2026,8/23/2026,,,90781,907811,23aug2026
All polls,Emerson College,,11/3/2025,11/4/2025,1000, RV,0.9000256,0,,43.5,40.1,3.400002,43.42847,40.76469,2.66378,https://emersoncollegepolling.com/november-2025-national-poll/,11/12/2025,20:00:46 23 Aug 2026,8/23/2026,,,900856,907691,23aug2026
All polls,Morning Consult,,11/26/2025,11/30/2025,2200, RV,0.0478408,0,,45,41,4,47.05971,40.73505,6.324661,https://pro.morningconsult.com/trackers/donald-trump-congress-policy-republicans-polling,12/2/2025,20:00:46 23 Aug 2026,8/23/2026,,,900911,907991,23aug2026
All polls,Morning Consult,,11/24/2025,11/30/2025,21658, RV,0.1190034,0,,44,42.42,1.580002,46.05971,42.15505,3.904663,https://pro.morningconsult.com/trackers/2026-midterm-election-generic-ballot-polls,12/15/2025,20:00:46 23 Aug 2026,8/23/2026,,,90877,908761,23aug2026
All polls,YouGov,The Economist,10/31/2025,11/3/2025,1470, RV,0.1846349,0,,44,41,3,46.4762,42.71066,3.765541,https://d3nkl3psvxxpe9.cloudfront.net/documents/econTabReport_5RO6eos.pdf,11/12/2025,20:00:46 23 Aug 2026,8/23/2026,,,90768,907682,23aug2026
All polls,GBAO,Third Way,11/19/2025,11/26/2025,2000, RV,1.12634,0,,48,42,6,47.80475,42.44425,5.3605,https://uploads.thirdway.org/downloads/food-medicine-fuel-for-a-wave/Third-WayGBAO-National-Framing-Survey-Toplines-November-2025.pdf,12/26/2025,20:00:46 23 Aug 2026,8/23/2026,,,900980,9009802,23aug2026
All polls,J.L. Partners,DailyMail.com,11/19/2025,11/25/2025,797, LV,0.9288057,0,,50,46,4,50.08068,47.13288,2.9478,https://jlpartners.com/nov25-rv,12/6/2025,20:00:46 23 Aug 2026,8/23/2026,,,90806,908061,23aug2026
All polls,The Bullfinch Group,,11/21/2025,11/25/2025,1000, RV,0.6282905,0,,41,35,6,43.57444,38.70582,4.868622,https://www.thebullfinchgroup.com/post/public-release-of-bullfinch-q4-nationwide-survey-3,12/2/2025,20:00:46 23 Aug 2026,8/23/2026,,,900910,907982,23aug2026
All polls,YouGov,Yahoo News,11/20/2025,11/24/2025,1131, RV,0.1699167,0,,43,40,3,45.4762,41.71066,3.765541,"https://www.scribd.com/document/955905163/Yahoo-YouGov-Politics-Poll-November-2025#content=query:election,pageNum:2,indexOnPage:0,bestMatch:false",11/28/2025,20:00:46 23 Aug 2026,8/23/2026,,,900905,907961,23aug2026
All polls,YouGov,Economist,11/21/2025,11/24/2025,1511, RV,0.1909047,0,,44,39,5,46.4762,40.71066,5.765541,https://d3nkl3psvxxpe9.cloudfront.net/documents/econTabReport_uZaQqtv.pdf,11/25/2025,20:00:46 23 Aug 2026,8/23/2026,,,900900,907942,23aug2026
All polls,McLaughlin & Associates,,11/17/2025,11/24/2025,1000, LV,0.3746423,0,,45,44,1,46.6701,42.27689,4.393211,https://mclaughlinonline.com/pols/wp-content/uploads/2025/11/National-November-Presentation-RELEASE-11-25-25-1.pdf,11/28/2025,20:00:46 23 Aug 2026,8/23/2026,,,90797,907971,23aug2026
All polls,Morning Consult,,11/17/2025,11/23/2025,19675, RV,0.112463,0,,43.7,42.11,1.59,45.75971,41.84505,3.914658,https://pro.morningconsult.com/trackers/2026-midterm-election-generic-ballot-polls,12/15/2025,20:00:46 23 Aug 2026,8/23/2026,,,90876,908751,23aug2026
All polls,Morning Consult,,11/21/2025,11/23/2025,2200, RV,0.0471044,0,,45,43,2,47.05971,42.73505,4.324661,https://pro.morningconsult.com/trackers/donald-trump-congress-policy-republicans-polling,11/25/2025,20:00:46 23 Aug 2026,8/23/2026,,,900898,907921,23aug2026
All polls,Rasmussen Reports,,11/18/2025,11/23/2025,2410, LV,1.250664,0,,45,42,3,46.12332,41.91012,4.213203,https://www.rasmussenreports.com/public_content/politics/mood_of_america/generic_congressional_ballot_dec03,12/3/2025,20:00:46 23 Aug 2026,8/23/2026,,REP,90801,908011,23aug2026
All polls,Morning Consult,,10/31/2025,11/2/2025,2202, RV,0.0456111,0,,45,42,3,47.05971,41.73505,5.324661,https://pro.morningconsult.com/trackers/donald-trump-congress-policy-republicans-polling,11/12/2025,20:00:46 23 Aug 2026,8/23/2026,,,900848,907671,23aug2026
All polls,Morning Consult,,10/27/2025,11/2/2025,22207, RV,0.114909,0,,43.25,42.9,0.3499985,45.30971,42.63506,2.674652,https://pro.morningconsult.com/trackers/2026-midterm-election-generic-ballot-polls,12/15/2025,20:00:46 23 Aug 2026,8/23/2026,,,90873,908721,23aug2026
All polls,The Winston Group,Winning the Issues,11/15/2025,11/17/2025,1000, RV,0.8928603,0,,47,42,5,47.17823,41.83356,5.344669,https://www.winningtheissues.org/2025/12/31/2025-winning-the-issues-research/,2/27/2026,20:00:46 23 Aug 2026,8/23/2026,,REP,901149,9011492,23aug2026
All polls,Echelon Insights,,11/13/2025,11/17/2025,1051, LV,0.9378861,0,,49,45,4,47.90072,42.611,5.289719,https://echelonin.wpenginepowered.com/wp-content/uploads/November-2025-Voter-Omnibus-Topline-External.pdf,11/18/2025,20:00:46 23 Aug 2026,8/23/2026,,,900880,907841,23aug2026
All polls,The Argument/Verasight,,11/10/2025,11/17/2025,1508, RV,0.6865417,0,,53,47,6,49.82811,43.75373,6.074379,https://www.theargumentmag.com/p/2026-is-looking-terrible-for-republicans#footnote-1-179372962,11/19/2025,20:00:46 23 Aug 2026,8/23/2026,,,900888,907881,23aug2026
All polls,Ipsos,Reuters,11/14/2025,11/17/2025,818, RV,0.2625837,0,,40,39,1,44.9931,42.43717,2.555931,https://www.reuters.com/data/which-party-do-americans-want-run-congress-2025-11-05/,12/15/2025,20:00:46 23 Aug 2026,8/23/2026,,,900883,908141,23aug2026
All polls,YouGov,Economist,11/15/2025,11/17/2025,1382, RV,0.1835257,0,,43,40,3,45.4762,41.71066,3.765541,https://d3nkl3psvxxpe9.cloudfront.net/documents/econTabReport_Hb6uOe2.pdf,11/18/2025,20:00:46 23 Aug 2026,8/23/2026,,,900879,907832,23aug2026
All polls,Morning Consult,,11/14/2025,11/16/2025,2201, RV,0.0463744,0,,46,44,2,48.05971,43.73505,4.324661,https://pro.morningconsult.com/trackers/donald-trump-congress-policy-republicans-polling,11/17/2025,20:00:46 23 Aug 2026,8/23/2026,,,900877,907821,23aug2026
All polls,Morning Consult,,11/10/2025,11/16/2025,21313, RV,0.1144317,0,,43.93,42.52,1.41,45.98971,42.25505,3.734661,https://pro.morningconsult.com/trackers/2026-midterm-election-generic-ballot-polls,12/15/2025,20:00:46 23 Aug 2026,8/23/2026,,,90875,908741,23aug2026
All polls,Verasight,Strength in Numbers,11/12/2025,11/14/2025,860, LV,0.5305996,0,,49,45,4,47.17109,45.08194,2.089149,https://www.gelliottmorris.com/p/new-poll-democrats-lead-the-2026,11/18/2025,20:00:46 23 Aug 2026,8/23/2026,,,900881,907853,23aug2026
All polls,High Point University Survey Research Center,,11/10/2025,11/14/2025,837, RV,0.8533396,0,,48,39,9,47.76994,39.75948,8.01046,https://www.highpoint.edu/src/files/2023/08/HPUPoll-115-and-116-Registered-Voters.pdf,12/15/2025,20:00:46 23 Aug 2026,8/23/2026,,,900901,908101,23aug2026
All polls,Marist University,NPR | PBS News,11/10/2025,11/13/2025,1291, RV,1.208359,0,,55,41,14,52.44139,40.92243,11.51896,https://maristpoll.marist.edu/polls/a-look-to-the-2026-midterms-november-2025/,11/19/2025,20:00:46 23 Aug 2026,8/23/2026,,,900884,907861,23aug2026
All polls,Ipsos,Reuters,11/7/2025,11/12/2025,938, RV,0.2738039,0,,38,36,2,42.9931,39.43717,3.555931,https://www.reuters.com/data/which-party-do-americans-want-run-congress-2025-11-05/,12/15/2025,20:00:46 23 Aug 2026,8/23/2026,,,900870,908151,23aug2026
All polls,Marquette University Law School,,11/5/2025,11/12/2025,602, LV,1.258381,0,,53,44,9,50.72601,42.33869,8.387318,https://law.marquette.edu/poll/2025/11/18/detailed-results-of-the-marquette-law-school-supreme-court-poll-nov-5-12-2025-national-issues/,11/19/2025,20:00:46 23 Aug 2026,8/23/2026,,,900885,907873,23aug2026
All polls,Yale University Institution for Social and Policy Studies,,10/29/2025,11/11/2025,3426, RV,1.031361,0,,45,43,2,45.96371,42.98754,2.97617,https://youthpoll.yale.edu/fall-2025-results,12/15/2025,20:00:46 23 Aug 2026,8/23/2026,,,900924,908091,23aug2026
All polls,YouGov Blue,,11/7/2025,11/10/2025,517, RV,0.6907277,0,,48,45,3,47.79087,44.51085,3.280022,https://www.the-downballot.com/p/new-poll-shows-democrats-best-path,11/13/2025,20:00:46 23 Aug 2026,8/23/2026,,,90776,907761,23aug2026
All polls,YouGov,The Economist,11/7/2025,11/10/2025,1499, RV,0.1879188,0,,46,39,7,48.4762,40.71066,7.765541,https://d3nkl3psvxxpe9.cloudfront.net/documents/econTabReport_EAdEA3C.pdf,11/12/2025,20:00:46 23 Aug 2026,8/23/2026,,,90771,907712,23aug2026
All polls,Change Research,,11/6/2025,11/10/2025,1572, RV,0.489607,0,,47,43,4,48.46818,43.59624,4.871941,https://portal.changeresearch.com/portal/projects/f8ad986a-d2e5-4fb6-a21f-63b6b92c2998,5/5/2026,20:00:46 23 Aug 2026,8/23/2026,,,901424,9014242,23aug2026
All polls,Survey160,,11/6/2025,11/10/2025,1513, RV,0.8171551,0,,46,39,7,46.21024,41.14791,5.062328,https://www.survey160.com/methodological-research-blog/survey-160-tracking-poll-november-2025-update,12/5/2025,20:00:46 23 Aug 2026,8/23/2026,,,900920,908051,23aug2026
All polls,Cygnal,,10/7/2025,10/8/2025,1500, LV,1.223237,0,,47.5,45.3,2.200001,46.58543,43.53922,3.046211,https://www.cygn.al/poll-42-of-liberals-approve-of-law-breaking-in-response-to-disagreeing-with-a-government-action/,11/12/2025,20:00:46 23 Aug 2026,8/23/2026,,,90748,907481,23aug2026
All polls,Ipsos,Reuters,10/3/2025,10/7/2025,864, RV,0.2843603,0,,41,38,3,45.9931,41.43717,4.555931,https://www.reuters.com/data/which-party-do-americans-want-run-congress-2025-11-05/,12/15/2025,20:00:46 23 Aug 2026,8/23/2026,,,900784,908181,23aug2026
All polls,Noble Predictive Insights,Center Square,10/2/2025,10/6/2025,2565, RV,1.454739,0,,45,43,2,45.90398,43.00034,2.903641,https://www.thecentersquare.com/image_f6c02a7b-df0a-426c-b38e-7825e2b1cec6.html,11/13/2025,20:00:46 23 Aug 2026,8/23/2026,,,900793,907731,23aug2026
All polls,Change Research,,9/28/2025,10/6/2025,1596, RV,0.506948,0,,46,42,4,47.46818,42.59624,4.871941,https://portal.changeresearch.com/portal/projects/0326caf4-1de0-4774-8b12-23385ba6d752,5/5/2026,20:00:46 23 Aug 2026,8/23/2026,,,901423,9014232,23aug2026
All polls,YouGov,The Economist,10/4/2025,10/6/2025,1490, RV,0.1848564,0,,44,39,5,46.4762,40.71066,5.765541,https://today.yougov.com/politics/articles/53131-government-shutdown-2026-congressional-election-donald-trump-job-approval-the-economy-october-4-6-2025-economist-yougov-poll,10/6/2025,20:00:46 23 Aug 2026,8/23/2026,,,90747,223055,23aug2026
All polls,Morning Consult,,9/29/2025,10/5/2025,21493, RV,0.1180328,0,,43.89,43.29,0.5999985,45.94971,43.02505,2.92466,https://pro.morningconsult.com/trackers/2026-midterm-election-generic-ballot-polls,12/15/2025,20:00:46 23 Aug 2026,8/23/2026,,,90869,908681,23aug2026
All polls,Morning Consult,,10/3/2025,10/5/2025,2200, RV,0.0471801,0,,46,43,3,48.05971,42.73505,5.324661,https://pro.morningconsult.com/analysis/government-shutdown-polling-october-2025,10/5/2025,20:00:46 23 Aug 2026,8/23/2026,,,900777,223046,23aug2026
All polls,CNN/SSRS,,10/27/2025,10/30/2025,954, RV,0.634336,0,,47,42,5,46.82993,41.80354,5.02639,https://s3.documentcloud.org/documents/26211915/cnn-poll-trump-midterms-east-wing-parties.pdf,11/13/2025,20:00:46 23 Aug 2026,8/23/2026,,,900846,907751,23aug2026
All polls,RMG Research,Napolitan Institute,10/27/2025,10/30/2025,2000, RV,0.6892818,0,,42,43,-1,42.60712,40.61937,1.987751,https://napolitannews.org/posts/generic-ballot-gop-43-percent-dem-42,11/12/2025,20:00:46 23 Aug 2026,8/23/2026,,,90766,907661,23aug2026
All polls,NewsNation,,10/27/2025,10/29/2025,1158, LV,1.02405,0,,47,47,0,47.0506,46.70476,0.3458366,https://www.newsnationnow.com/polls/full-poll-results-newsnation-national-survey-trump/,11/12/2025,20:00:46 23 Aug 2026,8/23/2026,,,900843,907642,23aug2026
All polls,Verasight,Strength In Numbers,10/24/2025,10/29/2025,1352, RV,0.5022969,0,,49,41,8,47.17109,41.08194,6.089149,https://www.gelliottmorris.com/p/new-poll-voters-want-democrats-to,11/12/2025,20:00:46 23 Aug 2026,8/23/2026,,,90765,9076511,23aug2026
All polls,Ipsos,The Washington Post | ABC News,10/24/2025,10/28/2025,2203, RV,0.3755651,0,,46,44,2,50.9931,47.43717,3.555931,https://www.washingtonpost.com/documents/1d305cca-df33-44a8-ba8d-c98790a67f99.pdf?itid=lk_inline_manual_4,11/12/2025,20:00:46 23 Aug 2026,8/23/2026,,,900842,907632,23aug2026
All polls,Hart Research Associates/Public Opinion Strategies,NBC News,10/24/2025,10/28/2025,1000, RV,0.9381177,0,,50,42,8,48.68093,40.41645,8.264481,https://pos.org/wp-content/uploads/2025/11/NBC-News-October-2025-Poll-11-02-2025-Release.pdf,11/22/2025,20:00:46 23 Aug 2026,8/23/2026,,,900841,907911,23aug2026
All polls,YouGov,The Economist,10/24/2025,10/27/2025,1472, RV,0.1827361,0,,43,40,3,45.4762,41.71066,3.765541,https://d3nkl3psvxxpe9.cloudfront.net/documents/econTabReport_0AkNOQp.pdf,11/12/2025,20:00:46 23 Aug 2026,8/23/2026,,,90762,907622,23aug2026
All polls,YouGov,Yahoo News,10/23/2025,10/27/2025,1197, RV,0.1681205,0,,45,40,5,47.4762,41.71066,5.765541,https://www.scribd.com/document/940273112/Yahoo-YouGov-Shutdown-Poll-October-2025,11/12/2025,20:00:46 23 Aug 2026,8/23/2026,,,900830,907612,23aug2026
All polls,McLaughlin & Associates,,10/21/2025,10/27/2025,1000, RV,0.3166469,0,,44,46,-2,45.6701,44.27689,1.393211,https://mclaughlinonline.com/pols/wp-content/uploads/2025/10/National-October-Presentation-RELEASE.pdf,11/12/2025,20:00:46 23 Aug 2026,8/23/2026,,,90760,907601,23aug2026
All polls,The Winston Group,Winning the Issues,10/15/2025,10/26/2025,1000, RV,0.8905156,0,,47,43,4,47.17823,42.83356,4.344669,https://www.winningtheissues.org/2025/12/31/2025-winning-the-issues-research/,2/27/2026,20:00:46 23 Aug 2026,8/23/2026,,REP,901148,9011482,23aug2026
All polls,Morning Consult,,10/20/2025,10/26/2025,21290, RV,0.1135442,0,,43.71,41.77,1.939999,45.76971,41.50505,4.26466,https://pro.morningconsult.com/trackers/2026-midterm-election-generic-ballot-polls,12/15/2025,20:00:46 23 Aug 2026,8/23/2026,,,90872,908711,23aug2026
All polls,Ipsos,Reuters,10/24/2025,10/26/2025,805, RV,0.249689,0,,41,40,1,45.9931,43.43717,2.555931,https://www.reuters.com/data/which-party-do-americans-want-run-congress-2025-11-05/,12/15/2025,20:00:46 23 Aug 2026,8/23/2026,,,900831,908161,23aug2026
All polls,Manhattan Institute,,10/15/2025,10/26/2025,500, RV,0.6818506,0,,47,44,3,47.17432,43.53786,3.636459,https://manhattan.institute/article/the-new-gop-survey-analysis-of-americans-overall-todays-republican-coalition-and-the-minorities-of-maga,12/4/2025,20:00:46 23 Aug 2026,8/23/2026,,,90803,908031,23aug2026
All polls,Morning Consult,,10/24/2025,10/26/2025,2202, RV,0.0457987,0,,45,42,3,47.05971,41.73505,5.324661,https://pro.morningconsult.com/trackers/donald-trump-congress-policy-republicans-polling,11/12/2025,20:00:46 23 Aug 2026,8/23/2026,,,900826,907591,23aug2026
All polls,Clarity Campaign Labs,,10/16/2025,10/23/2025,1047, RV,0.7168939,0,,47,46,1,45.60937,45.07437,0.5349998,https://www.claritycampaigns.com/clarity-omnibus-oct-2025,11/12/2025,20:00:46 23 Aug 2026,8/23/2026,,,900836,907581,23aug2026
All polls,Ipsos,Reuters,10/15/2025,10/20/2025,3439, RV,0.4612963,0,,39,39,0,43.9931,42.43717,1.555931,https://www.reuters.com/data/which-party-do-americans-want-run-congress-2025-11-05/,12/15/2025,20:00:46 23 Aug 2026,8/23/2026,,,900812,908171,23aug2026
All polls,Quinnipiac University,,10/16/2025,10/20/2025,1327, RV,1.088786,0,,50,41,9,49.11709,41.59116,7.525928,https://poll.qu.edu/poll-release?releaseid=3938,11/22/2025,20:00:46 23 Aug 2026,8/23/2026,,,900817,907891,23aug2026
All polls,YouGov,University of Massachusetts Lowell,10/16/2025,10/20/2025,1000, A,0.1274014,0,,38,35,3,40.4762,36.71066,3.765541,https://www.uml.edu/docs/2025-National-Oct-Highlights_tcm18-411272.pdf,11/12/2025,20:00:46 23 Aug 2026,8/23/2026,,,900834,907551,23aug2026
All polls,Echelon Insights,,10/16/2025,10/20/2025,1010, LV,0.8942636,0,,47,46,1,45.90072,43.611,2.289719,https://echeloninsights.com/in-the-news/october-2025-verified-voter-omnibus-2/,11/12/2025,20:00:46 23 Aug 2026,8/23/2026,,,900810,907561,23aug2026
All polls,YouGov,The Economist,10/17/2025,10/20/2025,1447, RV,0.1808608,0,,45,40,5,47.4762,41.71066,5.765541,https://d3nkl3psvxxpe9.cloudfront.net/documents/econTabReport_yAo1neA.pdf,11/12/2025,20:00:46 23 Aug 2026,8/23/2026,,,90757,907572,23aug2026
All polls,Morning Consult,,10/17/2025,10/19/2025,2200, RV,0.0460138,0,,46,43,3,48.05971,42.73505,5.324661,https://pro.morningconsult.com/trackers/donald-trump-congress-policy-republicans-polling,11/12/2025,20:00:46 23 Aug 2026,8/23/2026,,,900806,907541,23aug2026
All polls,Morning Consult,,10/13/2025,10/19/2025,21829, RV,0.1152657,0,,44.49,42.4,2.09,46.54971,42.13506,4.41465,https://pro.morningconsult.com/trackers/2026-midterm-election-generic-ballot-polls,12/15/2025,20:00:46 23 Aug 2026,8/23/2026,,,90871,908701,23aug2026
All polls,The Argument/Verasight,,10/10/2025,10/16/2025,1530, RV,0.7132258,0,,44,43,1,40.82811,39.75373,1.074379,https://www.theargumentmag.com/p/the-immigration-problem-is-a-crime,11/12/2025,20:00:46 23 Aug 2026,8/23/2026,,,90753,907531,23aug2026
All polls,J.L. Partners,DailyMail.com,10/14/2025,10/15/2025,1005, RV,0.8367792,0,,43,37,6,43.08068,38.13288,4.9478,https://jlpartners.com/trump-tracker-october-2025,11/12/2025,20:00:46 23 Aug 2026,8/23/2026,,,90752,907521,23aug2026
All polls,Emerson College,,10/13/2025,10/14/2025,1000, RV,0.9134874,0,,43.9,42.5,1.400002,43.82847,43.1647,0.6637688,https://emersoncollegepolling.com/october-2025-poll/,11/12/2025,20:00:46 23 Aug 2026,8/23/2026,,,900800,907511,23aug2026
All polls,YouGov,The Economist,10/10/2025,10/13/2025,1466, RV,0.1825656,0,,43,40,3,45.4762,41.71066,3.765541,https://d3nkl3psvxxpe9.cloudfront.net/documents/econTabReport_GAAzhe0.pdf,11/12/2025,20:00:46 23 Aug 2026,8/23/2026,,,90750,907502,23aug2026
All polls,Morning Consult,,10/6/2025,10/12/2025,21246, RV,0.1148738,0,,44.39,42.71,1.68,46.44971,42.44505,4.004662,https://pro.morningconsult.com/trackers/2026-midterm-election-generic-ballot-polls,12/15/2025,20:00:46 23 Aug 2026,8/23/2026,,,90870,908691,23aug2026
All polls,Morning Consult,,10/10/2025,10/12/2025,2202, RV,0.0463439,0,,46,43,3,48.05971,42.73505,5.324661,https://pro.morningconsult.com/trackers/donald-trump-congress-policy-republicans-polling,11/12/2025,20:00:46 23 Aug 2026,8/23/2026,,,900790,907491,23aug2026
All polls,Hart Research Associates/Public Opinion Strategies,CNBC,10/8/2025,10/12/2025,800, RV,0.8672947,0,,48,47,1,46.68093,45.41645,1.264481,https://fm.cnbc.com/applications/cnbc.com/resources/editorialfiles/2025/10/17/CNBC_All-America_Economic_Survey_Q3_2025.pdf,11/22/2025,20:00:46 23 Aug 2026,8/23/2026,,,900802,907901,23aug2026
All polls,RMG Research,Napolitan News Service,1/5/2026,1/8/2026,2000, RV,0.6722823,0,,47,46,1,47.60712,43.61937,3.987751,https://napolitannews.org/posts/generic-ballot-gop-43-percent-dem-44,1/12/2026,20:00:46 23 Aug 2026,8/23/2026,,,901006,9010061,23aug2026
All polls,Cygnal,,1/7/2026,1/8/2026,1500, LV,1.095173,0,,48.2,44.6,3.600002,47.28543,42.83922,4.446213,https://www.cygn.al/polls/january-2026-national-voter-trends-nvt-poll/,1/15/2026,20:00:46 23 Aug 2026,8/23/2026,,,901019,9010192,23aug2026
All polls,YouGov,Economist,1/2/2026,1/5/2026,1389, RV,0.1850905,0,,45,39,6,47.4762,40.71066,6.765541,https://d3nkl3psvxxpe9.cloudfront.net/documents/econTabReport_aY8mpiN.pdf,1/6/2026,20:00:46 23 Aug 2026,8/23/2026,,,900996,9009964,23aug2026
All polls,Morning Consult,,1/2/2026,1/4/2026,2201, RV,0.050353,0,,45,42,3,47.05971,41.73505,5.324661,https://pro.morningconsult.com/trackers/donald-trump-congress-policy-republicans-polling,1/6/2026,20:00:46 23 Aug 2026,8/23/2026,,,900995,9009952,23aug2026
All polls,Morning Consult,,12/29/2025,1/4/2026,22709, A,0.1075335,0,,44,42,2,46.05971,41.73505,4.324661,https://pro.morningconsult.com/trackers/2026-midterm-election-generic-ballot-polls,1/5/2026,20:00:46 23 Aug 2026,8/23/2026,,,900993,9009931,23aug2026
All polls,Public Policy Polling,,1/29/2026,1/30/2026,652, RV,0.7478946,0,,48,41,7,47.56454,41.24645,6.318092,https://e1.nmcdn.io/assets/ppp/wp-content/uploads/2026/01/January2026NationalSurvey.pdf,2/1/2026,20:00:46 23 Aug 2026,8/23/2026,,,901066,9010662,23aug2026
All polls,TIPP Insights,Issues & Insights,1/27/2026,1/29/2026,1126, RV,1.191634,0,,45,42,3,46.00811,41.86009,4.148022,https://issuesinsights.com/2026/02/16/who-leads-in-2028-presidential-race-and-in-2026-midterm-elections-ii-tipp-poll/,2/16/2026,20:00:46 23 Aug 2026,8/23/2026,,,901111,9011111,23aug2026
All polls,HarrisX,Harvard CAPS,1/28/2026,1/29/2026,1508, LV,0.6952086,0,,49.5,46,3.5,48.17695,42.34301,5.833939,https://harvardharrispoll.com/key-results-january-6/,2/2/2026,20:00:46 23 Aug 2026,8/23/2026,*,,901071,9010715,23aug2026
All polls,Cygnal,,1/27/2026,1/28/2026,1004, LV,0.8921397,0,,48,44,4,47.08543,42.23922,4.84621,https://www.cygn.al/wp-content/uploads/2026/02/Cygnal-Deportation-Poll-Data.pdf,2/2/2026,20:00:46 23 Aug 2026,8/23/2026,,,901070,9010701,23aug2026
All polls,Marquette University Law School,,1/21/2026,1/28/2026,577, LV,1.209028,0,,52,45,7,49.72601,43.33869,6.387318,https://law.marquette.edu/poll/2026/02/04/detailed-results-of-the-marquette-law-school-supreme-court-poll-jan-21-28-2025-national-issues/,2/4/2026,20:00:46 23 Aug 2026,8/23/2026,,,901078,9010785,23aug2026
All polls,The Argument/Verasight,,1/26/2026,1/27/2026,1515, RV,0.6625282,0,,52,48,4,48.82811,44.75373,4.074379,https://www.theargumentmag.com/p/immigration-is-turning-into-a-disaster,1/29/2026,20:00:46 23 Aug 2026,8/23/2026,,,901061,9010612,23aug2026
All polls,McLaughlin & Associates,,1/21/2026,1/27/2026,1000, LV,0.3896137,0,,46,44,2,47.6701,42.27689,5.393211,https://mclaughlinonline.com/pols/wp-content/uploads/2026/02/National-January-2026-Presentation-RELEASE-1-1.pdf,2/4/2026,20:00:46 23 Aug 2026,8/23/2026,,,901081,9010811,23aug2026
All polls,McLaughlin & Associates,,1/22/2025,1/27/2025,1000, LV,0.2878084,0,,40,48,-8,41.6701,46.27689,-4.606789,https://mclaughlinonline.com/pols/wp-content/uploads/2025/01/National-January-Presentation-RELEASE-01-28-25.pdf,1/27/2025,20:00:46 23 Aug 2026,8/23/2026,,,89530,217902,23aug2026
All polls,Echelon Insights,,1/22/2026,1/26/2026,1029, LV,0.9369453,0,,49,44,5,47.90072,41.611,6.289719,https://echelonin.wpenginepowered.com/wp-content/uploads/January-2026-Voter-Omnibus-Topline.pdf,1/26/2026,20:00:46 23 Aug 2026,8/23/2026,,,901048,9010482,23aug2026
All polls,Beacon Research/Shaw & Company Research,FOX News,1/23/2026,1/26/2026,1005, RV,1.134222,0,,52,46,6,50.01369,44.60419,5.4095,https://www.foxnews.com/politics/fox-news-poll-early-look-2026-midterms,1/29/2026,20:00:46 23 Aug 2026,8/23/2026,,,901058,9010582,23aug2026
All polls,Focaldata,,1/23/2026,1/26/2026,1709, LV,0.7486621,0,,50,45,5,49.37204,44.56876,4.80328,https://www.focaldata.com/blog/cost-of-living-fuelling-democrat-strength-in-new-midterms-polling,2/16/2026,20:00:46 23 Aug 2026,8/23/2026,,,901105,9011056,23aug2026
All polls,YouGov,Economist,1/23/2026,1/26/2026,1520, RV,0.1842941,0,,43,38,5,45.4762,39.71066,5.765541,https://d3nkl3psvxxpe9.cloudfront.net/documents/econTabReport_8FWGyNz.pdf,1/27/2026,20:00:46 23 Aug 2026,8/23/2026,,,901051,9010514,23aug2026
All polls,Morning Consult,,1/20/2025,1/26/2025,33299, RV,0.2900463,0,,41.86,44.78,-2.919998,43.91971,44.51505,-0.5953407,https://pro.morningconsult.com/trackers/2026-midterm-election-generic-ballot-polls,12/15/2025,20:00:46 23 Aug 2026,8/23/2026,,,90833,908321,23aug2026
All polls,Ipsos,Reuters,1/24/2025,1/26/2025,902, RV,0.6029822,0,,35,37,-2,39.9931,40.43717,-0.4440689,https://www.reuters.com/data/which-party-do-americans-want-run-congress-2025-11-05/,12/15/2025,20:00:46 23 Aug 2026,8/23/2026,,,89522,908291,23aug2026
All polls,Morning Consult,,1/19/2026,1/25/2026,24675, RV,0.1290365,0,,44,43,1,46.05971,42.73505,3.324661,https://pro.morningconsult.com/trackers/2026-midterm-election-generic-ballot-polls,1/28/2026,20:00:46 23 Aug 2026,8/23/2026,,,901059,9010591,23aug2026
All polls,Morning Consult,,1/23/2026,1/25/2026,2201, RV,0.0490225,0,,45,43,2,47.05971,42.73505,4.324661,https://pro.morningconsult.com/trackers/donald-trump-congress-policy-republicans-polling,1/27/2026,20:00:46 23 Aug 2026,8/23/2026,,,901053,9010532,23aug2026
All polls,Ipsos,Reuters,1/23/2026,1/25/2026,1139, A,0.2794003,0,,41,37,4,45.9931,40.43717,5.555931,https://www.reuters.com/data/trumps-approval-rating-2025-01-21/,1/26/2026,20:00:46 23 Aug 2026,8/23/2026,,,901049,9010492,23aug2026
All polls,Clarity Campaign Labs,,1/15/2026,1/22/2026,1147, LV,0.9311304,0,,51,42,9,49.60937,41.07437,8.535,https://www.claritycampaigns.com/clarity-omnibus-jan-2026,1/28/2026,20:00:46 23 Aug 2026,8/23/2026,,,901057,9010572,23aug2026
All polls,KFF,,1/13/2026,1/20/2026,1141, RV,1.01866,0,,49,42,7,49.62575,43.43905,6.186703,https://www.kff.org/public-opinion/kff-health-tracking-poll-health-care-costs-expiring-aca-tax-credits-and-the-2026-midterms/,1/29/2026,20:00:46 23 Aug 2026,8/23/2026,,,901062,9010621,23aug2026
All polls,Verasight,Strength in Numbers,1/14/2026,1/20/2026,1057, LV,0.5884699,0,,55,42,13,53.17109,42.08194,11.08915,https://www.gelliottmorris.com/p/new-poll-trump-slips-on-immigration,1/21/2026,20:00:46 23 Aug 2026,8/23/2026,,,901037,9010375,23aug2026
All polls,YouGov,Economist,1/16/2026,1/19/2026,1549, RV,0.188498,0,,43,39,4,45.4762,40.71066,4.765541,https://d3nkl3psvxxpe9.cloudfront.net/documents/econTabReport_z9wtNZI.pdf,1/20/2026,20:00:46 23 Aug 2026,8/23/2026,,,901032,9010324,23aug2026
All polls,Change Research,,1/13/2026,1/19/2026,1348, RV,0.4434077,0,,46,43,3,47.46818,43.59624,3.871941,https://portal.changeresearch.com/portal/projects/45449a2d-6c0e-412f-a3e1-a053b39f12b0,5/5/2026,20:00:46 23 Aug 2026,8/23/2026,,,901426,9014262,23aug2026
All polls,Emerson College,,1/17/2026,1/19/2026,1000, LV,1.054693,0,,48.1,41.7,6.399998,48.02847,42.3647,5.663769,https://emersoncollegepolling.com/january-2026-national-poll/,1/22/2026,20:00:46 23 Aug 2026,8/23/2026,,,901039,9010392,23aug2026
All polls,Morning Consult,,1/16/2026,1/18/2026,2201, RV,0.0494792,0,,45,43,2,47.05971,42.73505,4.324661,https://pro.morningconsult.com/trackers/donald-trump-congress-policy-republicans-polling,1/20/2026,20:00:46 23 Aug 2026,8/23/2026,,,901029,9010292,23aug2026
All polls,Morning Consult,,1/12/2026,1/18/2026,12505, RV,0.0992815,0,,45,43,2,47.05971,42.73505,4.324661,https://pro.morningconsult.com/trackers/2026-midterm-election-generic-ballot-polls,1/19/2026,20:00:46 23 Aug 2026,8/23/2026,,,901030,9010301,23aug2026
All polls,The New York Times/Siena College,,1/12/2026,1/17/2026,1625, RV,1.442314,0,,48,43,5,47.42578,42.8621,4.563683,https://www.nytimes.com/interactive/2026/01/22/polls/times-siena-national-poll-toplines.html,1/22/2026,20:00:46 23 Aug 2026,8/23/2026,,,901038,9010382,23aug2026
All polls,RMG Research,Napolitan Institute,1/15/2025,1/16/2025,1000, RV,0.7688288,0,,44,51,-7,44.60712,48.61937,-4.012249,https://napolitannews.org/posts/generic-ballot-gop-51-percent-dem-44,1/16/2025,20:00:46 23 Aug 2026,8/23/2026,,,89497,217652,23aug2026
All polls,Research Co.,,1/13/2026,1/15/2026,1002, A,0.8673273,0,,42,36,6,44.49517,38.40617,6.089001,https://researchco.ca/2026/01/26/amendment/,1/26/2026,20:00:46 23 Aug 2026,8/23/2026,,,901047,9010472,23aug2026
All polls,Rasmussen Reports,,1/7/2026,1/14/2026,2273, LV,1.16437,0,,47,41,6,48.12332,40.91012,7.213203,https://www.rasmussenreports.com/public_content/archive/mood_of_america_archive/generic_congressional_ballot/democrats_increase_advantage_in_midterm_forecast,1/19/2026,20:00:46 23 Aug 2026,8/23/2026,,REP,901028,901028,23aug2026
All polls,Public Policy Polling,Progress Action Fund (hybrid PAC),1/13/2026,1/14/2026,597, RV,0.7154305,0,,50,42,8,49.00298,42.80801,6.194969,https://drive.google.com/file/d/1iHoieThBdqtE4vH3gDLGzOI334wGWU6_/view,2/3/2026,20:00:46 23 Aug 2026,8/23/2026,,DEM,901074,9010742,23aug2026
All polls,Impact Research/National Research ,Wall Street Journal,1/8/2026,1/13/2026,1500, RV,0.9126564,0,,47,43,4,47.09706,43.174,3.923061,https://www.wsj.com/politics/elections/trump-approval-rating-economy-poll-b3a62e57,1/17/2026,20:00:46 23 Aug 2026,8/23/2026,,,901024,9010242,23aug2026
All polls,Ipsos,Reuters,1/12/2026,1/13/2026,941, RV,0.3207052,0,,40,38,2,44.9931,41.43717,3.555931,https://www.reuters.com/data/which-party-do-americans-want-run-congress-2025-11-05/,1/14/2026,20:00:46 23 Aug 2026,8/23/2026,,,901016,9010163,23aug2026
All polls,YouGov,Yahoo News,1/8/2026,1/12/2026,1149, RV,0.169022,0,,45,40,5,47.4762,41.71066,5.765541,https://www.yahoo.com/news/world/article/poll-most-americans-dont-want-the-us-to-be-in-charge-of-venezuela-154611401.html?guccounter=1&guce_referrer=aHR0cHM6Ly9maWZ0eXBsdXNvbmUubmV3cy8&guce_referrer_sig=AQAAADuswAe9tXhPxz19FPFnpXDmszH_5A1WoB4vOY-7U0IjGPU3fLrwbmCyUwF8ynb_I9N0n4Rc39un9yZA5xjnYbwG42YEmutuZQ25dTi16lYuweaJ1AIGD79NFwnTA60flTfUA5IlNW9zxaBJiRd0rgTmTKbyUDqhKc0Wx3s0etNG,1/15/2026,20:00:46 23 Aug 2026,8/23/2026,,,901012,9010123,23aug2026
All polls,Morning Consult,,1/9/2026,1/12/2026,2201, RV,0.04991,0,,46,43,3,48.05971,42.73505,5.324661,https://pro.morningconsult.com/trackers/donald-trump-congress-policy-republicans-polling,1/12/2026,20:00:46 23 Aug 2026,8/23/2026,,,901007,9010072,23aug2026
All polls,The Winston Group,Winning the Issues,1/8/2026,1/12/2026,1000, RV,0.9613449,0,,46,43,3,46.17823,42.83356,3.344669,https://www.winningtheissues.org/2026/01/27/2026-winning-the-issues-research/,2/27/2026,20:00:46 23 Aug 2026,8/23/2026,,REP,901150,9011502,23aug2026
All polls,YouGov,Economist,1/9/2026,1/12/2026,1437, RV,0.1844967,0,,44,40,4,46.4762,41.71066,4.765541,https://d3nkl3psvxxpe9.cloudfront.net/documents/econTabReport_qsNv5iE.pdf,1/13/2026,20:00:46 23 Aug 2026,8/23/2026,,,901009,9010094,23aug2026
All polls,CNN/SSRS,,1/9/2026,1/12/2026,968, RV,0.6471591,0,,46,41,5,45.82993,40.80354,5.02639,https://www.cnn.com/2026/01/18/politics/cnn-poll-democrats-are-deeply-motivated-for-the-midterms-despite-having-dismal-views-of-party-leaders,1/18/2026,20:00:46 23 Aug 2026,8/23/2026,,,901022,9010223,23aug2026
All polls,Cygnal,,1/9/2025,1/12/2025,1500, LV,1.266514,0,,44.6,46.8,-2.200001,43.68542,45.03922,-1.353798,https://www.cygn.al/voters-back-kingmaker-trumps-policies-on-economy-energy-and-health/,1/12/2025,20:00:46 23 Aug 2026,8/23/2026,,,89491,217594,23aug2026
All polls,Morning Consult,,1/5/2026,1/11/2026,17701, RV,0.1150352,0,,45,43,2,47.05971,42.73505,4.324661,https://pro.morningconsult.com/trackers/2026-midterm-election-generic-ballot-polls,1/13/2026,20:00:46 23 Aug 2026,8/23/2026,,,901010,9010101,23aug2026
All polls,The Bullfinch Group,Independent Center,12/30/2025,1/1/2026,1000, RV,0.5845166,0,,44,33,11,46.57444,36.70582,9.868622,https://independentcentervoice.com/insights/2026-tune-in-as-america-approaches-its-250th-voters-declare-the-status-quo-broken-and-demand-new-options,1/2/2026,20:00:46 23 Aug 2026,8/23/2026,,,900988,9009884,23aug2026